Gruppo,DataOraIncidente,Localizzazione1,Localizzazione2,Strada02,NaturaIncidente,TipoStrada,FondoStradale,Pavimentazione,Segnaletica,CondizioneAtmosferica,Traffico,Visibilita,Illuminazione,NUM_FERITI,NUM_RISERVATA,NUM_MORTI,NUM_ILLESI,DaSpecificare,Chilometrica
2,01/06/2014 02.55.00,Strada Urbana,da specificare,NA,Ribaltamento senza urto contro ostacolo fisso,Due carreggiate,Bagnato (umidità in atto),Asfaltata,Verticale ed orizzontale,Nuvoloso,Scarso,Buona,Sufficiente,0,0,0,1,"S.S. 3 Flaminia km 3,3 dir. Prima Porta",NA
19,01/06/2014 04.40.00,Provinciale,in prossimità,della chilometrica ,Fuoriuscita dalla sede stradale,Una carreggiata a doppio senso,Bagnato (umidità in atto),Asfaltata,Orizzontale,Nuvoloso,Scarso,Insufficiente,Inesistente,0,0,0,1,NA,"10,700"
12,01/06/2014 05.00.00,Regionale,da specificare,NA,Fuoriuscita dalla sede stradale,Una carreggiata a senso unico di marcia,Bagnato (umidità in atto),Asfaltata,Verticale ed orizzontale,Sereno,Scarso,Buona,Inesistente,0,0,0,0,"dir. Pomezia, prossimità Km 19,200",NA
10,01/06/2014 05.00.00,Strada Urbana,in prossimità,del civico n. ,Scontro frontale/laterale SX fra veicoli in marcia,Una carreggiata a senso unico di marcia,Bagnato (umidità in atto),Asfaltata,Verticale ed orizzontale,Sereno,Scarso,Buona,Sufficiente,1,0,0,1,NA,1267
8,01/06/2014 07.00.00,Strada Urbana,in corrispondenza,del civico n. ,Veicolo in marcia contro veicolo in sosta,Una carreggiata a senso unico di marcia,Bagnato (brina),Asfaltata,Verticale ed orizzontale,Sereno,Scarso,Buona,Ore Diurne,0,0,0,1,NA,217
8,01/06/2014 07.00.00,Strada Urbana,all'intersezione con,VIA POLENSE,Veicolo in marcia contro ostacolo accidentale,Una carreggiata a doppio senso,Bagnato (brina),Strada pavimentata dissestata,Verticale,Sereno,Normale,Sufficiente,Ore Diurne,0,0,0,1,NA,NA
8,01/06/2014 08.20.00,Strada Urbana,in prossimità,del civico n.,Investimento di pedone,Una carreggiata a doppio senso,Asciutto,Asfaltata,Verticale ed orizzontale,Sereno,Normale,Buona,Ore Diurne,1,0,0,1,NA,1822
9,01/06/2014 08.40.00,Strada Urbana,da specificare,NA,Scontro laterale fra veicoli in marcia,Due carreggiate,Bagnato (pioggia),Asfaltata,Orizzontale,Sereno,Scarso,Buona,Ore Diurne,1,0,0,0,"altezza ristorante ""Il Montarozzo""",NA
8,01/06/2014 09.45.00,Strada Urbana,all'intersezione con,VIA MANDANICI,Scontro frontale/laterale SX fra veicoli in marcia,Una carreggiata a doppio senso,Asciutto,Asfaltata,Verticale ed orizzontale,Sereno,Scarso,Buona,Ore Diurne,0,0,0,2,NA,NA
15,01/06/2014 10.05.00,Strada Urbana,in prossimità,del civico n. ,Veicolo in marcia contro veicoli in sosta,Una carreggiata a senso unico di marcia,Bagnato (umidità in atto),Asfaltata,Verticale ed orizzontale,Sereno,Scarso,Buona,Ore Diurne,0,0,0,0,NA,95
4,01/06/2014 10.30.00,Strada Urbana,in corrispondenza,del civico n. ,Veicolo in marcia contro ostacolo accidentale,Una carreggiata a senso unico di marcia,Asciutto,Asfaltata,Verticale ed orizzontale,Sereno,Scarso,Buona,Ore Diurne,0,0,0,2,NA,84
5,01/06/2014 10.30.00,Strada Urbana,all'intersezione con,VIA OSIMO,Scontro frontale/laterale SX fra veicoli in marcia,Una carreggiata a senso unico di marcia,Asciutto,Asfaltata,Verticale,Sereno,Scarso,Buona,Ore Diurne,0,0,0,5,NA,NA
13,01/06/2014 10.40.00,Strada Urbana,in prossimità,del civico n. ,Scontro frontale/laterale SX fra veicoli in marcia,Due carreggiate,Asciutto,Asfaltata,Verticale ed orizzontale,Sereno,Scarso,Buona,Ore Diurne,1,0,0,4,NA,19
8,01/06/2014 11.00.00,Strada Urbana,da specificare,NA,Veicolo in marcia contro ostacolo accidentale,Una carreggiata a doppio senso,Asciutto,Asfaltata,Verticale ed orizzontale,Sereno,Normale,Buona,Ore Diurne,0,0,0,1,"alt. km 0,300 (Q8) direz. fuori Roma",NA
18,01/06/2014 11.45.00,Strada Urbana,all'intersezione semaforizzata con,CIRCONVALLAZIONE CORNELIA,Scontro frontale/laterale DX fra veicoli in marcia,Due carreggiate,Asciutto,Asfaltata,Verticale ed orizzontale,Sereno,Normale,Buona,Ore Diurne,0,0,0,4,NA,NA
12,01/06/2014 11.55.00,Regionale,in prossimità,della chilometrica ,Veicolo in marcia contro ostacolo accidentale,Due carreggiate,Asciutto,Asfaltata,Orizzontale,Sereno,Normale,Buona,Ore Diurne,0,0,0,1,NA,"13,800"
10,01/06/2014 11.55.00,Statale entro l'abitato,all'intersezione semaforizzata con,VIA PONZIO COMINIO,Scontro laterale fra veicoli in marcia,Due carreggiate,Asciutto,Asfaltata,Verticale ed orizzontale,Sereno,Intenso,Buona,Ore Diurne,0,0,0,3,NA,NA
6,01/06/2014 12.00.00,Strada Urbana,all'intersezione con,VIA FRANCESCO LAPARELLI,Scontro frontale/laterale DX fra veicoli in marcia,Una carreggiata a senso unico di marcia,Asciutto,Asfaltata,Verticale ed orizzontale,Sereno,Normale,Buona,Ore Diurne,2,0,0,1,NA,NA
3,01/06/2014 12.09.00,Strada Urbana,all'intersezione semaforizzata con,VIA LAZZARO SPALLANZANI,Scontro frontale/laterale DX fra veicoli in marcia,Una carreggiata a doppio senso,Asciutto,Asfaltata,Verticale ed orizzontale,Sereno,Normale,Buona,Ore Diurne,0,0,0,3,NA,NA
11,01/06/2014 12.40.00,Strada Urbana,all'intersezione con,VIA ALESSANDRA MACINGHI STROZZI,Scontro frontale/laterale DX fra veicoli in marcia,Una carreggiata a doppio senso,Asciutto,Asfaltata,Verticale ed orizzontale,Sereno,Scarso,Buona,Ore Diurne,1,0,0,2,NA,NA
11,01/06/2014 12.40.00,Strada Urbana,all'intersezione semaforizzata con,VIA DI S. PETRONILLA,Investimento di pedone,Una carreggiata a doppio senso,Asciutto,Asfaltata,Verticale ed orizzontale,Sereno,Scarso,Buona,Ore Diurne,1,0,0,2,NA,NA
5,01/06/2014 12.40.00,Strada Urbana,in prossimità,del civico n. ,Scontro laterale fra veicoli in marcia,Una carreggiata a doppio senso,Asciutto,Asfaltata,Orizzontale,Sereno,Normale,Buona,Ore Diurne,0,1,0,3,NA,110
8,01/06/2014 12.55.00,Strada Urbana,da specificare,NA,Veicolo in marcia contro ostacolo accidentale,Due carreggiate,Asciutto,Asfaltata,Verticale ed orizzontale,Sereno,Scarso,Buona,Ore Diurne,1,0,0,0,inversione di marcia dir Archeologia,NA
8,01/06/2014 13.30.00,Strada Urbana,all'intersezione con,VIALE DELLA SORBONA,Scontro frontale/laterale DX fra veicoli in marcia,Una carreggiata a senso unico di marcia,Asciutto,Asfaltata,Verticale ed orizzontale,Sereno,Scarso,Buona,Ore Diurne,0,0,0,5,NA,NA
13,01/06/2014 14.00.00,Strada Urbana,in prossimità,del civico n. ,Veicolo in marcia contro ostacolo accidentale,Una carreggiata a doppio senso,Asciutto,Asfaltata,Assente,Sereno,Scarso,Buona,Ore Diurne,0,0,0,1,NA,270
1,01/06/2014 14.00.00,Strada Urbana,all'intersezione con,VIA LARGA,Scontro frontale/laterale DX fra veicoli in marcia,Una carreggiata a doppio senso,Asciutto,Asfaltata,Verticale ed orizzontale,Sereno,Normale,Buona,Ore Diurne,2,0,0,1,NA,NA
12,01/06/2014 14.05.00,Strada Urbana,all'intersezione con,VIALE DELLA CIVILTA' ROMANA,Scontro frontale/laterale DX fra veicoli in marcia,Una carreggiata a doppio senso,Asciutto,Asfaltata,Verticale ed orizzontale,Sereno,Scarso,Buona,Ore Diurne,2,0,0,1,NA,NA
9,01/06/2014 14.10.00,Strada Urbana,da specificare,NA,Scontro laterale fra veicoli in marcia,Una carreggiata a doppio senso,Asciutto,Asfaltata,Orizzontale,Sereno,Normale,Buona,Ore Diurne,0,0,0,5,altezza VICOLO DI PORTA FURBA,NA
16,01/06/2014 14.15.00,Strada Urbana,da specificare,NA,Veicolo in marcia contro ostacolo accidentale,Una carreggiata a senso unico di marcia,Asciutto,Asfaltata,Assente,Sereno,Scarso,Buona,Ore Diurne,1,0,0,0,fronte civico 70,NA
5,01/06/2014 14.15.00,Strada Urbana,all'intersezione con,VIA DIEGO ANGELI,Scontro frontale/laterale SX fra veicoli in marcia,Una carreggiata a doppio senso,Asciutto,Asfaltata,Verticale ed orizzontale,Sereno,Scarso,Buona,Ore Diurne,1,0,0,1,NA,NA
11,01/06/2014 14.15.00,Strada Urbana,all'intersezione semaforizzata con,PIAZZALE TOMMASO EDISON,Tamponamento,Due carreggiate,Asciutto,Asfaltata,Verticale ed orizzontale,Nuvoloso,Scarso,Buona,Ore Diurne,1,0,0,2,NA,NA
19,01/06/2014 14.30.00,Strada Urbana,da specificare,NA,Veicolo in marcia contro ostacolo fisso,Una carreggiata a doppio senso,Asciutto,Asfaltata,Orizzontale,Sereno,Scarso,Buona,Ore Diurne,0,0,0,1,in prossimità del fronte civico 7,NA
20,01/06/2014 14.45.00,Strada Urbana,da specificare,NA,Scontro laterale fra veicoli in marcia,Una carreggiata a doppio senso,Asciutto,Asfaltata,Verticale ed orizzontale,Sereno,Normale,Buona,Ore Diurne,0,0,0,3,all'intersezione con largo di vigna stelluti,NA
9,01/06/2014 15.10.00,Strada Urbana,da specificare,NA,Investimento di pedone,Una carreggiata a senso unico di marcia,Asciutto,Asfaltata,Orizzontale,Sereno,Scarso,Buona,Ore Diurne,1,0,0,1,"a circa metri 12,50  da Via Latina",NA
8,01/06/2014 15.35.00,Autostrada,da specificare,NA,Veicolo in marcia contro ostacolo accidentale,Una carreggiata a senso unico di marcia,Asciutto,Asfaltata,Verticale,Sereno,Normale,Buona,Ore Diurne,0,0,0,4,altezza accesso rampa cavalcavia Tor Bella Monaca,NA
10,01/06/2014 15.50.00,Strada Urbana,da specificare,NA,Veicolo in marcia contro ostacolo accidentale,Due carreggiate,Asciutto,Asfaltata,Orizzontale,Sereno,Normale,Buona,Ore Diurne,0,0,0,1,in prossimita di VIA VINCENZO LAMARO,NA
9,01/06/2014 15.56.00,Strada Urbana,all'intersezione con,VICOLO DI PORTA FURBA,Scontro frontale/laterale DX fra veicoli in marcia,Una carreggiata a doppio senso,Asciutto,Asfaltata,Orizzontale,Sereno,Normale,Buona,Ore Diurne,1,0,0,1,NA,NA
17,01/06/2014 16.00.00,Strada Urbana,in prossimità,del civico n. ,Veicolo in marcia contro veicoli in sosta,Una carreggiata a senso unico di marcia,Asciutto,Asfaltata,Verticale ed orizzontale,Sereno,Normale,Buona,Ore Diurne,0,0,0,1,NA,171
18,01/06/2014 16.00.00,Strada Urbana,in corrispondenza,del civico n. ,Scontro frontale fra veicoli in marcia,Una carreggiata a doppio senso,Asciutto,Asfaltata,Assente,Sereno,Scarso,Sufficiente,Ore Diurne,2,0,0,3,NA,14
1,01/06/2014 16.05.00,Strada Urbana,in prossimità,del civico n.,Veicolo in marcia contro veicolo fermo,Una carreggiata a doppio senso,Asciutto,Asfaltata,Verticale ed orizzontale,Sereno,Normale,Buona,Ore Diurne,1,0,0,2,NA,27
16,01/06/2014 16.10.00,Strada Urbana,da specificare,NA,Veicolo in marcia contro veicoli in sosta,Una carreggiata a doppio senso,Asciutto,Asfaltata,Orizzontale,Sereno,Normale,Buona,Ore Diurne,0,0,0,0,in prossimità del fronte civico 132,NA
11,01/06/2014 16.10.00,Strada Urbana,in prossimità,del civico n. ,Tamponamento,Una carreggiata a senso unico di marcia,Asciutto,Asfaltata,Verticale ed orizzontale,Sereno,Scarso,Buona,Ore Diurne,0,0,0,3,NA,11
18,01/06/2014 17.10.00,Strada Urbana,in prossimità,del civico n. ,Scontro frontale/laterale DX fra veicoli in marcia,Una carreggiata a doppio senso,Asciutto,Asfaltata,Orizzontale,Sereno,Normale,Sufficiente,Sufficiente,0,0,0,3,NA,571
5,01/06/2014 17.15.00,Strada Urbana,all'intersezione con,VIA FIUMINATA,Scontro frontale/laterale DX fra veicoli in marcia,Una carreggiata a doppio senso,Asciutto,Asfaltata,Verticale ed orizzontale,Sereno,Normale,Buona,Sufficiente,1,0,0,5,NA,NA
8,01/06/2014 17.15.00,Strada Urbana,in prossimità,del civico n. ,Veicolo in marcia contro ostacolo accidentale,Una carreggiata a senso unico di marcia,Asciutto,Asfaltata,Verticale,Sereno,Normale,Sufficiente,Ore Diurne,0,0,0,1,NA,84
8,01/06/2014 17.30.00,Strada Urbana,da specificare,NA,Veicolo in marcia contro ostacolo accidentale,Due carreggiate,Asciutto,Asfaltata,Verticale ed orizzontale,Sereno,Normale,Sufficiente,Sufficiente,0,0,0,1,in prossimità di via Viganò,NA
12,01/06/2014 17.30.00,Strada Urbana,da specificare,NA,Veicolo in marcia contro veicolo in sosta,Una carreggiata a doppio senso,Asciutto,Asfaltata,Verticale ed orizzontale,Sereno,Normale,Buona,Sufficiente,0,0,0,0,fronte civ. 221,NA
8,01/06/2014 18.00.00,Strada Urbana,da specificare,NA,Veicolo in marcia contro ostacolo accidentale,Una carreggiata a senso unico di marcia,Asciutto,Asfaltata,Verticale ed orizzontale,Sereno,Normale,Insufficiente,Inesistente,0,0,0,5,100 mt. prima svincolo Tuscolana-Romanina,NA
8,01/06/2014 18.00.00,Strada Urbana,da specificare,NA,Veicolo in marcia contro ostacolo accidentale,Una carreggiata a senso unico di marcia,Asciutto,Asfaltata,Verticale ed orizzontale,Sereno,Normale,Insufficiente,Inesistente,0,0,0,2,100 mt primo bivio Tuscolana-Romanina,NA
17,01/06/2014 18.00.00,Strada Urbana,in prossimità,del civico n. ,Scontro laterale fra veicoli in marcia,Una carreggiata a doppio senso,Asciutto,Asfaltata,Assente,Sereno,Normale,Buona,Sufficiente,0,0,0,1,NA,15
20,01/06/2014 18.10.00,Strada Urbana,in prossimità,del civico n.,Tamponamento,Più di due carreggiate,Asciutto,Asfaltata,Orizzontale,Sereno,Normale,Buona,Sufficiente,1,0,0,1,NA,110
9,01/06/2014 18.15.00,Strada Urbana,in corrispondenza,del civico n. ,Tamponamento Multiplo,Una carreggiata a senso unico di marcia,Asciutto,Asfaltata,Orizzontale,Sereno,Normale,Buona,Sufficiente,0,0,0,6,NA,700
2,01/06/2014 18.30.00,Strada Urbana,in prossimità,del civico n. ,Veicolo in marcia contro ostacolo accidentale,Una carreggiata a senso unico di marcia,Asciutto,Asfaltata,Verticale ed orizzontale,Sereno,Scarso,Buona,Sufficiente,0,0,0,0,NA,8-10
2,01/06/2014 18.30.00,Strada Urbana,in prossimità,del civico n. ,Veicolo in marcia contro ostacolo accidentale,Una carreggiata a senso unico di marcia,Asciutto,Asfaltata,Verticale ed orizzontale,Sereno,Scarso,Buona,Sufficiente,0,0,0,0,NA,8/10
16,01/06/2014 18.40.00,Strada Urbana,da specificare,NA,Veicolo in marcia contro ostacolo accidentale,Una carreggiata a doppio senso,Asciutto,Asfaltata,Orizzontale,Sereno,Normale,Sufficiente,Sufficiente,0,0,0,1,30 metri prima del civico 1297,NA
2,01/06/2014 18.55.00,Strada Urbana,da specificare,NA,Investimento di pedone,Una carreggiata a doppio senso,Asciutto,Asfaltata,Verticale ed orizzontale,Sereno,Scarso,Insufficiente,Insufficiente,1,0,0,1,in prossimità di p.zza Don G. Minzoni,NA
8,01/06/2014 19.30.00,Strada Urbana,da specificare,NA,Veicolo in marcia contro ostacolo accidentale,Una carreggiata a senso unico di marcia,Asciutto,Con buche,Assente,Sereno,Scarso,Sufficiente,Sufficiente,0,0,0,1,Rampa Via Anderloni,NA
10,01/06/2014 19.35.00,Statale,da specificare,NA,Investimento di pedone,Due carreggiate,Asciutto,Asfaltata,Assente,Sereno,Scarso,Insufficiente,Sufficiente,1,0,0,2,PROX CIVICO 1818 ALL'INTERNO AREA DISTRIBUTORE  ,NA
20,01/06/2014 20.00.00,Provinciale,in corrispondenza,della chilometrica,Veicolo in marcia contro ostacolo fisso,Una carreggiata a doppio senso,Asciutto,Asfaltata,Verticale ed orizzontale,Sereno,Normale,Sufficiente,Inesistente,0,0,0,3,NA,11
20,01/06/2014 20.02.00,Provinciale,in corrispondenza,della chilometrica,Veicolo in marcia contro ostacolo fisso,Una carreggiata a doppio senso,Asciutto,Asfaltata,Verticale ed orizzontale,Sereno,Normale,Sufficiente,Inesistente,0,0,0,1,NA,11
5,01/06/2014 20.10.00,Strada Urbana,in prossimità,del civico n.,Tamponamento,Una carreggiata a doppio senso,Asciutto,Asfaltata,Verticale ed orizzontale,Sereno,Normale,Buona,Sufficiente,1,0,0,2,NA,1058
18,01/06/2014 20.10.00,Strada Urbana,in corrispondenza,del civico n. ,Scontro frontale/laterale SX fra veicoli in marcia,Due carreggiate,Asciutto,Asfaltata,Verticale ed orizzontale,Sereno,Normale,Buona,Sufficiente,0,0,0,3,NA,15
8,01/06/2014 20.15.00,Strada Urbana,da specificare,NA,Veicolo in marcia contro ostacolo accidentale,Una carreggiata a doppio senso,Asciutto,Asfaltata,Orizzontale,Sereno,Scarso,Buona,Sufficiente,0,0,0,1,fronte distributore Q8 (Rocca Cencia),NA
8,01/06/2014 20.15.00,Provinciale entro l'abitato,da specificare,NA,Veicolo in marcia contro ostacolo accidentale,Una carreggiata a doppio senso,Asciutto,Asfaltata,Orizzontale,Sereno,Scarso,Buona,Sufficiente,0,0,0,3,prossimità distributore Q8 (Rocca Cencia),NA
8,01/06/2014 20.30.00,Strada Urbana,da specificare,NA,Veicolo in marcia contro ostacolo accidentale,Una carreggiata a doppio senso,Asciutto,Asfaltata,Verticale ed orizzontale,Sereno,Normale,Sufficiente,Inesistente,0,0,0,1,alt. Rocca Cencia (distributore),NA
13,01/06/2014 20.30.00,Strada Urbana,in prossimità,del civico n. ,Veicolo in marcia contro veicolo in sosta,Una carreggiata a senso unico di marcia,Bagnato (umidità in atto),Asfaltata,Verticale,Sereno,Scarso,Buona,Sufficiente,0,0,0,1,NA,67
17,01/06/2014 20.30.00,Strada Urbana,all'intersezione semaforizzata con,VIA DURAZZO,Investimento di pedone,Due carreggiate,Asciutto,Asfaltata,Verticale ed orizzontale,Sereno,Normale,Buona,Sufficiente,1,0,0,2,NA,NA
17,01/06/2014 20.45.00,Strada Urbana,in prossimità,del palo luce n. ,Veicolo in marcia contro veicolo in sosta,Una carreggiata a doppio senso,Asciutto,Asfaltata,Verticale ed orizzontale,Sereno,Normale,Buona,Sufficiente,0,0,0,4,NA,89
4,01/06/2014 20.45.00,Strada Urbana,in prossimità,del civico n.,Scontro laterale fra veicoli in marcia,Due carreggiate,Asciutto,Asfaltata,Verticale ed orizzontale,Sereno,Normale,Buona,Sufficiente,1,0,0,1,NA,4
1,01/06/2014 21.00.00,Strada Urbana,all'intersezione semaforizzata con,VIA CAVOUR,Scontro laterale fra veicoli in marcia,Una carreggiata a doppio senso,Asciutto,Asfaltata,Verticale ed orizzontale,Sereno,Normale,Buona,Sufficiente,0,0,0,2,NA,NA
23,01/06/2014 21.15.00,Strada Urbana,all'intersezione semaforizzata con,VIA FLAMINIA,Veicolo in marcia contro ostacolo accidentale,Una carreggiata a senso unico di marcia,Asciutto,Asfaltata,Verticale ed orizzontale,Sereno,Normale,Buona,Sufficiente,0,0,0,2,NA,NA
19,01/06/2014 21.30.00,Strada Urbana,in corrispondenza,del civico n. ,Veicolo in marcia contro veicoli fermi,Una carreggiata a doppio senso,Bagnato (umidità in atto),Asfaltata,Verticale ed orizzontale,Sereno,Scarso,Buona,Sufficiente,1,0,0,0,NA,598
13,01/06/2014 21.30.00,Strada Urbana,all'intersezione con,VIA CESARE MACCARI,Scontro frontale/laterale SX fra veicoli in marcia,Una carreggiata a doppio senso,Bagnato (umidità in atto),Asfaltata,Assente,Nuvoloso,Scarso,Buona,Sufficiente,3,0,0,1,NA,NA
16,01/06/2014 21.40.00,Strada Urbana,all'intersezione semaforizzata con,VIA ETTORE ROLLI,Scontro frontale fra veicoli in marcia,Una carreggiata a doppio senso,Asciutto,Asfaltata,Verticale ed orizzontale,Sereno,Normale,Buona,Sufficiente,1,0,0,1,NA,NA
18,01/06/2014 22.15.00,Strada Urbana,all'intersezione con,VIA FABIO MASSIMO,Scontro frontale/laterale DX fra veicoli in marcia,Due carreggiate,Asciutto,Asfaltata,Verticale ed orizzontale,Sereno,Scarso,Buona,Sufficiente,1,0,0,1,NA,NA
1,01/06/2014 23.00.00,Strada Urbana,da specificare,NA,Scontro laterale fra veicoli in marcia,Una carreggiata a senso unico di marcia,Asciutto,Asfaltata,Verticale ed orizzontale,Sereno,Scarso,Buona,Sufficiente,0,0,0,4,via Enrico de Nicola,NA
20,01/07/2014 00.36.00,Strada Urbana,all'intersezione semaforizzata con,VIALE ANTONINO DI SAN GIULIANO,Tamponamento,Due carreggiate,Asciutto,Asfaltata,Verticale ed orizzontale,Sereno,Normale,Buona,Sufficiente,0,0,0,2,NA,NA
7,01/07/2014 00.40.00,Statale entro l'abitato,in prossimità,del civico n. ,Tamponamento,Una carreggiata a doppio senso,Asciutto,Asfaltata,Verticale ed orizzontale,Sereno,Normale,Buona,Sufficiente,1,0,0,2,NA,1044
4,01/07/2014 02.00.00,Strada Urbana,in prossimità,del civico n. ,Veicolo in marcia contro ostacolo fisso,Una carreggiata a doppio senso,Bagnato (umidità in atto),Asfaltata,Verticale ed orizzontale,Sereno,Scarso,Buona,Sufficiente,0,0,0,2,NA,748
12,01/07/2014 02.30.00,Strada Urbana,all'intersezione con,LARGO GIUSEPPE UNGARETTI,Scontro frontale/laterale DX fra veicoli in marcia,Due carreggiate,Asciutto,Asfaltata,Verticale ed orizzontale,Sereno,Scarso,Sufficiente,Sufficiente,0,0,0,4,NA,NA
18,01/07/2014 05.10.00,Strada Urbana,da specificare,NA,Veicolo in marcia contro ostacolo fisso,Una carreggiata a doppio senso,Asciutto,Asfaltata,Verticale ed orizzontale,Sereno,Scarso,Buona,Sufficiente,0,0,0,1,altezza via Brusasco,NA
9,01/07/2014 05.50.00,Strada Urbana,all'intersezione semaforizzata con,VIA DELLE CAVE,Scontro frontale/laterale DX fra veicoli in marcia,Più di due carreggiate,Asciutto,Asfaltata,Verticale ed orizzontale,Sereno,Normale,Sufficiente,Sufficiente,1,0,0,1,NA,NA
5,01/07/2014 06.00.00,Strada Urbana,da specificare,NA,Scontro frontale/laterale DX fra veicoli in marcia,Una carreggiata a doppio senso,Asciutto,Asfaltata,Verticale ed orizzontale,Sereno,Normale,Sufficiente,Sufficiente,1,0,0,0,ALTEZZA VIA CANNIZZARO,NA
1,01/07/2014 06.05.00,Strada Urbana,all'intersezione semaforizzata con,VIA DELLA GRECA,Tamponamento,Una carreggiata a doppio senso,Asciutto,Asfaltata,Verticale ed orizzontale,Sereno,Scarso,Sufficiente,Insufficiente,1,0,0,2,NA,NA
8,01/07/2014 06.30.00,Strada Urbana,da specificare,NA,Scontro laterale fra veicoli in marcia,Due carreggiate,Asciutto,Asfaltata,Verticale ed orizzontale,Sereno,Normale,Buona,Ore Diurne,0,0,0,1,direz GRA semaforo inversione marcia x Cambellotti,NA
17,01/07/2014 06.40.00,Strada Urbana,all'intersezione semaforizzata con,VIALE GIUSEPPE MAZZINI,Fuoriuscita dalla sede stradale,Più di due carreggiate,Asciutto,Asfaltata,Verticale ed orizzontale,Sereno,Scarso,Sufficiente,Sufficiente,0,0,0,1,NA,NA
8,01/07/2014 07.00.00,Strada Urbana,in corrispondenza,del civico n.,Investimento di pedone,Una carreggiata a doppio senso,Asciutto,Asfaltata,Assente,Sereno,Scarso,Buona,Ore Diurne,1,0,0,1,NA,9
8,01/07/2014 07.00.00,Strada Urbana,da specificare,NA,Veicolo in marcia contro ostacolo accidentale,Una carreggiata a doppio senso,Asciutto,Strada pavimentata dissestata,Assente,Sereno,Intenso,Buona,Ore Diurne,0,0,0,1,dir. GRA ca 200 mt dopo via Salone prima c.178/182,NA
5,01/07/2014 07.05.00,Strada Urbana,all'intersezione semaforizzata con,VIA SPINOZA,Scontro laterale fra veicoli in marcia,Due carreggiate,Asciutto,Asfaltata,Verticale ed orizzontale,Sereno,Normale,Buona,Ore Diurne,0,0,0,2,NA,NA
15,01/07/2014 07.15.00,Strada Urbana,all'intersezione con,LARGO GAETANO LA LOGGIA,Veicolo in marcia contro veicolo in sosta,Due carreggiate,Asciutto,Asfaltata,Verticale ed orizzontale,Sereno,Scarso,Buona,Ore Diurne,0,0,0,1,NA,NA
7,01/07/2014 07.15.00,Strada Urbana,all'intersezione con,VIALE DELLA BELLA VILLA,Scontro frontale/laterale DX fra veicoli in marcia,Una carreggiata a doppio senso,Asciutto,Asfaltata,Verticale ed orizzontale,Sereno,Intenso,Buona,Ore Diurne,0,0,0,3,NA,NA
1,01/07/2014 07.25.00,Strada Urbana,in prossimità,del civico n.,Scontro laterale fra veicoli in marcia,Una carreggiata a doppio senso,Asciutto,Asfaltata,Verticale ed orizzontale,Sereno,Normale,Buona,Ore Diurne,0,0,0,2,NA,4
4,01/07/2014 07.55.00,Strada Urbana,all'intersezione con,VIA FILOTEO ALBERINI,Veicolo in marcia contro ostacolo accidentale,Una carreggiata a senso unico di marcia,Bagnato (umidità in atto),Asfaltata,Verticale,Sereno,Normale,Buona,Ore Diurne,0,0,0,1,NA,NA
10,01/07/2014 08.00.00,Strada Urbana,all'intersezione con,VIA CAROLEI,Scontro frontale/laterale SX fra veicoli in marcia,Una carreggiata a senso unico di marcia,Bagnato (umidità in atto),Asfaltata,Assente,Sereno,Normale,Buona,Ore Diurne,0,0,0,3,NA,NA
4,01/07/2014 08.05.00,Strada Urbana,da specificare,NA,Scontro frontale/laterale SX fra veicoli in marcia,Due carreggiate,Bagnato (umidità in atto),Asfaltata,Verticale ed orizzontale,Sereno,Normale,Buona,Ore Diurne,0,0,0,3,in prossimità fronte civ. 424,NA
19,01/07/2014 08.40.00,Strada Urbana,all'intersezione con,VIA VINCENZO AMBROSIO,Scontro frontale/laterale SX fra veicoli in marcia,Una carreggiata a doppio senso,Asciutto,Asfaltata,Verticale ed orizzontale,Sereno,Normale,Buona,Ore Diurne,0,0,0,2,NA,NA
10,01/07/2014 08.40.00,Strada Urbana,da specificare,NA,Tamponamento Multiplo,Due carreggiate,Asciutto,Asfaltata,Verticale ed orizzontale,Sereno,Intenso,Buona,Ore Diurne,2,0,0,2,inprossimita' via cropani,NA
15,01/07/2014 08.40.00,Strada Urbana,in prossimità,del civico n.,Scontro frontale fra veicoli in marcia,Una carreggiata a doppio senso,Asciutto,Asfaltata,Orizzontale,Sereno,Scarso,Buona,Ore Diurne,0,0,0,2,NA,10
1,01/07/2014 08.45.00,Strada Urbana,in prossimità,del civico n.,Veicolo in marcia contro veicolo fermo,Una carreggiata a senso unico di marcia,Asciutto,In cubetti di porfido,Verticale ed orizzontale,Sereno,Normale,Buona,Ore Diurne,0,0,0,2,NA,84
15,01/07/2014 09.00.00,Comunale extraurbana,da specificare,NA,Scontro frontale/laterale SX fra veicoli in marcia,Una carreggiata a doppio senso,Asciutto,Asfaltata,Verticale ed orizzontale,Sereno,Scarso,Buona,Ore Diurne,1,0,0,1,altezza sottovia autostrada RM/Fiumicino,NA
7,01/07/2014 09.05.00,Strada Urbana,all'intersezione con,VIA DELLE BEGONIE,Scontro frontale/laterale SX fra veicoli in marcia,Una carreggiata a senso unico di marcia,Asciutto,Asfaltata,Verticale ed orizzontale,Sereno,Scarso,Buona,Ore Diurne,1,0,0,1,NA,NA