Gruppo,DataOraIncidente,Localizzazione1,Localizzazione2,Strada02,NaturaIncidente,TipoStrada,FondoStradale,Pavimentazione,Segnaletica,CondizioneAtmosferica,Traffico,Visibilita,Illuminazione,NUM_FERITI,NUM_RISERVATA,NUM_MORTI,NUM_ILLESI,DaSpecificare,Chilometrica
1,01/09/2014 15.20.00,Strada Urbana,in prossimità,del palo luce n. ,Tamponamento,Una carreggiata a senso unico di marcia,Asciutto,Asfaltata,Verticale ed orizzontale,Sereno,Normale,Buona,Ore Diurne,0,0,0,2,NA,1
17,01/09/2014 15.25.00,Strada Urbana,in corrispondenza,del civico n. ,Veicoli in marcia contro veicolo fermo,Una carreggiata a doppio senso,Asciutto,In cubetti di porfido,Orizzontale,Nuvoloso,Normale,Buona,Ore Diurne,0,0,0,0,NA,241
13,01/09/2014 15.25.00,Strada Urbana,all'intersezione con,VIA DI ACQUA ROSSA,Scontro laterale fra veicoli in marcia,Una carreggiata a senso unico di marcia,Asciutto,Asfaltata,Orizzontale,Nuvoloso,Normale,Buona,Ore Diurne,1,0,0,2,NA,NA
23,01/09/2014 15.30.00,Strada Urbana,all'intersezione semaforizzata con,VIA DEL CANALE DELLA LINGUA,Scontro laterale fra veicoli in marcia,Più di due carreggiate,Asciutto,Asfaltata,Verticale ed orizzontale,Sereno,Normale,Buona,Ore Diurne,1,0,0,3,NA,NA
12,01/09/2014 15.30.00,Strada Urbana,all'intersezione con,VIA DEL CASALE ZOLA,Tamponamento,Una carreggiata a doppio senso,Asciutto,Asfaltata,Verticale ed orizzontale,Sereno,Normale,Buona,Ore Diurne,0,0,0,3,NA,NA
16,01/09/2014 15.30.00,Strada Urbana,in prossimità,del civico n.,Infortunio per sola frenata improvvisa,Due carreggiate,Asciutto,Asfaltata,Orizzontale,Sereno,Normale,Buona,Ore Diurne,1,0,0,1,NA,33
2,01/09/2014 15.45.00,Strada Urbana,all'intersezione con,VIA CILE,Tamponamento,Una carreggiata a doppio senso,Asciutto,Asfaltata,Verticale ed orizzontale,Nuvoloso,Scarso,Buona,Ore Diurne,0,0,0,2,NA,NA
16,01/09/2014 16.00.00,Strada Urbana,da specificare,NA,Veicolo in marcia contro veicolo in sosta,Una carreggiata a doppio senso,Asciutto,Asfaltata,Orizzontale,Sereno,Normale,Buona,Ore Diurne,0,0,0,1,50 metri prima fermata ATAC direzione P.za Pio XI,NA
5,01/09/2014 16.00.00,Strada Urbana,all'intersezione con,VIA MAIOLATI,Scontro frontale/laterale DX fra veicoli in marcia,Una carreggiata a senso unico di marcia,Asciutto,Asfaltata,Verticale,Sereno,Normale,Buona,Ore Diurne,2,0,0,1,NA,NA
10,01/09/2014 16.10.00,Strada Urbana,all'intersezione con,VIA FRANCESCO ANTOLISEI,Scontro laterale fra veicoli in marcia,Una carreggiata a senso unico di marcia,Asciutto,Asfaltata,Verticale ed orizzontale,Nuvoloso,Normale,Buona,Ore Diurne,0,0,0,2,NA,NA
20,01/09/2014 16.15.00,Strada Urbana,all'intersezione semaforizzata con,VIA MANFREDI AZZARITA,Tamponamento,Una carreggiata a doppio senso,Asciutto,Asfaltata,Verticale ed orizzontale,Nuvoloso,Intenso,Buona,Ore Diurne,0,0,0,2,NA,NA
19,01/09/2014 16.30.00,Strada Urbana,in prossimità,del civico n. ,Scontro laterale fra veicoli in marcia,Una carreggiata a doppio senso,Asciutto,Asfaltata,Orizzontale,Sereno,Normale,Buona,Ore Diurne,1,0,0,1,NA,32
2,01/09/2014 16.45.00,Strada Urbana,all'intersezione semaforizzata con,PIAZZALE FLAMINIO,Tamponamento,Una carreggiata a doppio senso,Asciutto,Asfaltata,Verticale ed orizzontale,Nuvoloso,Intenso,Buona,Sufficiente,1,0,0,2,NA,NA
13,01/09/2014 17.15.00,Strada Urbana,da specificare,NA,Tamponamento Multiplo,Una carreggiata a doppio senso,Asciutto,Asfaltata,Verticale ed orizzontale,Sereno,Normale,Sufficiente,Ore Diurne,0,0,0,3,VIA DELLE AZZORRE,NA
11,01/09/2014 17.30.00,Strada Urbana,in prossimità,del civico n.,Investimento di pedone,Una carreggiata a doppio senso,Asciutto,Asfaltata,Verticale ed orizzontale,Sereno,Normale,Buona,Sufficiente,1,0,0,1,NA,90
20,01/09/2014 17.30.00,Provinciale entro l'abitato,in corrispondenza,del civico n.,Investimento di pedone,Una carreggiata a doppio senso,Asciutto,Asfaltata,Verticale ed orizzontale,Nuvoloso,Intenso,Buona,Sufficiente,1,0,0,1,NA,734
4,01/09/2014 17.40.00,Strada Urbana,da specificare,NA,Scontro laterale fra veicoli in marcia,Due carreggiate,Asciutto,Asfaltata,Verticale ed orizzontale,Sereno,Normale,Buona,Sufficiente,1,0,0,5,dir. GRA alt. svin.lo  inver. alt. Via Pampanini,NA
6,01/09/2014 17.45.00,Strada Urbana,in corrispondenza,del civico n. ,Investimento di pedone,Una carreggiata a doppio senso,Asciutto,Asfaltata,Orizzontale,Sereno,Normale,Sufficiente,Sufficiente,1,0,0,1,NA,251
9,01/09/2014 18.00.00,Strada Urbana,da specificare,NA,Scontro laterale fra veicoli in marcia,Una carreggiata a senso unico di marcia,Asciutto,Asfaltata,Orizzontale,Sereno,Intenso,Sufficiente,Sufficiente,0,0,0,2,altezza via Appia Nuova direzione GRA,NA
12,01/09/2014 18.10.00,Strada Urbana,da specificare,NA,Tamponamento,Una carreggiata a senso unico di marcia,Asciutto,Asfaltata,Verticale ed orizzontale,Nuvoloso,Normale,Buona,Sufficiente,0,0,0,2,altezza Viale Egeo,NA
6,01/09/2014 18.10.00,Strada Urbana,all'intersezione semaforizzata con,VIA TOR DE' SCHIAVI,Tamponamento,Più di due carreggiate,Asciutto,Asfaltata,Verticale ed orizzontale,Sereno,Normale,Buona,Sufficiente,1,0,0,5,NA,NA
18,01/09/2014 18.15.00,Strada Urbana,all'intersezione semaforizzata con,VIA GREGORIO VII,Scontro laterale fra veicoli in marcia,Più di due carreggiate,Asciutto,Asfaltata,Verticale ed orizzontale,Sereno,Intenso,Buona,Sufficiente,1,0,0,2,NA,NA
8,01/09/2014 18.20.00,Strada Urbana,da specificare,NA,Scontro frontale/laterale DX fra veicoli in marcia,Due carreggiate,Asciutto,Asfaltata,Orizzontale,Sereno,Normale,Buona,Sufficiente,0,0,0,2,alt. uscita Università facoltà di Scienze,NA
2,01/09/2014 18.20.00,Strada Urbana,da specificare,NA,Tamponamento,Due carreggiate,Asciutto,Asfaltata,Verticale ed orizzontale,Nuvoloso,Normale,Buona,Sufficiente,1,0,0,1,in pross. cavalcavia ferrovia Roma-nord dir.Stadio,NA
13,01/09/2014 18.30.00,Strada Urbana,all'intersezione con,VIA ERMANNO WOLF FERRARI,Scontro frontale/laterale DX fra veicoli in marcia,Più di due carreggiate,Asciutto,Asfaltata,Verticale ed orizzontale,Sereno,Intenso,Buona,Sufficiente,0,0,0,2,NA,NA
23,01/09/2014 18.30.00,Comunale extraurbana,all'intersezione con,VIALE DELLA VILLA DI PLINIO,Veicolo in marcia contro ostacolo fisso,Più di due carreggiate,Asciutto,Asfaltata,Verticale ed orizzontale,Sereno,Normale,Sufficiente,Insufficiente,1,0,0,0,NA,NA
6,01/09/2014 18.45.00,Provinciale entro l'abitato,all'intersezione semaforizzata con,VIA DI PORTONACCIO,Scontro frontale/laterale DX fra veicoli in marcia,Più di due carreggiate,Asciutto,Asfaltata,Verticale ed orizzontale,Sereno,Normale,Buona,Ore Diurne,1,0,0,1,NA,NA
10,01/09/2014 19.10.00,Strada Urbana,all'intersezione con,VIA UBALDO COMANDINI,Scontro laterale fra veicoli in marcia,Una carreggiata a senso unico di marcia,Asciutto,Asfaltata,Verticale ed orizzontale,Sereno,Normale,Buona,Sufficiente,0,0,0,3,NA,NA
1,01/09/2014 19.20.00,Strada Urbana,all'intersezione semaforizzata con,VIA DI S. MARIA IN COSMEDIN,Scontro laterale fra veicoli in marcia,Una carreggiata a senso unico di marcia,Asciutto,Asfaltata,Verticale ed orizzontale,Nuvoloso,Normale,Sufficiente,Sufficiente,0,0,0,2,NA,NA
12,01/09/2014 19.20.00,Regionale,da specificare,NA,Tamponamento,Due carreggiate,Asciutto,Asfaltata,Verticale ed orizzontale,Sereno,Intenso,Sufficiente,Sufficiente,0,0,0,4,direzione Pomezia altezza cavalcavia Spinaceto,NA
18,01/09/2014 19.30.00,Strada Urbana,da specificare,NA,Scontro laterale fra veicoli in marcia,Una carreggiata a doppio senso,Asciutto,Asfaltata,Verticale ed orizzontale,Nuvoloso,Normale,Buona,Sufficiente,1,0,0,1,in prossimità di Via Verolengo,NA
1,01/09/2014 19.30.00,Strada Urbana,in corrispondenza,del civico n.,Veicolo in marcia contro veicolo fermo,Una carreggiata a doppio senso,Asciutto,Asfaltata,Verticale ed orizzontale,Sereno,Normale,Sufficiente,Sufficiente,1,0,0,1,NA,144
9,01/09/2014 19.30.00,Strada Urbana,in corrispondenza,del civico n. ,Veicolo in marcia contro veicolo fermo,Due carreggiate,Asciutto,Asfaltata,Verticale ed orizzontale,Sereno,Normale,Buona,Sufficiente,0,0,0,1,NA,24a
8,01/09/2014 20.20.00,Strada Urbana,da specificare,NA,Veicolo in marcia contro ostacolo accidentale,Una carreggiata a senso unico di marcia,Asciutto,Con buche,Verticale,Sereno,Scarso,Insufficiente,Insufficiente,0,0,0,1,50 mt dopo via A. Soldati,NA
8,01/09/2014 20.25.00,Strada Urbana,da specificare,NA,Veicolo in marcia contro ostacolo accidentale,Una carreggiata a senso unico di marcia,Asciutto,Con buche,Verticale,Sereno,Scarso,Insufficiente,Insufficiente,0,0,0,1,50 mt dopo via A. Soldati,NA
12,01/09/2014 20.30.00,Strada Urbana,all'intersezione con,VIA ALFREDO GRANDIDIER,Scontro frontale/laterale DX fra veicoli in marcia,Una carreggiata a doppio senso,Asciutto,Asfaltata,Verticale ed orizzontale,Sereno,Scarso,Sufficiente,Sufficiente,1,0,0,1,NA,NA
10,01/09/2014 21.00.00,Statale,in corrispondenza,del civico n. ,Tamponamento,Una carreggiata a doppio senso,Asciutto,Asfaltata,Verticale ed orizzontale,Sereno,Scarso,Buona,Sufficiente,0,0,0,3,NA,1260
5,01/09/2014 21.15.00,Strada Urbana,da specificare,NA,Tamponamento,Una carreggiata a doppio senso,Asciutto,Asfaltata,Verticale ed orizzontale,Sereno,Scarso,Sufficiente,Sufficiente,1,0,0,1,fermata ATAC 71124 Tiburtina (Lino da Parma),NA
13,01/09/2014 22.10.00,Strada Urbana,all'intersezione con,VIA DEI TRAGHETTI,Scontro frontale/laterale DX fra veicoli in marcia,Due carreggiate,Asciutto,Asfaltata,Verticale ed orizzontale,Sereno,Scarso,Sufficiente,Sufficiente,2,0,0,3,NA,NA
9,01/09/2014 22.15.00,Strada Urbana,all'intersezione con,VIA TUSCOLANA,Scontro laterale fra veicoli in marcia,Una carreggiata a doppio senso,Asciutto,Asfaltata,Temporanea di cantiere,Sereno,Scarso,Sufficiente,Sufficiente,1,0,0,2,NA,NA
6,01/09/2014 23.50.00,Strada Urbana,in prossimità,del civico n. ,Veicolo in marcia contro veicolo fermo,Una carreggiata a doppio senso,Asciutto,Asfaltata,Verticale ed orizzontale,Sereno,Scarso,Buona,Sufficiente,1,0,0,3,NA,1672
5,01/09/2014 23.55.00,Strada Urbana,in prossimità,del civico n. ,Veicolo in marcia contro veicolo in sosta,Una carreggiata a senso unico di marcia,Asciutto,Strada pavimentata dissestata,Verticale ed orizzontale,Sereno,Scarso,Buona,Sufficiente,0,0,0,2,NA,8
2,01/10/2014 00.30.00,Strada Urbana,in prossimità,del civico n. ,Veicolo in marcia contro veicolo in sosta,Una carreggiata a doppio senso,Asciutto,Asfaltata,Verticale ed orizzontale,Sereno,Scarso,Sufficiente,Sufficiente,0,0,0,1,NA,58
23,01/10/2014 01.30.00,Comunale extraurbana,in prossimità,della chilometrica,Veicolo in marcia contro ostacolo accidentale,Due carreggiate,Asciutto,Asfaltata,Verticale ed orizzontale,Sereno,Scarso,Sufficiente,Inesistente,0,0,0,2,NA,18.1
20,01/10/2014 06.30.00,Strada Urbana,all'intersezione con,CIRCONVALLAZIONE SETTENTRIONALE,Veicolo in marcia contro ostacolo fisso,Una carreggiata a doppio senso,Asciutto,Asfaltata,Verticale ed orizzontale,Sereno,Normale,Buona,Ore Diurne,0,0,0,1,NA,NA
10,01/10/2014 07.30.00,Provinciale entro l'abitato,all'intersezione semaforizzata con,VIA ANTONINO ANILE,Scontro frontale/laterale DX fra veicoli in marcia,Più di due carreggiate,Asciutto,Asfaltata,Verticale ed orizzontale,Nuvoloso,Normale,Buona,Ore Diurne,4,0,0,0,NA,NA
6,01/10/2014 08.00.00,Strada Urbana,in corrispondenza,del civico n. ,Veicolo in marcia contro veicolo in sosta,Una carreggiata a doppio senso,Asciutto,Asfaltata,Orizzontale,Nuvoloso,Normale,Buona,Ore Diurne,0,0,0,0,NA,70
5,01/10/2014 08.10.00,Strada Urbana,da specificare,NA,Scontro laterale fra veicoli in marcia,Due carreggiate,Asciutto,Asfaltata,Verticale ed orizzontale,Nuvoloso,Normale,Buona,Ore Diurne,1,0,0,1,fronte civico 558,NA
3,01/10/2014 08.30.00,Strada Urbana,all'intersezione semaforizzata con,VIA STAMIRA,Veicolo in marcia contro ostacolo fisso,Una carreggiata a doppio senso,Viscido da liquidi oleosi,Asfaltata,Verticale ed orizzontale,Nuvoloso,Intenso,Sufficiente,Ore Diurne,1,0,0,0,NA,NA
8,01/10/2014 08.45.00,Strada Urbana,da specificare,NA,Tamponamento,Due carreggiate,Asciutto,Asfaltata,Orizzontale,Nuvoloso,Intenso,Buona,Ore Diurne,0,0,0,2,in prossimità svincolo via di Torrenova,NA
13,01/10/2014 08.50.00,Provinciale,da specificare,NA,Veicolo in marcia contro ostacolo fisso,Una carreggiata a senso unico di marcia,Asciutto,Asfaltata,Orizzontale,Nuvoloso,Normale,Buona,Ore Diurne,1,0,0,0,uscita dal sottovia direzione Acilia-Roma,NA
8,01/10/2014 08.55.00,Strada Urbana,all'intersezione con,VIA GIUSEPPE MEDAIL,Scontro frontale/laterale SX fra veicoli in marcia,Una carreggiata a doppio senso,Asciutto,Asfaltata,Verticale ed orizzontale,Nuvoloso,Normale,Buona,Ore Diurne,4,0,0,1,NA,NA
23,01/10/2014 09.05.00,Comunale extraurbana,all'intersezione semaforizzata con,VIA DEL CANALE DELLA LINGUA,Scontro frontale/laterale DX fra veicoli in marcia,Più di due carreggiate,Asciutto,Asfaltata,Verticale ed orizzontale,Nuvoloso,Intenso,Buona,Ore Diurne,0,0,0,4,NA,NA
16,01/10/2014 09.10.00,Strada Urbana,in corrispondenza,del civico n.,Scontro laterale fra veicoli in marcia,Una carreggiata a senso unico di marcia,Asciutto,Asfaltata,Verticale ed orizzontale,Nuvoloso,Intenso,Buona,Ore Diurne,1,0,0,1,NA,370
19,01/10/2014 09.15.00,Strada Urbana,in prossimità,del civico n. ,Tamponamento Multiplo,Una carreggiata a doppio senso,Asciutto,Asfaltata,Orizzontale,Sereno,Intenso,Buona,Ore Diurne,1,0,0,3,NA,10368
12,01/10/2014 09.20.00,Strada Urbana,all'intersezione con,PIAZZALE VENTICINQUE MARZO 1957,Scontro laterale fra veicoli in marcia,Due carreggiate,Asciutto,Asfaltata,Verticale ed orizzontale,Nuvoloso,Normale,Buona,Ore Diurne,1,0,0,1,NA,NA
4,01/10/2014 09.30.00,Strada Urbana,in prossimità,del civico n.,Veicolo in marcia contro veicolo in sosta,Una carreggiata a doppio senso,Asciutto,Asfaltata,Assente,Nuvoloso,Normale,Buona,Ore Diurne,0,0,0,1,NA,87
19,01/10/2014 09.30.00,Strada Urbana,da specificare,NA,Veicolo in marcia contro veicolo fermo,Una carreggiata a doppio senso,Asciutto,Asfaltata,Orizzontale,Nuvoloso,Normale,Buona,Ore Diurne,0,0,0,0,PROSSIMITA' VIA V. FORTUNATO,NA
20,01/10/2014 10.10.00,Strada Urbana,in prossimità,del civico n.,Infortunio per sola frenata improvvisa,Una carreggiata a senso unico di marcia,Asciutto,Asfaltata,Orizzontale,Sereno,Normale,Buona,Ore Diurne,1,0,0,1,NA,82
7,01/10/2014 10.10.00,Strada Urbana,all'intersezione con,VIA DEI GINEPRI,Scontro frontale/laterale SX fra veicoli in marcia,Una carreggiata a doppio senso,Asciutto,Asfaltata,Verticale ed orizzontale,Nuvoloso,Normale,Buona,Ore Diurne,0,0,0,2,NA,NA
19,01/10/2014 10.15.00,Strada Urbana,all'intersezione semaforizzata con,VIALE DELLE MEDAGLIE D'ORO,Scontro frontale fra veicoli in marcia,Una carreggiata a doppio senso,Asciutto,Asfaltata,Orizzontale,Nuvoloso,Normale,Buona,Ore Diurne,1,0,0,1,NA,NA
11,01/10/2014 10.15.00,Strada Urbana,in prossimità,del civico n. ,Veicolo in marcia contro veicolo in sosta,Più di due carreggiate,Asciutto,Asfaltata,Verticale ed orizzontale,Nuvoloso,Normale,Buona,Ore Diurne,0,0,0,1,NA,36F
7,01/10/2014 10.30.00,Strada Urbana,in prossimità,del civico n. ,Veicolo in marcia contro veicolo in sosta,Una carreggiata a senso unico di marcia,Asciutto,Asfaltata,Orizzontale,Nuvoloso,Scarso,Buona,Ore Diurne,0,0,0,1,NA,20
4,01/10/2014 10.45.00,Strada Urbana,da specificare,NA,Scontro laterale fra veicoli in marcia,Due carreggiate,Asciutto,Asfaltata,Orizzontale,Nuvoloso,Normale,Buona,Ore Diurne,0,0,0,2,circa 100 mt prima del civ. 220,NA
8,01/10/2014 10.45.00,Strada Urbana,all'intersezione semaforizzata con,VIA MARCELLO ALESSIO,Scontro frontale/laterale SX fra veicoli in marcia,Più di due carreggiate,Asciutto,Asfaltata,Verticale ed orizzontale,Nuvoloso,Normale,Buona,Ore Diurne,2,0,0,0,NA,NA
6,01/10/2014 10.45.00,Strada Urbana,all'intersezione con,VIA MACERATA,Scontro frontale/laterale SX fra veicoli in marcia,Una carreggiata a senso unico di marcia,Asciutto,Asfaltata,Verticale ed orizzontale,Nuvoloso,Intenso,Buona,Ore Diurne,0,0,0,4,NA,NA
6,01/10/2014 10.45.00,Strada Urbana,in corrispondenza,del civico n. ,Veicolo in marcia contro veicolo in sosta,Una carreggiata a doppio senso,Asciutto,Asfaltata,Orizzontale,Nuvoloso,Normale,Buona,Ore Diurne,0,0,0,1,NA,47
4,01/10/2014 10.55.00,Strada Urbana,in corrispondenza,del civico n. ,Scontro laterale fra veicoli in marcia,Due carreggiate,Asciutto,Asfaltata,Verticale ed orizzontale,Sereno,Normale,Buona,Ore Diurne,0,0,0,3,NA,157
15,01/10/2014 11.10.00,Strada Urbana,da specificare,NA,Investimento di pedone,Una carreggiata a doppio senso,Asciutto,Asfaltata,Verticale ed orizzontale,Nuvoloso,Normale,Sufficiente,Ore Diurne,1,0,0,1,prox Via L. Maroi,NA
15,01/10/2014 11.30.00,Strada Urbana,in corrispondenza,del civico n. ,Scontro frontale/laterale SX fra veicoli in marcia,Una carreggiata a doppio senso,Asciutto,Asfaltata,Orizzontale,Nuvoloso,Intenso,Buona,Ore Diurne,0,0,0,2,NA,277
12,01/10/2014 11.35.00,Strada Urbana,in corrispondenza,del civico n. ,Veicolo in marcia contro veicolo fermo,Due carreggiate,Asciutto,Asfaltata,Verticale ed orizzontale,Nuvoloso,Normale,Buona,Ore Diurne,0,0,0,1,NA,8/10
4,01/10/2014 11.45.00,Strada Urbana,in prossimità,del civico n. ,Veicolo in marcia contro veicoli in sosta,Una carreggiata a senso unico di marcia,Asciutto,Asfaltata,Verticale,Nuvoloso,Normale,Buona,Ore Diurne,0,0,0,1,NA,39
3,01/10/2014 11.45.00,Strada Urbana,all'intersezione semaforizzata con,VIALE DELL'UNIVERSITA',Scontro frontale/laterale SX fra veicoli in marcia,Più di due carreggiate,Asciutto,Asfaltata,Verticale ed orizzontale,Sereno,Normale,Buona,Ore Diurne,1,0,0,1,NA,NA
8,01/10/2014 11.50.00,Strada Urbana,da specificare,NA,Veicolo in marcia contro ostacolo accidentale,Una carreggiata a doppio senso,Asciutto,Asfaltata,Assente,Sereno,Normale,Buona,Ore Diurne,0,0,0,2,150 mt prima via Cipolletti dir. Tiburtina,NA
11,01/10/2014 12.00.00,Strada Urbana,in prossimità,del palo luce n. ,Tamponamento Multiplo,Più di due carreggiate,Asciutto,Asfaltata,Verticale ed orizzontale,Nuvoloso,Normale,Buona,Ore Diurne,0,0,0,4,NA,228
1,01/10/2014 12.00.00,Strada Urbana,all'intersezione con,VIA EMANUELE FILIBERTO,Tamponamento,Una carreggiata a doppio senso,Asciutto,Asfaltata,Orizzontale,Nuvoloso,Scarso,Buona,Ore Diurne,1,0,0,1,NA,NA
9,01/10/2014 12.15.00,Strada Urbana,in corrispondenza,del civico n. ,Scontro frontale fra veicoli in marcia,Una carreggiata a senso unico di marcia,Asciutto,Asfaltata,Assente,Nuvoloso,Normale,Buona,Ore Diurne,0,0,0,3,NA,45
5,01/10/2014 12.30.00,Strada Urbana,in prossimità,della chilometrica ,Veicolo in marcia contro ostacolo fisso,Una carreggiata a doppio senso,Asciutto,Asfaltata,Verticale,Sereno,Normale,Buona,Ore Diurne,0,0,0,3,NA,0.200
13,01/10/2014 13.00.00,Strada Urbana,all'intersezione con,VIA EDOARDO GIOJA,Scontro frontale/laterale SX fra veicoli in marcia,Una carreggiata a doppio senso,Asciutto,Asfaltata,Verticale ed orizzontale,Sereno,Normale,Buona,Ore Diurne,0,0,0,2,NA,NA
15,01/10/2014 13.20.00,Strada Urbana,in prossimità,del civico n. ,Scontro laterale fra veicoli in marcia,Due carreggiate,Asciutto,Asfaltata,Temporanea di cantiere,Nuvoloso,Normale,Buona,Ore Diurne,0,0,0,2,NA,224
10,01/10/2014 13.20.00,Strada Urbana,all'intersezione semaforizzata con,VIA SCRIBONIO CURIONE,Scontro frontale/laterale DX fra veicoli in marcia,Due carreggiate,Asciutto,Asfaltata,Verticale ed orizzontale,Nuvoloso,Normale,Buona,Ore Diurne,1,0,0,1,NA,NA
8,01/10/2014 13.30.00,Statale entro l'abitato,all'intersezione con,VIA GIUSEPPE GAGLIARDI,Scontro frontale/laterale DX fra veicoli in marcia,Più di due carreggiate,Asciutto,Asfaltata,Verticale ed orizzontale,Nuvoloso,Scarso,Buona,Ore Diurne,0,0,0,4,NA,NA
5,01/10/2014 13.30.00,Strada Urbana,all'intersezione con,VIA DELLE CAVE DI PIETRALATA,Scontro frontale/laterale DX fra veicoli in marcia,Due carreggiate,Asciutto,Asfaltata,Verticale ed orizzontale,Nuvoloso,Normale,Buona,Ore Diurne,0,0,0,3,NA,NA
12,01/10/2014 13.30.00,Strada Urbana,all'intersezione con,VIALE DELL'URBANISTICA,Scontro frontale/laterale SX fra veicoli in marcia,Una carreggiata a senso unico di marcia,Asciutto,Asfaltata,Verticale ed orizzontale,Sereno,Normale,Buona,Ore Diurne,0,0,0,2,NA,NA
7,01/10/2014 13.45.00,Strada Urbana,all'intersezione con,VIA DELLA STAZIONE DI TOR SAPIENZA,Scontro frontale/laterale DX fra veicoli in marcia,Una carreggiata a doppio senso,Asciutto,Asfaltata,Verticale ed orizzontale,Sereno,Normale,Buona,Ore Diurne,1,0,0,1,NA,NA
1,01/10/2014 13.50.00,Strada Urbana,all'intersezione con,LARGO DELLA SANITA' MILITARE,Scontro laterale fra veicoli in marcia,Una carreggiata a doppio senso,Asciutto,Asfaltata,Verticale ed orizzontale,Sereno,Normale,Buona,Ore Diurne,0,0,0,2,NA,NA
20,01/10/2014 13.50.00,Strada Urbana,all'intersezione con,VIA VERGEMOLI,Scontro frontale/laterale DX fra veicoli in marcia,Una carreggiata a doppio senso,Asciutto,Asfaltata,Assente,Nuvoloso,Scarso,Buona,Ore Diurne,0,0,0,2,NA,NA
4,01/10/2014 14.00.00,Strada Urbana,all'intersezione con,VIA IVANOE BONOMI,Scontro frontale/laterale SX fra veicoli in marcia,Una carreggiata a doppio senso,Asciutto,Asfaltata,Verticale ed orizzontale,Sereno,Normale,Buona,Ore Diurne,0,0,0,2,NA,NA
15,01/10/2014 14.15.00,Strada Urbana,da specificare,NA,Tamponamento Multiplo,Una carreggiata a doppio senso,Asciutto,Asfaltata,Orizzontale,Nuvoloso,Normale,Buona,Ore Diurne,5,0,0,2,all'intersezione con Viale Generale Mario Pezzi,NA
4,01/10/2014 14.30.00,Strada Urbana,in corrispondenza,del civico n. ,Scontro frontale/laterale DX fra veicoli in marcia,Due carreggiate,Asciutto,Asfaltata,Verticale ed orizzontale,Nuvoloso,Normale,Buona,Ore Diurne,0,0,0,2,NA,9
5,01/10/2014 14.36.00,Strada Urbana,da specificare,NA,Scontro laterale fra veicoli in marcia,Due carreggiate,Asciutto,Asfaltata,Verticale ed orizzontale,Nuvoloso,Normale,Buona,Ore Diurne,0,0,0,4,inversione di marcia fronte via Lucatelli,NA
13,01/10/2014 14.45.00,Strada Urbana,all'intersezione con,VIA PADRE CORRADO DEL LAURO,Scontro frontale/laterale DX fra veicoli in marcia,Una carreggiata a doppio senso,Asciutto,Asfaltata,Verticale,Sereno,Normale,Buona,Ore Diurne,0,0,0,3,NA,NA
1,01/10/2014 14.50.00,Strada Urbana,in prossimità,del palo luce n.,Investimento di pedone,Una carreggiata a senso unico di marcia,Asciutto,Asfaltata,Verticale ed orizzontale,Nuvoloso,Scarso,Buona,Ore Diurne,2,0,0,1,NA,4
4,01/10/2014 15.10.00,Strada Urbana,in corrispondenza,del civico n. ,Veicolo in marcia contro veicoli in sosta,Due carreggiate,Asciutto,Asfaltata,Orizzontale,Nuvoloso,Normale,Buona,Ore Diurne,0,0,0,1,NA,7
11,01/10/2014 16.00.00,Strada Urbana,in prossimità,del civico n. ,Scontro frontale/laterale DX fra veicoli in marcia,Più di due carreggiate,Asciutto,Asfaltata,Verticale ed orizzontale,Sereno,Normale,Buona,Ore Diurne,0,0,0,4,NA,56
5,01/10/2014 16.00.00,Strada Urbana,all'intersezione con,VIA LUIGI VITTORIO BERTARELLI,Scontro frontale/laterale SX fra veicoli in marcia,Una carreggiata a doppio senso,Asciutto,Asfaltata,Verticale ed orizzontale,Nuvoloso,Normale,Buona,Ore Diurne,0,0,0,3,NA,NA
2,01/10/2014 16.10.00,Strada Urbana,in prossimità,del civico n.,Veicolo in marcia contro veicolo fermo,Una carreggiata a senso unico di marcia,Asciutto,Asfaltata,Verticale ed orizzontale,Nuvoloso,Normale,Buona,Ore Diurne,0,0,0,3,NA,37/d
8,01/10/2014 16.10.00,Statale entro l'abitato,in corrispondenza,del civico n. ,Scontro laterale fra veicoli in marcia,Una carreggiata a doppio senso,Asciutto,Asfaltata,Verticale ed orizzontale,Nuvoloso,Normale,Buona,Ore Diurne,0,0,0,2,NA,1672
10,01/10/2014 16.45.00,Strada Urbana,all'intersezione con,VIA FRANCESCO ANTOLISEI,Scontro laterale fra veicoli in marcia,Due carreggiate,Asciutto,Asfaltata,Verticale,Sereno,Normale,Buona,Ore Diurne,0,0,0,6,NA,NA
16,01/10/2014 16.55.00,Strada Urbana,in corrispondenza,del civico n. ,Veicolo in marcia contro veicolo in sosta,Una carreggiata a senso unico di marcia,Asciutto,Asfaltata,Assente,Nuvoloso,Intenso,Buona,Ore Diurne,0,0,0,3,NA,21
9,01/10/2014 17.05.00,Strada Urbana,all'intersezione con,VIA DEMETRIADE,Scontro frontale/laterale DX fra veicoli in marcia,Una carreggiata a senso unico di marcia,Asciutto,Asfaltata,Verticale ed orizzontale,Sereno,Normale,Buona,Sufficiente,0,0,0,3,NA,NA
10,01/10/2014 17.07.00,Strada Urbana,da specificare,NA,Fuoriuscita dalla sede stradale,Una carreggiata a senso unico di marcia,Asciutto,Asfaltata,Orizzontale,Sereno,Scarso,Buona,Insufficiente,1,0,0,0,fronte civ.270 di Via schiavonetti,NA