Gruppo,DataOraIncidente,Localizzazione1,Localizzazione2,Strada02,NaturaIncidente,TipoStrada,FondoStradale,Pavimentazione,Segnaletica,CondizioneAtmosferica,Traffico,Visibilita,Illuminazione,NUM_FERITI,NUM_RISERVATA,NUM_MORTI,NUM_ILLESI,DaSpecificare,Chilometrica
8,01/10/2014 17.15.00,Strada Urbana,in corrispondenza,del civico n. ,Veicolo in marcia contro ostacolo accidentale,Una carreggiata a doppio senso,Asciutto,Asfaltata,Verticale ed orizzontale,Nuvoloso,Normale,Sufficiente,Sufficiente,0,0,0,1,NA,320
2,01/10/2014 17.15.00,Strada Urbana,all'intersezione con,VIA AJACCIO,Scontro frontale/laterale DX fra veicoli in marcia,Due carreggiate,Asciutto,Asfaltata,Verticale ed orizzontale,Sereno,Normale,Sufficiente,Sufficiente,1,0,0,1,NA,NA
1,01/10/2014 17.20.00,Strada Urbana,all'intersezione con,VIA MARIA ADELAIDE,Scontro laterale fra veicoli in marcia,Una carreggiata a senso unico di marcia,Asciutto,In cubetti di porfido,Verticale,Sereno,Intenso,Sufficiente,Sufficiente,0,0,0,3,NA,NA
8,01/10/2014 17.30.00,Strada Urbana,in corrispondenza,del civico n. ,Veicolo in marcia contro ostacolo accidentale,Una carreggiata a doppio senso,Asciutto,Asfaltata,Verticale ed orizzontale,Nuvoloso,Normale,Sufficiente,Sufficiente,0,0,0,1,NA,320
20,01/10/2014 17.45.00,Statale,da specificare,NA,Scontro frontale/laterale DX fra veicoli in marcia,Una carreggiata a doppio senso,Asciutto,Asfaltata,Verticale ed orizzontale,Nuvoloso,Normale,Buona,Sufficiente,1,0,0,1,altez. rampa GRA corsia iinterna dir. centro città,NA
18,01/10/2014 17.45.00,Strada Urbana,in prossimità,del fronte civico n. ,Veicolo in marcia contro veicolo in sosta,Una carreggiata a doppio senso,Asciutto,Asfaltata,Verticale ed orizzontale,Sereno,Normale,Sufficiente,Sufficiente,0,0,0,4,NA,313
18,01/10/2014 17.45.00,Strada Urbana,in prossimità,del civico n.,Investimento di pedone,Una carreggiata a doppio senso,Asciutto,Asfaltata,Verticale ed orizzontale,Nuvoloso,Normale,Sufficiente,Sufficiente,2,0,0,0,NA,21
12,01/10/2014 17.59.00,Provinciale entro l'abitato,in prossimità,del civico n. ,Tamponamento,Due carreggiate,Asciutto,Asfaltata,Verticale ed orizzontale,Sereno,Normale,Buona,Sufficiente,0,0,0,1,NA,526
8,01/10/2014 18.00.00,Strada Urbana,in corrispondenza,del civico n. ,Veicolo in marcia contro ostacolo accidentale,Una carreggiata a doppio senso,Asciutto,Strada pavimentata dissestata,Verticale ed orizzontale,Nuvoloso,Scarso,Buona,Sufficiente,0,0,0,1,NA,320
5,01/10/2014 18.10.00,Strada Urbana,da specificare,NA,Investimento di pedone,Una carreggiata a doppio senso,Asciutto,Asfaltata,Verticale ed orizzontale,Nuvoloso,Normale,Sufficiente,Sufficiente,1,0,0,1,fronte civico 54,NA
18,01/10/2014 18.30.00,NA,in corrispondenza,della chilometrica ,Ribaltamento senza urto contro ostacolo fisso,NA,NA,NA,NA,NA,NA,NA,NA,0,0,1,0,NA,"16,200"
13,01/10/2014 18.45.00,Strada Urbana,all'intersezione con,VIA DELLE EBRIDI,Scontro laterale fra veicoli in marcia,Una carreggiata a doppio senso,Asciutto,Asfaltata,Verticale ed orizzontale,Sereno,Normale,Buona,Sufficiente,1,0,0,1,NA,NA
5,01/10/2014 18.50.00,Strada Urbana,all'intersezione con,VIA CAMESENA,Scontro laterale fra veicoli in marcia,Due carreggiate,Asciutto,Asfaltata,Verticale ed orizzontale,Sereno,Intenso,Buona,Sufficiente,0,0,0,3,NA,NA
17,01/10/2014 19.00.00,Strada Urbana,all'intersezione con,VIA SABOTINO,Scontro frontale/laterale DX fra veicoli in marcia,Due carreggiate,Asciutto,Asfaltata,Verticale ed orizzontale,Nuvoloso,Normale,Buona,Sufficiente,0,0,0,2,NA,NA
8,01/10/2014 19.00.00,Strada Urbana,in prossimità,del civico n. ,Veicolo in marcia contro ostacolo accidentale,Una carreggiata a doppio senso,Bagnato (umidità in atto),Asfaltata,Verticale ed orizzontale,Nuvoloso,Normale,Sufficiente,Sufficiente,0,0,0,3,NA,192
3,01/10/2014 19.05.00,Strada Urbana,all'intersezione con,VIA PIETRO L'EREMITA,Tamponamento,Una carreggiata a senso unico di marcia,Asciutto,Asfaltata,Verticale ed orizzontale,Nuvoloso,Normale,Sufficiente,Sufficiente,1,0,0,4,NA,NA
7,01/10/2014 19.10.00,Strada Urbana,in corrispondenza,del civico n.,Veicolo in marcia contro veicoli in arresto,Una carreggiata a doppio senso,Asciutto,Asfaltata,Assente,Sereno,Normale,Sufficiente,Sufficiente,0,0,0,4,NA,596
17,01/10/2014 19.15.00,Strada Urbana,all'intersezione con,VIA DEGLI SCIPIONI,Investimento di pedone,Una carreggiata a doppio senso,Asciutto,Asfaltata,Verticale ed orizzontale,Sereno,Normale,Sufficiente,Sufficiente,1,0,0,1,NA,NA
11,01/10/2014 19.40.00,Strada Urbana,all'intersezione con,VIA NICOLO' DA PISTOIA,Scontro frontale/laterale DX fra veicoli in marcia,Una carreggiata a senso unico di marcia,Asciutto,Asfaltata,Verticale ed orizzontale,Nuvoloso,Scarso,Sufficiente,Sufficiente,1,0,0,2,NA,NA
5,01/10/2014 19.50.00,Strada Urbana,all'intersezione con,VIA TRIVENTO,Tamponamento,Una carreggiata a doppio senso,Asciutto,Asfaltata,Verticale ed orizzontale,Sereno,Normale,Buona,Sufficiente,0,0,0,3,NA,NA
10,01/10/2014 19.55.00,Strada Urbana,all'intersezione con,VIA CALPURNIO FIAMMA,Scontro laterale fra veicoli in marcia,Due carreggiate,Asciutto,Asfaltata,Verticale ed orizzontale,Nuvoloso,Normale,Buona,Sufficiente,0,0,0,1,NA,NA
13,01/10/2014 20.00.00,Strada Urbana,da specificare,NA,Scontro laterale fra veicoli in marcia,Due carreggiate,Asciutto,Asfaltata,Assente,Sereno,Normale,Buona,Sufficiente,0,0,0,3,circa m.70 prima incrocio Via dell'Appagliatore,NA
12,01/10/2014 20.15.00,Provinciale,all'intersezione con,VIA DI TRIGORIA,Scontro laterale fra veicoli in marcia,Due carreggiate,Asciutto,Asfaltata,Verticale ed orizzontale,Sereno,Normale,Buona,Ore Diurne,0,0,0,2,NA,NA
8,01/10/2014 20.20.00,Strada Urbana,all'intersezione con,VIA SELLIA,Veicolo in marcia contro ostacolo accidentale,Una carreggiata a doppio senso,Asciutto,Asfaltata,Verticale ed orizzontale,Nuvoloso,Scarso,Buona,Sufficiente,0,0,0,2,NA,NA
15,01/10/2014 20.40.00,Strada Urbana,in corrispondenza,del civico n.,Veicolo in marcia contro veicolo arresto,Una carreggiata a doppio senso,Asciutto,Asfaltata,Assente,Sereno,Scarso,Buona,Sufficiente,0,0,0,2,NA,89
4,01/10/2014 21.00.00,Strada Urbana,da specificare,NA,Veicolo in marcia contro ostacolo fisso,Una carreggiata a doppio senso,Asciutto,Lastricata,Verticale,Sereno,Scarso,Sufficiente,Sufficiente,0,0,0,3,fronte civico 31,NA
16,01/10/2014 21.30.00,Strada Urbana,all'intersezione semaforizzata con,VIA FERDINANDO PALASCIANO,Scontro laterale fra veicoli in marcia,Più di due carreggiate,Asciutto,Asfaltata,Verticale ed orizzontale,Nuvoloso,Scarso,Sufficiente,Sufficiente,0,0,0,2,NA,NA
1,01/10/2014 21.30.00,Strada Urbana,all'intersezione con,VIA OSTILIA,Veicolo in marcia contro veicolo in sosta,Una carreggiata a senso unico di marcia,Asciutto,Asfaltata,Verticale ed orizzontale,Sereno,Scarso,Buona,Sufficiente,0,0,0,3,NA,NA
17,01/10/2014 22.15.00,Strada Urbana,all'intersezione semaforizzata con,VIALE GIULIO CESARE,Scontro frontale/laterale DX fra veicoli in marcia,Una carreggiata a doppio senso,Asciutto,Asfaltata,Verticale ed orizzontale,Sereno,Normale,Buona,Sufficiente,2,0,0,2,NA,NA
15,01/10/2014 22.45.00,Strada Urbana,all'intersezione semaforizzata con,PIAZZA AUGUSTO RIGHI,Tamponamento,Una carreggiata a doppio senso,Asciutto,Asfaltata,Verticale ed orizzontale,Sereno,Scarso,Buona,Sufficiente,0,0,0,3,NA,NA
16,01/10/2014 23.00.00,Strada Urbana,in corrispondenza,del civico n.,Veicolo in marcia contro veicolo in sosta,Una carreggiata a doppio senso,Asciutto,Asfaltata,Orizzontale,Nuvoloso,Normale,Sufficiente,Sufficiente,0,0,0,1,NA,95/d
6,01/10/2014 23.20.00,Strada Urbana,da specificare,NA,Tamponamento,Una carreggiata a doppio senso,Asciutto,Asfaltata,Verticale ed orizzontale,Nuvoloso,Scarso,Buona,Sufficiente,2,0,0,1,fronte civico 236 ,NA
5,01/10/2014 23.30.00,Strada Urbana,in corrispondenza,del civico n. ,Tamponamento,Due carreggiate,Asciutto,Asfaltata,Temporanea di cantiere,Sereno,Scarso,Sufficiente,Sufficiente,0,0,0,3,NA,345
6,01/10/2014 23.45.00,Strada Urbana,in prossimità,del civico n.,Veicolo in marcia contro veicoli in sosta,Una carreggiata a senso unico di marcia,Asciutto,Asfaltata,Verticale ed orizzontale,Nebbia,Scarso,Buona,Ore Diurne,0,0,0,1,NA,72
1,01/11/2014 00.35.00,Strada Urbana,in corrispondenza,del palo luce n.,Veicolo in marcia contro ostacolo accidentale,Una carreggiata a senso unico di marcia,Asciutto,Asfaltata,Verticale ed orizzontale,Sereno,Normale,Buona,Sufficiente,0,0,0,3,NA,51
9,01/11/2014 01.10.00,Strada Urbana,all'intersezione semaforizzata con,VIA GABI,Scontro frontale/laterale DX fra veicoli in marcia,Una carreggiata a doppio senso,Asciutto,Asfaltata,Verticale ed orizzontale,Sereno,Normale,Sufficiente,Sufficiente,0,0,0,2,NA,NA
2,01/11/2014 01.30.00,Strada Urbana,in corrispondenza,del civico n.,Scontro frontale/laterale SX fra veicoli in marcia,Una carreggiata a doppio senso,Asciutto,Asfaltata,Verticale ed orizzontale,Sereno,Scarso,Sufficiente,Sufficiente,0,0,0,7,NA,373
6,01/11/2014 02.40.00,Strada Urbana,in prossimità,del civico n.,Tamponamento,Una carreggiata a senso unico di marcia,Asciutto,Asfaltata,Verticale ed orizzontale,Nuvoloso,Scarso,Sufficiente,Sufficiente,2,0,0,1,NA,602
11,01/11/2014 04.30.00,Strada Urbana,in corrispondenza,del civico n. ,Fuoriuscita dalla sede stradale,Una carreggiata a doppio senso,Asciutto,Asfaltata,Orizzontale,Sereno,Scarso,Buona,Sufficiente,0,0,0,1,NA,41
1,01/11/2014 06.00.00,Strada Urbana,in prossimità,del civico n.,Veicolo in marcia contro veicoli in sosta,Una carreggiata a senso unico di marcia,Asciutto,In cubetti di porfido,Verticale ed orizzontale,Sereno,Scarso,Buona,Sufficiente,0,0,0,1,NA,9
8,01/11/2014 06.40.00,Provinciale entro l'abitato,all'intersezione con,VIA MIRABELLA ECLANO,Scontro frontale/laterale DX fra veicoli in marcia,Una carreggiata a doppio senso,Asciutto,Asfaltata,Verticale ed orizzontale,Sereno,Scarso,Buona,Sufficiente,2,0,0,0,NA,NA
13,01/11/2014 06.45.00,Strada Urbana,all'intersezione con,VIA DEI PANFILI,Scontro frontale/laterale SX fra veicoli in marcia,Due carreggiate,Asciutto,Asfaltata,Verticale ed orizzontale,Sereno,Scarso,Buona,Ore Diurne,0,0,0,3,NA,NA
8,01/11/2014 07.30.00,Strada Urbana,in corrispondenza,del civico n.,Veicolo in marcia contro ostacolo accidentale,Una carreggiata a senso unico di marcia,Asciutto,Asfaltata,Verticale ed orizzontale,Sereno,Scarso,Buona,Ore Diurne,0,0,0,1,NA,1813/A
3,01/11/2014 07.38.00,Strada Urbana,da specificare,NA,Scontro laterale fra veicoli in marcia,Due carreggiate,Asciutto,Asfaltata,Verticale ed orizzontale,Sereno,Normale,Buona,Ore Diurne,0,0,0,2,dir. salaria svincolo Bologna/Livorno,NA
20,01/11/2014 08.15.00,Strada Urbana,all'intersezione con,VIA INVERIGO,Scontro frontale/laterale SX fra veicoli in marcia,Una carreggiata a doppio senso,Bagnato (umidità in atto),Asfaltata,Assente,Nebbia,Scarso,Sufficiente,Ore Diurne,1,0,0,1,NA,NA
16,01/11/2014 08.30.00,Strada Urbana,da specificare,NA,Investimento di pedone,Due carreggiate,Asciutto,Asfaltata,Verticale ed orizzontale,Sereno,Normale,Buona,Ore Diurne,1,0,0,1,all'altezza del fronte civico 65,NA
8,01/11/2014 08.30.00,Strada Urbana,all'intersezione semaforizzata con,VIA DEL TORRACCIO DI TORRENOVA,Scontro laterale fra veicoli in marcia,Due carreggiate,Asciutto,Asfaltata,Verticale ed orizzontale,Sereno,Normale,Buona,Ore Diurne,1,0,0,1,NA,NA
17,01/11/2014 08.30.00,Strada Urbana,in corrispondenza,del civico n.,Tamponamento Multiplo,Due carreggiate,Asciutto,Asfaltata,Verticale ed orizzontale,Sereno,Scarso,Buona,Ore Diurne,3,0,0,2,NA,19
1,01/11/2014 08.50.00,Strada Urbana,in corrispondenza,del civico n.,Investimento di pedone,Una carreggiata a doppio senso,Asciutto,Asfaltata,Verticale ed orizzontale,Sereno,Normale,Buona,Ore Diurne,1,0,0,3,NA,76/A
15,01/11/2014 09.00.00,Strada Urbana,da specificare,NA,Infortunio per sola frenata improvvisa,Una carreggiata a doppio senso,Asciutto,Asfaltata,Orizzontale,Sereno,Scarso,Buona,Ore Diurne,1,0,0,0,in corrispondenza del fronte civico 122,NA
3,01/11/2014 09.15.00,Strada Urbana,da specificare,NA,Infortunio per caduta del veicolo,Una carreggiata a senso unico di marcia,Sdrucciolevole (terriccio),Asfaltata,Verticale ed orizzontale,Sereno,Normale,Buona,Ore Diurne,0,0,0,1,direzione san lorenzo poco prima del ponte,NA
4,01/11/2014 10.00.00,Strada Urbana,all'intersezione con,VIA OLINDO GUERRINI,Scontro frontale/laterale SX fra veicoli in marcia,Una carreggiata a doppio senso,Asciutto,Asfaltata,Verticale ed orizzontale,Sereno,Normale,Buona,Ore Diurne,0,0,0,2,NA,NA
20,01/11/2014 10.00.00,Provinciale entro l'abitato,da specificare,NA,Veicolo in marcia contro ostacolo accidentale,Una carreggiata a doppio senso,Bagnato (umidità in atto),Asfaltata,Orizzontale,Foschia,Scarso,Sufficiente,Ore Diurne,1,0,0,1,prossimità fronte civico 300,NA
13,01/11/2014 10.20.00,Strada Urbana,all'intersezione con,VIA VALFLORIANA,Scontro frontale/laterale DX fra veicoli in marcia,Una carreggiata a doppio senso,Asciutto,Asfaltata,Verticale,Sereno,Normale,Buona,Ore Diurne,2,0,0,2,NA,NA
2,01/11/2014 10.40.00,Strada Urbana,all'intersezione semaforizzata con,PIAZZA GENTILE DA FABRIANO,Tamponamento,Una carreggiata a doppio senso,Asciutto,Asfaltata,Verticale ed orizzontale,Sereno,Scarso,Buona,Ore Diurne,1,0,0,2,NA,NA
1,01/11/2014 10.45.00,Strada Urbana,in prossimità,del civico n.,Scontro frontale/laterale SX fra veicoli in marcia,Due carreggiate,Asciutto,Asfaltata,Verticale ed orizzontale,Sereno,Scarso,Buona,Ore Diurne,0,0,0,3,NA,102
18,01/11/2014 10.50.00,Strada Urbana,da specificare,NA,Scontro laterale fra veicoli in marcia,Una carreggiata a doppio senso,Asciutto,Asfaltata,Verticale ed orizzontale,Sereno,Normale,Buona,Ore Diurne,1,0,0,0,in prossimità di VIA ANTONIO NEVIANI,NA
4,01/11/2014 10.50.00,Strada Urbana,all'intersezione con,VIALE CARMELO BENE,Scontro frontale fra veicoli in marcia,Una carreggiata a doppio senso,Asciutto,Asfaltata,Assente,Sereno,Scarso,Buona,Ore Diurne,1,0,0,2,NA,NA
3,01/11/2014 11.35.00,Strada Urbana,all'intersezione con,VIA TIBURTINA,Scontro frontale/laterale SX fra veicoli in marcia,Una carreggiata a doppio senso,Asciutto,Asfaltata,Verticale ed orizzontale,Sereno,Normale,Buona,Ore Diurne,0,0,0,2,NA,NA
19,01/11/2014 11.55.00,Strada Urbana,in prossimità,del civico n.,Scontro laterale fra veicoli in marcia,Una carreggiata a doppio senso,Asciutto,Asfaltata,Verticale,Sereno,Normale,Buona,Ore Diurne,1,0,0,1,NA,9256
1,01/11/2014 12.00.00,Strada Urbana,all'intersezione semaforizzata con,VIA OSTIENSE,Scontro frontale/laterale SX fra veicoli in marcia,Due carreggiate,Asciutto,Asfaltata,Verticale ed orizzontale,Sereno,Normale,Buona,Ore Diurne,1,0,0,1,NA,NA
5,01/11/2014 12.10.00,Strada Urbana,all'intersezione semaforizzata con,VIA GIOVANNI PALOMBINI,Tamponamento,Due carreggiate,Asciutto,Asfaltata,Verticale ed orizzontale,Nuvoloso,Normale,Buona,Ore Diurne,0,0,0,4,NA,NA
11,01/11/2014 12.20.00,Strada Urbana,all'intersezione semaforizzata con,VIA MACEDONIO MELLONI,Investimento di pedone,Due carreggiate,Asciutto,Asfaltata,Verticale ed orizzontale,Sereno,Normale,Buona,Ore Diurne,0,1,0,1,NA,NA
4,01/11/2014 12.30.00,Strada Urbana,da specificare,NA,Scontro frontale/laterale DX fra veicoli in marcia,Una carreggiata a doppio senso,Asciutto,Asfaltata,Verticale ed orizzontale,Sereno,Normale,Buona,Ore Diurne,0,0,0,4,rampa V.le Jonio per V.le Adiratico,NA
15,01/11/2014 13.00.00,Strada Urbana,in corrispondenza,del civico n.,Scontro frontale/laterale SX fra veicoli in marcia,Una carreggiata a doppio senso,Asciutto,Asfaltata,Verticale ed orizzontale,Nuvoloso,Normale,Buona,Ore Diurne,1,0,0,1,NA,544e
2,01/11/2014 13.25.00,Strada Urbana,in prossimità,del palo luce n.,Tamponamento Multiplo,Due carreggiate,Asciutto,Asfaltata,Verticale ed orizzontale,Sereno,Intenso,Buona,Ore Diurne,1,0,0,6,NA,278
1,01/11/2014 13.40.00,Strada Urbana,all'intersezione con,VIA DI S. BALBINA,Scontro frontale/laterale DX fra veicoli in marcia,Una carreggiata a doppio senso,Asciutto,Asfaltata,Assente,Nuvoloso,Scarso,Buona,Ore Diurne,1,0,0,4,NA,NA
17,01/11/2014 13.45.00,Strada Urbana,in prossimità,del civico n. ,Scontro frontale/laterale DX fra veicoli in marcia,Più di due carreggiate,Asciutto,Asfaltata,Verticale ed orizzontale,Sereno,Normale,Buona,Ore Diurne,0,0,0,2,NA,10
11,01/11/2014 14.25.00,Strada Urbana,all'intersezione con,VIALE LEONARDO DA VINCI,Scontro frontale fra veicoli in marcia,Una carreggiata a senso unico di marcia,Asciutto,Asfaltata,Verticale ed orizzontale,Nuvoloso,Scarso,Buona,Ore Diurne,0,0,0,2,NA,NA
13,01/11/2014 15.20.00,Strada Urbana,all'intersezione con,VIA GINO BONICHI,Scontro frontale/laterale DX fra veicoli in marcia,Una carreggiata a doppio senso,Asciutto,Asfaltata,Verticale,Sereno,Normale,Buona,Ore Diurne,2,0,0,1,NA,NA
17,01/11/2014 15.30.00,Strada Urbana,in corrispondenza,del civico n. ,Scontro laterale fra veicoli in marcia,Una carreggiata a doppio senso,Asciutto,Asfaltata,Verticale ed orizzontale,Sereno,Normale,Buona,Ore Diurne,0,0,0,2,NA,45
1,01/11/2014 15.30.00,Strada Urbana,in prossimità,del civico n.,Veicolo in marcia contro veicolo in sosta,Una carreggiata a doppio senso,Asciutto,Acciotolata,Verticale ed orizzontale,Nuvoloso,Normale,Buona,Ore Diurne,0,0,0,1,NA,136/A
18,01/11/2014 16.15.00,Strada Urbana,in prossimità,del civico n.,Veicolo in marcia contro ostacolo fisso,Due carreggiate,Asciutto,Strada pavimentata dissestata,Temporanea di cantiere,Sereno,Normale,Buona,Ore Diurne,1,0,0,0,NA,450
4,01/11/2014 16.30.00,Strada Urbana,in corrispondenza,del civico n. ,Veicolo in marcia contro veicoli in sosta,Una carreggiata a senso unico di marcia,Asciutto,Asfaltata,Orizzontale,Sereno,Scarso,Buona,Ore Diurne,0,0,0,1,NA,34 F
16,01/11/2014 16.30.00,Strada Urbana,da specificare,NA,Veicolo in marcia contro veicoli in sosta,Una carreggiata a senso unico di marcia,Asciutto,Asfaltata,Verticale ed orizzontale,Sereno,Normale,Buona,Ore Diurne,1,0,0,0,corrispondenza del fronte civico 22,NA
11,01/11/2014 16.50.00,Strada Urbana,all'intersezione semaforizzata con,CIRCONVALLAZIONE OSTIENSE,Investimento di pedone,Più di due carreggiate,Asciutto,Asfaltata,Verticale ed orizzontale,Sereno,Normale,Sufficiente,Ore Diurne,1,0,0,5,NA,NA
19,01/11/2014 17.20.00,Strada Urbana,da specificare,NA,Veicolo in marcia contro ostacolo fisso,Una carreggiata a senso unico di marcia,Asciutto,Asfaltata,Verticale,Sereno,Normale,Buona,Sufficiente,0,0,0,1,prossimità fronte. civ. 5,NA
19,01/11/2014 17.30.00,Strada Urbana,all'intersezione con,VIA MARIA PEZZE' PASCOLATO,Scontro frontale/laterale DX fra veicoli in marcia,Una carreggiata a doppio senso,Asciutto,Asfaltata,Verticale ed orizzontale,Sereno,Normale,Sufficiente,Sufficiente,0,0,0,2,NA,NA
19,01/11/2014 17.30.00,Strada Urbana,all'intersezione con,VIA IPOGEO DEGLI OTTAVI,Tamponamento,Una carreggiata a doppio senso,Asciutto,Asfaltata,Verticale ed orizzontale,Sereno,Scarso,Sufficiente,Sufficiente,0,0,0,3,NA,NA
5,01/11/2014 17.30.00,Strada Urbana,in corrispondenza,del civico n. ,Investimento di pedone,Una carreggiata a doppio senso,Asciutto,Asfaltata,Verticale,Sereno,Normale,Sufficiente,Sufficiente,2,0,0,1,NA,42
1,01/11/2014 17.35.00,Strada Urbana,all'intersezione semaforizzata con,VIA ARENULA,Scontro frontale/laterale DX fra veicoli in marcia,Due carreggiate,Asciutto,Asfaltata,Verticale ed orizzontale,Sereno,Normale,Sufficiente,Sufficiente,2,0,0,3,NA,NA
7,01/11/2014 18.00.00,Strada Urbana,da specificare,NA,Scontro laterale fra veicoli in marcia,Una carreggiata a doppio senso,Asciutto,Asfaltata,Assente,Sereno,Normale,Buona,Sufficiente,0,0,0,2,fronte civico 93,NA
20,01/11/2014 18.00.00,Strada Urbana,da specificare,NA,Infortunio per caduta del veicolo,Due carreggiate,Asciutto,Asfaltata,Verticale ed orizzontale,Sereno,Intenso,Sufficiente,Sufficiente,1,0,0,0,direz GRA altezza via G.Pecchio,NA
8,01/11/2014 18.40.00,Strada Urbana,in corrispondenza,del civico n. ,Veicolo in marcia contro veicolo in sosta,Una carreggiata a doppio senso,Asciutto,Asfaltata,Verticale ed orizzontale,Sereno,Normale,Buona,Sufficiente,0,0,0,2,NA,24
16,01/11/2014 18.45.00,Strada Urbana,all'intersezione semaforizzata con,VIA FEDERICO DI DONATO,Tamponamento Multiplo,Una carreggiata a doppio senso,Asciutto,Asfaltata,Verticale ed orizzontale,Sereno,Normale,Sufficiente,Sufficiente,0,0,0,4,NA,NA
10,01/11/2014 18.50.00,Strada Urbana,all'intersezione con,VIALE SPARTACO,Tamponamento,Una carreggiata a senso unico di marcia,Asciutto,Asfaltata,Verticale ed orizzontale,Sereno,Scarso,Sufficiente,Sufficiente,0,0,0,2,NA,NA
2,01/11/2014 19.05.00,Strada Urbana,all'intersezione con,VIA LUCA MARENZIO,Veicolo in marcia contro veicolo in sosta,Una carreggiata a senso unico di marcia,Asciutto,Asfaltata,Verticale ed orizzontale,Sereno,Normale,Buona,Sufficiente,0,0,0,1,NA,NA
13,01/11/2014 19.10.00,Strada Urbana,all'intersezione con,VIA DEL CANALE DELLA LINGUA,Scontro laterale fra veicoli in marcia,Una carreggiata a doppio senso,Asciutto,Asfaltata,Verticale ed orizzontale,Sereno,Normale,Buona,Sufficiente,0,0,0,2,NA,NA
4,01/11/2014 19.10.00,Strada Urbana,all'intersezione con,VIALE FRANCESCO PASINETTI,Scontro laterale fra veicoli in marcia,Una carreggiata a senso unico di marcia,Asciutto,Asfaltata,Verticale ed orizzontale,Sereno,Normale,Sufficiente,Sufficiente,0,0,0,3,NA,NA
8,01/11/2014 19.30.00,Provinciale entro l'abitato,in corrispondenza,del civico n. ,Tamponamento,Una carreggiata a doppio senso,Asciutto,Asfaltata,Verticale ed orizzontale,Sereno,Normale,Sufficiente,Sufficiente,0,0,0,1,NA,1520
9,01/11/2014 20.10.00,Strada Urbana,in corrispondenza,del civico n. ,Scontro laterale fra veicoli in marcia,Una carreggiata a doppio senso,Asciutto,Asfaltata,Verticale ed orizzontale,Sereno,Intenso,Buona,Sufficiente,0,0,0,5,NA,45
13,01/11/2014 20.15.00,Strada Urbana,da specificare,NA,Tamponamento,Una carreggiata a doppio senso,Asciutto,Asfaltata,Verticale ed orizzontale,Sereno,Normale,Buona,Sufficiente,0,0,0,2,in prossimità palina ATAC 76683,NA
6,01/11/2014 20.45.00,Strada Urbana,all'intersezione con,VIA DI GROTTA DI GREGNA,Scontro frontale/laterale SX fra veicoli in marcia,Una carreggiata a doppio senso,Asciutto,Asfaltata,Verticale ed orizzontale,Sereno,Normale,Sufficiente,Sufficiente,0,0,0,3,NA,NA
11,01/11/2014 20.50.00,Strada Urbana,all'intersezione semaforizzata con,VIA DELL'ALMONE,Scontro frontale/laterale DX fra veicoli in marcia,Più di due carreggiate,Asciutto,Asfaltata,Verticale ed orizzontale,Sereno,Normale,Sufficiente,Sufficiente,0,0,0,3,NA,NA
4,01/11/2014 21.15.00,Strada Urbana,da specificare,NA,Veicolo in marcia contro ostacolo fisso,Una carreggiata a doppio senso,Asciutto,Asfaltata,Verticale,Sereno,Scarso,Buona,Sufficiente,0,0,0,2,area di parcheggio,NA
20,01/11/2014 21.20.00,Strada Urbana,in prossimità,del civico n.,Veicolo in marcia contro veicoli in sosta,Una carreggiata a doppio senso,Asciutto,Asfaltata,Verticale ed orizzontale,Nuvoloso,Scarso,Buona,Sufficiente,0,0,0,1,NA,221
8,01/11/2014 21.30.00,Strada Urbana,all'intersezione con,VIA DEL PETTIROSSO,Scontro frontale/laterale SX fra veicoli in marcia,Una carreggiata a senso unico di marcia,Asciutto,Asfaltata,Verticale ed orizzontale,Nuvoloso,Normale,Sufficiente,Sufficiente,0,0,0,1,NA,NA
23,01/11/2014 21.35.00,Comunale extraurbana,all'intersezione semaforizzata con,VIALE DELLA VILLA DI PLINIO,Scontro frontale/laterale DX fra veicoli in marcia,Più di due carreggiate,Asciutto,Asfaltata,Verticale ed orizzontale,Sereno,Scarso,Sufficiente,Inesistente,1,0,0,2,NA,NA
3,01/11/2014 22.00.00,Strada Urbana,da specificare,NA,Scontro laterale fra veicoli in marcia,Più di due carreggiate,Asciutto,Asfaltata,Orizzontale,Sereno,Scarso,Buona,Sufficiente,0,0,0,3,prossimità fronte civici 40/42,NA
17,01/11/2014 23.00.00,Strada Urbana,all'intersezione con,VIA CARLO GRABAU,Scontro frontale/laterale SX fra veicoli in marcia,Due carreggiate,Asciutto,Asfaltata,Verticale ed orizzontale,Sereno,Scarso,Buona,Sufficiente,1,0,0,1,NA,NA
1,01/11/2014 23.05.00,Strada Urbana,in prossimità,del civico n.,Veicolo in marcia contro veicolo arresto,Una carreggiata a senso unico di marcia,Asciutto,Asfaltata,Assente,Sereno,Intenso,Buona,Sufficiente,1,0,0,3,NA,15
8,01/11/2014 23.19.00,Strada Urbana,in corrispondenza,del civico n. ,Veicolo in marcia contro ostacolo accidentale,Una carreggiata a doppio senso,Asciutto,Asfaltata,Verticale ed orizzontale,Nuvoloso,Scarso,Sufficiente,Sufficiente,0,0,0,2,NA,73
12,01/11/2014 23.46.00,Strada Urbana,in prossimità,del civico n.,Veicolo in marcia contro veicolo in sosta,Una carreggiata a doppio senso,Asciutto,Asfaltata,Orizzontale,Nuvoloso,Scarso,Buona,Sufficiente,1,0,0,0,NA,113