Gruppo,DataOraIncidente,Localizzazione1,Localizzazione2,Strada02,NaturaIncidente,TipoStrada,FondoStradale,Pavimentazione,Segnaletica,CondizioneAtmosferica,Traffico,Visibilita,Illuminazione,NUM_FERITI,NUM_RISERVATA,NUM_MORTI,NUM_ILLESI,DaSpecificare,Chilometrica
4,01/12/2014 00.15.00,Strada Urbana,all'intersezione con,VIA VALLE BORBERA,Scontro frontale/laterale DX fra veicoli in marcia,Due carreggiate,Asciutto,Asfaltata,Verticale ed orizzontale,Sereno,Scarso,Buona,Sufficiente,1,0,0,1,NA,NA
3,01/12/2014 00.50.00,Strada Urbana,da specificare,NA,Tamponamento Multiplo,Una carreggiata a senso unico di marcia,Asciutto,Asfaltata,Verticale ed orizzontale,Sereno,Scarso,Buona,Sufficiente,0,0,0,5,altezza rampa sopraelevata per Via Tiburtina,NA
12,01/12/2014 01.30.00,Strada Urbana,in prossimità,del civico n. ,Veicolo in marcia contro ostacolo fisso,Una carreggiata a doppio senso,Asciutto,Asfaltata,Verticale ed orizzontale,Nuvoloso,Scarso,Buona,Sufficiente,0,0,0,2,NA,201
1,01/12/2014 02.20.00,Strada Urbana,in corrispondenza,del civico n. ,Veicolo in marcia contro veicolo in sosta,Una carreggiata a senso unico di marcia,Asciutto,Asfaltata,Verticale ed orizzontale,Sereno,Scarso,Sufficiente,Sufficiente,0,0,0,4,NA,24
17,01/12/2014 03.00.00,Strada Urbana,all'intersezione con,VIA STEFANO PORCARI,Scontro frontale/laterale DX fra veicoli in marcia,Una carreggiata a senso unico di marcia,Asciutto,Asfaltata,Verticale ed orizzontale,Sereno,Scarso,Buona,Sufficiente,1,0,0,1,NA,NA
18,01/12/2014 03.15.00,Strada Urbana,in prossimità,del civico n.,Veicolo in marcia contro ostacolo fisso,Più di due carreggiate,Asciutto,Asfaltata,Verticale ed orizzontale,Sereno,Scarso,Sufficiente,Sufficiente,0,0,0,2,NA,236
7,01/12/2014 03.20.00,Strada Urbana,all'intersezione semaforizzata con,LARGO PRENESTE,Veicolo in marcia contro veicolo fermo,Più di due carreggiate,Asciutto,Asfaltata,Verticale ed orizzontale,Sereno,Scarso,Sufficiente,Sufficiente,0,0,0,2,NA,NA
19,01/12/2014 03.30.00,Strada Urbana,in prossimità,del civico n. ,Veicolo in marcia contro ostacolo fisso,Una carreggiata a senso unico di marcia,Asciutto,Asfaltata,Verticale ed orizzontale,Nuvoloso,Scarso,Insufficiente,Insufficiente,0,0,0,1,NA,217
1,01/12/2014 03.45.00,Strada Urbana,all'intersezione semaforizzata con,VIA DI PORTA MAGGIORE,Scontro frontale fra veicoli in marcia,Una carreggiata a doppio senso,Asciutto,Asfaltata,Verticale ed orizzontale,Sereno,Scarso,Buona,Sufficiente,1,0,0,3,NA,NA
1,01/12/2014 03.45.00,Strada Urbana,in prossimità,del civico n.,Veicolo in marcia contro veicolo in sosta,Una carreggiata a senso unico di marcia,Asciutto,Asfaltata,Verticale ed orizzontale,Sereno,Scarso,Buona,Sufficiente,0,0,0,1,NA,267/A
1,01/12/2014 04.00.00,Strada Urbana,all'intersezione semaforizzata con,LARGO CORRADO RICCI,Veicolo in marcia contro ostacolo fisso,Due carreggiate,Asciutto,Acciotolata,Verticale ed orizzontale,Sereno,Scarso,Sufficiente,Sufficiente,0,0,0,0,NA,NA
2,01/12/2014 04.10.00,Strada Urbana,da specificare,NA,Veicolo in marcia contro ostacolo fisso,Una carreggiata a senso unico di marcia,Asciutto,Asfaltata,Verticale ed orizzontale,Nebbia,Scarso,Buona,Sufficiente,0,0,0,1,alt. rampa uscita Salaria-GRA  dir. S. Giovanni,NA
16,01/12/2014 04.45.00,Strada Urbana,all'intersezione semaforizzata con,VIA LEONE XIII,Scontro frontale/laterale DX fra veicoli in marcia,Due carreggiate,Asciutto,Asfaltata,Verticale ed orizzontale,Sereno,Scarso,Buona,Sufficiente,0,0,0,2,NA,NA
15,01/12/2014 05.00.00,Strada Urbana,in prossimità,del civico n.,Veicolo in marcia contro veicoli in sosta,Una carreggiata a doppio senso,Asciutto,Asfaltata,Assente,Nuvoloso,Scarso,Sufficiente,Sufficiente,1,0,0,2,NA,107
5,01/12/2014 05.40.00,Strada Urbana,da specificare,NA,Scontro frontale fra veicoli in marcia,Una carreggiata a doppio senso,Asciutto,Asfaltata,Verticale ed orizzontale,Sereno,Scarso,Sufficiente,Sufficiente,1,0,0,1,altezza Via di S. Alessandro,NA
12,01/12/2014 05.45.00,Regionale entro l'abitato,in prossimità,della chilometrica ,Tamponamento,Due carreggiate,Asciutto,Asfaltata,Verticale ed orizzontale,Nuvoloso,Scarso,Buona,Inesistente,0,0,0,3,NA,"16,300"
11,01/12/2014 06.30.00,Strada Urbana,in corrispondenza,del civico n.,Veicolo in marcia contro veicolo in sosta,Più di due carreggiate,Asciutto,Asfaltata,Verticale ed orizzontale,Sereno,Scarso,Buona,Ore Diurne,0,0,0,0,NA,162d
4,01/12/2014 08.15.00,Statale entro l'abitato,in prossimità,del civico n. ,Veicolo in marcia contro ostacolo fisso,Due carreggiate,Asciutto,Asfaltata,Verticale ed orizzontale,Sereno,Scarso,Buona,Ore Diurne,0,0,0,3,NA,1279
10,01/12/2014 08.40.00,Strada Urbana,in prossimità,del civico n.,Scontro frontale/laterale SX fra veicoli in marcia,Una carreggiata a doppio senso,Asciutto,Asfaltata,Verticale ed orizzontale,Nuvoloso,Scarso,Buona,Ore Diurne,4,0,0,3,NA,542
12,01/12/2014 09.45.00,Strada Urbana,da specificare,NA,Veicolo in marcia contro ostacolo fisso,Una carreggiata a senso unico di marcia,Asciutto,Asfaltata,Verticale ed orizzontale,Nuvoloso,Scarso,Buona,Ore Diurne,0,0,0,1,in prossimità di via Paolo Renzi,NA
8,01/12/2014 11.00.00,Strada Urbana,in prossimità,del civico n.,Veicolo in marcia contro ostacolo accidentale,Due carreggiate,Asciutto,Con buche,Verticale ed orizzontale,Nuvoloso,Scarso,Sufficiente,Ore Diurne,0,0,0,1,NA,76
10,01/12/2014 11.15.00,Strada Urbana,da specificare,NA,Tamponamento,Una carreggiata a senso unico di marcia,Asciutto,Asfaltata,Verticale,Sereno,Scarso,Buona,Ore Diurne,0,0,0,3,500 mt dopo GRA direzione FRASCATI,NA
1,01/12/2014 11.40.00,Strada Urbana,in prossimità,del civico n.,Tamponamento,Una carreggiata a senso unico di marcia,Asciutto,Asfaltata,Verticale ed orizzontale,Sereno,Normale,Buona,Ore Diurne,0,0,0,3,NA,9
10,01/12/2014 11.45.00,Strada Urbana,da specificare,NA,Scontro laterale fra veicoli in marcia,Più di due carreggiate,Asciutto,Asfaltata,Verticale ed orizzontale,Sereno,Normale,Buona,Ore Diurne,2,0,0,2,inizio cavalcavia  Osteria del Curato dir.Roma cen,NA
8,01/12/2014 12.00.00,Strada Urbana,in corrispondenza,del civico n. ,Veicolo in marcia contro ostacolo accidentale,Una carreggiata a doppio senso,Asciutto,Asfaltata,Verticale ed orizzontale,Nuvoloso,Scarso,Buona,Ore Diurne,0,0,0,1,NA,82
4,01/12/2014 12.15.00,Strada Urbana,all'intersezione con,VIA MONTE PETRELLA,Scontro frontale/laterale DX fra veicoli in marcia,Una carreggiata a doppio senso,Asciutto,Asfaltata,Verticale ed orizzontale,Nuvoloso,Scarso,Buona,Ore Diurne,0,0,0,2,NA,NA
20,01/12/2014 12.15.00,Strada Urbana,in prossimità,del palo luce n.,Tamponamento,Una carreggiata a doppio senso,Asciutto,Asfaltata,Verticale ed orizzontale,Sereno,Normale,Buona,Ore Diurne,2,0,0,3,NA,25
6,01/12/2014 12.20.00,Strada Urbana,all'intersezione semaforizzata con,VIALE DELLA SERENISSIMA,Scontro frontale/laterale DX fra veicoli in marcia,Una carreggiata a doppio senso,Asciutto,Asfaltata,Verticale ed orizzontale,Sereno,Normale,Buona,Ore Diurne,0,0,0,6,NA,NA
7,01/12/2014 12.40.00,Strada Urbana,in corrispondenza,del civico n.,Tamponamento,Più di due carreggiate,Asciutto,Asfaltata,Verticale ed orizzontale,Sereno,Normale,Buona,Ore Diurne,0,0,0,2,NA,524
4,01/12/2014 13.00.00,Statale entro l'abitato,da specificare,NA,Scontro laterale fra veicoli in marcia,Una carreggiata a senso unico di marcia,Asciutto,Asfaltata,Orizzontale,Nuvoloso,Normale,Buona,Ore Diurne,0,0,0,3,altezza via prati fiscali ,NA
8,01/12/2014 13.30.00,Strada Urbana,all'intersezione con,VIA COLLATINA,Scontro laterale fra veicoli in marcia,Una carreggiata a senso unico di marcia,Asciutto,Asfaltata,Verticale ed orizzontale,Nuvoloso,Normale,Buona,Ore Diurne,0,0,0,3,NA,NA
19,01/12/2014 13.30.00,Strada Urbana,in prossimità,del civico n. ,Infortunio per caduta del veicolo,Una carreggiata a doppio senso,Asciutto,Asfaltata,Verticale ed orizzontale,Nuvoloso,Normale,Buona,Ore Diurne,0,0,0,1,NA,1
1,01/12/2014 14.15.00,Strada Urbana,in prossimità,del civico n.,Veicolo in marcia contro ostacolo accidentale,Una carreggiata a doppio senso,Asciutto,Asfaltata,Verticale ed orizzontale,Nuvoloso,Scarso,Buona,Ore Diurne,0,0,0,3,NA,16
8,01/12/2014 14.50.00,Strada Urbana,in corrispondenza,del civico n. ,Scontro laterale fra veicoli in marcia,Una carreggiata a doppio senso,Asciutto,Asfaltata,Verticale ed orizzontale,Sereno,Scarso,Sufficiente,Ore Diurne,0,0,0,4,NA,350
15,01/12/2014 16.10.00,Strada Urbana,all'intersezione semaforizzata con,VIA QUIRINO MAJORANA,Scontro frontale/laterale DX fra veicoli in marcia,Due carreggiate,Asciutto,Asfaltata,Verticale ed orizzontale,Sereno,Normale,Buona,Ore Diurne,0,0,0,3,NA,NA
4,01/12/2014 16.45.00,Strada Urbana,all'intersezione con,VIA CAPRAIA,Scontro frontale/laterale DX fra veicoli in marcia,Due carreggiate,Asciutto,Asfaltata,Verticale ed orizzontale,Nuvoloso,Normale,Buona,Sufficiente,2,0,0,4,NA,NA
16,01/12/2014 17.10.00,Strada Urbana,all'intersezione con,VIA AURELIA ANTICA,Scontro frontale/laterale DX fra veicoli in marcia,Una carreggiata a doppio senso,Asciutto,Asfaltata,Verticale ed orizzontale,Sereno,Normale,Buona,Sufficiente,0,0,0,3,NA,NA
4,01/12/2014 17.30.00,Strada Urbana,in prossimità,del civico n.,Veicolo in marcia contro veicoli in sosta,Due carreggiate,Asciutto,Asfaltata,Assente,Sereno,Normale,Buona,Sufficiente,0,0,0,2,NA,360
19,01/12/2014 17.50.00,Strada Urbana,in prossimità,del civico n.,Scontro laterale fra veicoli in marcia,Una carreggiata a doppio senso,Asciutto,Asfaltata,Orizzontale,Sereno,Scarso,Buona,Sufficiente,0,0,0,9,NA,54
5,01/12/2014 18.00.00,Strada Urbana,all'intersezione con,VIA DI CASAL BERTONE,Scontro frontale/laterale SX fra veicoli in marcia,Due carreggiate,Asciutto,Asfaltata,Verticale ed orizzontale,Sereno,Normale,Buona,Sufficiente,0,0,0,3,NA,NA
20,01/12/2014 18.00.00,Regionale entro l'abitato,da specificare,NA,Scontro laterale fra veicoli in marcia,Due carreggiate,Asciutto,Asfaltata,Verticale ed orizzontale,Sereno,Normale,Sufficiente,Sufficiente,0,0,0,3,direzione GRA circa 200 mt prima uscita Saxa Rubra,NA
23,01/12/2014 18.00.00,Comunale extraurbana,in prossimità,del civico n.,Veicolo in marcia contro ostacolo fisso,Più di due carreggiate,Asciutto,Asfaltata,Verticale ed orizzontale,Sereno,Scarso,Buona,Sufficiente,1,0,0,0,NA,2204
16,01/12/2014 18.15.00,Strada Urbana,all'intersezione con,VIA ROMANO GUERRA,Scontro frontale/laterale DX fra veicoli in marcia,Una carreggiata a doppio senso,Asciutto,Asfaltata,Verticale ed orizzontale,Sereno,Normale,Buona,Sufficiente,0,0,0,6,NA,NA
20,01/12/2014 18.45.00,Regionale entro l'abitato,all'intersezione con,VIA ALDO DE BENEDETTI,Investimento di pedone,Una carreggiata a doppio senso,Asciutto,Asfaltata,Orizzontale,Sereno,Normale,Insufficiente,Insufficiente,1,0,0,1,NA,NA
15,01/12/2014 19.45.00,Strada Urbana,all'intersezione con,VIALE GIUSEPPE SIRTORI,Investimento di pedone,Due carreggiate,Asciutto,Asfaltata,Verticale ed orizzontale,Sereno,Scarso,Buona,Ore Diurne,2,0,0,1,NA,NA
5,01/12/2014 20.00.00,Strada Urbana,da specificare,NA,Fuoriuscita dalla sede stradale,Una carreggiata a doppio senso,Asciutto,Asfaltata,Orizzontale,Sereno,Scarso,Insufficiente,Inesistente,1,0,0,0,pross. ponte di ferro su fiume Aniene,NA
8,01/12/2014 20.15.00,Strada Urbana,in prossimità,del civico n. ,Veicolo in marcia contro ostacolo accidentale,Una carreggiata a senso unico di marcia,Asciutto,Con buche,Verticale,Sereno,Scarso,Sufficiente,Sufficiente,0,0,0,1,NA,32
17,01/12/2014 20.15.00,Strada Urbana,da specificare,NA,Scontro laterale fra veicoli in marcia,Una carreggiata a senso unico di marcia,Asciutto,Asfaltata,Orizzontale,Sereno,Normale,Buona,Sufficiente,1,0,0,1,altezza Via Golametto,NA
16,01/12/2014 20.20.00,Strada Urbana,in prossimità,del civico n.,Infortunio per sola frenata improvvisa,Una carreggiata a doppio senso,Asciutto,Asfaltata,Orizzontale,Sereno,Scarso,Sufficiente,Sufficiente,1,0,0,1,NA,32
19,01/12/2014 20.30.00,Strada Urbana,da specificare,NA,Scontro frontale fra veicoli in marcia,Due carreggiate,Asciutto,Asfaltata,Verticale ed orizzontale,Sereno,Scarso,Sufficiente,Insufficiente,1,0,0,2,in corrisp. Via P. Strengacci,NA
8,01/12/2014 21.30.00,Statale entro l'abitato,in prossimità,del civico n. ,Tamponamento,Una carreggiata a doppio senso,Asciutto,Asfaltata,Orizzontale,Sereno,Normale,Buona,Sufficiente,0,0,0,4,NA,1294
18,01/12/2014 22.00.00,Strada Urbana,in prossimità,del civico n.,Veicolo in marcia contro ostacolo fisso,Due carreggiate,Asciutto,Asfaltata,Orizzontale,Sereno,Scarso,Sufficiente,Sufficiente,2,0,0,0,NA,161
13,01/12/2014 23.00.00,Strada Urbana,all'intersezione con,VIA DELLE GONDOLE,Scontro frontale/laterale SX fra veicoli in marcia,Una carreggiata a senso unico di marcia,Asciutto,Asfaltata,Verticale ed orizzontale,Sereno,Scarso,Buona,Sufficiente,1,0,0,1,NA,NA
6,01/12/2014 23.10.00,Strada Urbana,all'intersezione semaforizzata con,VIA TOR DE' SCHIAVI,Scontro frontale/laterale SX fra veicoli in marcia,Più di due carreggiate,Asciutto,Asfaltata,Verticale ed orizzontale,Sereno,Scarso,Buona,Sufficiente,1,0,0,1,NA,NA
7,01/12/2014 23.30.00,Strada Urbana,in corrispondenza,del civico n.,Scontro laterale fra veicoli in marcia,Una carreggiata a doppio senso,Asciutto,Asfaltata,Orizzontale,Sereno,Scarso,Buona,Sufficiente,1,0,0,1,NA,413
2,01/12/2014 23.40.00,Strada Urbana,all'intersezione con,VIA CIVITAVECCHIA,Veicolo in marcia contro ostacolo accidentale,Una carreggiata a senso unico di marcia,Viscido da liquidi oleosi,In cubetti di porfido,Verticale ed orizzontale,Sereno,Scarso,Buona,Sufficiente,0,0,0,1,NA,NA
1,01/13/2014 00.30.00,Strada Urbana,all'intersezione con,VIALE MARCO POLO,Scontro frontale/laterale DX fra veicoli in marcia,Una carreggiata a doppio senso,Asciutto,Asfaltata,Orizzontale,Sereno,Scarso,Buona,Sufficiente,0,0,0,3,NA,NA
8,01/13/2014 00.45.00,Statale entro l'abitato,all'intersezione con,VIA DI FONTANA CANDIDA,Ribaltamento senza urto contro ostacolo fisso,Una carreggiata a doppio senso,Bagnato (umidità in atto),Asfaltata,Verticale ed orizzontale,Nuvoloso,Scarso,Buona,Insufficiente,0,0,0,1,NA,NA
1,01/13/2014 01.00.00,Strada Urbana,all'intersezione semaforizzata con,VIA DI S. FRANCESCO A RIPA,Tamponamento,Più di due carreggiate,Asciutto,Asfaltata,Verticale ed orizzontale,Sereno,Scarso,Buona,Sufficiente,0,0,0,3,NA,NA
4,01/13/2014 02.00.00,Statale,in corrispondenza,della chilometrica ,Veicolo in marcia contro ostacolo fisso,Una carreggiata a doppio senso,Asciutto,Asfaltata,Assente,Nebbia,Scarso,Insufficiente,Inesistente,0,0,0,1,NA,"19,000"
1,01/13/2014 04.15.00,Strada Urbana,in corrispondenza,del civico n.,Veicolo in marcia contro ostacolo fisso,Una carreggiata a doppio senso,Asciutto,Asfaltata,Verticale ed orizzontale,Sereno,Scarso,Buona,Sufficiente,0,0,0,1,NA,98E
16,01/13/2014 06.20.00,Strada Urbana,da specificare,NA,Scontro laterale fra veicoli in marcia,Due carreggiate,Asciutto,Asfaltata,Verticale ed orizzontale,Sereno,Scarso,Buona,Ore Diurne,0,0,0,2,PROSSIMITA' CRV GIANICOLENSE,NA
13,01/13/2014 06.50.00,Strada Urbana,da specificare,NA,Veicolo in marcia contro ostacolo fisso,Una carreggiata a doppio senso,Asciutto,Asfaltata,Assente,Sereno,Scarso,Buona,Ore Diurne,0,0,0,1,prossimità via lotti,NA
13,01/13/2014 07.45.00,Strada Urbana,all'intersezione con,VIA DEI PANFILI,Investimento di pedone,Due carreggiate,Asciutto,Asfaltata,Verticale ed orizzontale,Sereno,Normale,Buona,Ore Diurne,1,0,0,3,NA,NA
9,01/13/2014 07.47.00,Strada Urbana,in prossimità,del civico n. ,Investimento di pedone,Una carreggiata a senso unico di marcia,Asciutto,Asfaltata,Assente,Sereno,Normale,Buona,Ore Diurne,1,0,0,1,NA,78
19,01/13/2014 08.10.00,Strada Urbana,in corrispondenza,del civico n. ,Veicolo in marcia contro veicoli in sosta,Una carreggiata a senso unico di marcia,Asciutto,Asfaltata,Assente,Sereno,Scarso,Buona,Ore Diurne,0,0,0,1,NA,10
2,01/13/2014 08.10.00,Strada Urbana,da specificare,NA,Tamponamento Multiplo,Una carreggiata a doppio senso,Asciutto,Asfaltata,Verticale ed orizzontale,Nuvoloso,Normale,Buona,Ore Diurne,0,0,0,3,fronte Viale Tiziano ,NA
20,01/13/2014 08.30.00,Statale entro l'abitato,da specificare,NA,Veicolo in marcia contro ostacolo accidentale,Una carreggiata a doppio senso,Asciutto,Asfaltata,Verticale ed orizzontale,Sereno,Normale,Buona,Ore Diurne,0,0,0,1,pross. cavalcavia Via Frassineto,NA
8,01/13/2014 08.40.00,Strada Urbana,da specificare,NA,Veicolo in marcia contro ostacolo accidentale,Una carreggiata a doppio senso,Asciutto,Con buche,Verticale ed orizzontale,Sereno,Scarso,Buona,Ore Diurne,0,0,0,1,parcheggio complanare alt. Grotte Celoni,NA
1,01/13/2014 08.55.00,Strada Urbana,in corrispondenza,del civico n.,Veicolo in marcia contro ostacolo fisso,Una carreggiata a senso unico di marcia,Asciutto,Con buche,Verticale ed orizzontale,Sereno,Normale,Buona,Ore Diurne,0,0,0,1,NA,38
20,01/13/2014 09.00.00,Strada Urbana,in prossimità,del civico n.,Fuoriuscita dalla sede stradale,Due carreggiate,Asciutto,Asfaltata,Orizzontale,Foschia,Normale,Buona,Ore Diurne,1,0,0,0,NA,122
1,01/13/2014 09.10.00,Strada Urbana,da specificare,NA,Scontro laterale fra veicoli in marcia,Una carreggiata a senso unico di marcia,Asciutto,Asfaltata,Verticale ed orizzontale,Sereno,Normale,Buona,Ore Diurne,0,0,0,2,rampa in prossimità Via C. Colombo,NA
16,01/13/2014 09.10.00,Strada Urbana,in prossimità,del civico n.,Tamponamento,Una carreggiata a doppio senso,Asciutto,Asfaltata,Assente,Sereno,Scarso,Sufficiente,Ore Diurne,0,0,0,2,NA,8
11,01/13/2014 09.15.00,Strada Urbana,in corrispondenza,del civico n.,Scontro laterale fra veicoli in marcia,Due carreggiate,Asciutto,Asfaltata,Verticale ed orizzontale,Sereno,Normale,Buona,Ore Diurne,1,0,0,2,NA,442
4,01/13/2014 09.20.00,Strada Urbana,da specificare,NA,Scontro laterale fra veicoli in marcia,Due carreggiate,Asciutto,Asfaltata,Verticale ed orizzontale,Sereno,Normale,Buona,Ore Diurne,0,0,0,2,altezza viale Pantelleria,NA
4,01/13/2014 09.30.00,Strada Urbana,in prossimità,del civico n.,Scontro laterale fra veicoli in marcia,Due carreggiate,Asciutto,Asfaltata,Orizzontale,Nuvoloso,Intenso,Buona,Ore Diurne,1,0,0,2,NA,875
15,01/13/2014 09.50.00,Strada Urbana,in corrispondenza,del civico n. ,Scontro laterale fra veicoli in marcia,Una carreggiata a senso unico di marcia,Asciutto,Asfaltata,Assente,Sereno,Normale,Buona,Ore Diurne,0,0,0,2,NA,6
13,01/13/2014 10.00.00,Strada Urbana,all'intersezione con,VIA DELLE MOLUCCHE,Scontro frontale/laterale DX fra veicoli in marcia,Una carreggiata a doppio senso,Asciutto,Asfaltata,Verticale ed orizzontale,Sereno,Normale,Buona,Ore Diurne,2,0,0,1,NA,NA
8,01/13/2014 10.15.00,Strada Urbana,da specificare,NA,Scontro frontale/laterale DX fra veicoli in marcia,Una carreggiata a senso unico di marcia,Asciutto,Asfaltata,Verticale ed orizzontale,Sereno,Normale,Buona,Ore Diurne,0,0,0,5,rotatoria PTV prox. rampa dir. Via D. Cambellotti,NA
7,01/13/2014 10.30.00,Strada Urbana,in corrispondenza,del palo luce n.,Tamponamento,Due carreggiate,Asciutto,Asfaltata,Verticale ed orizzontale,Sereno,Normale,Buona,Ore Diurne,1,0,0,2,NA,104
13,01/13/2014 10.45.00,Strada Urbana,da specificare,NA,Scontro laterale fra veicoli in marcia,Una carreggiata a doppio senso,Asciutto,Asfaltata,Verticale ed orizzontale,Sereno,Normale,Buona,Ore Diurne,0,0,0,4,ALT. VIA MARIO MASTRANGELO,NA
9,01/13/2014 10.50.00,Strada Urbana,da specificare,NA,Tamponamento,Una carreggiata a senso unico di marcia,Asciutto,Asfaltata,Verticale ed orizzontale,Sereno,Intenso,Buona,Ore Diurne,0,0,0,2,altezza Via dell'Arco di Travertino,NA
8,01/13/2014 11.00.00,Strada Urbana,all'intersezione con,VIA DI ROCCA CENCIA,Scontro frontale/laterale DX fra veicoli in marcia,Una carreggiata a doppio senso,Asciutto,Asfaltata,Orizzontale,Sereno,Scarso,Buona,Ore Diurne,0,0,0,3,NA,NA
4,01/13/2014 11.00.00,Strada Urbana,in prossimità,del civico n.,Infortunio per sola frenata improvvisa,Più di due carreggiate,Asciutto,Asfaltata,Verticale ed orizzontale,Sereno,Scarso,Buona,Ore Diurne,1,0,0,0,NA,271
13,01/13/2014 11.20.00,Strada Urbana,all'intersezione con,VIA AMBROGIO SANSEDONI,Scontro laterale fra veicoli in marcia,Una carreggiata a senso unico di marcia,Asciutto,Asfaltata,Verticale,Sereno,Normale,Buona,Ore Diurne,2,0,0,0,NA,NA
1,01/13/2014 11.20.00,Strada Urbana,in corrispondenza,del civico n.,Tamponamento Multiplo,Una carreggiata a senso unico di marcia,Asciutto,In cubetti di porfido,Verticale ed orizzontale,Sereno,Normale,Buona,Ore Diurne,0,0,0,3,NA,36
3,01/13/2014 11.30.00,Strada Urbana,all'intersezione semaforizzata con,VIALE DI VILLA MASSIMO,Scontro laterale fra veicoli in marcia,Una carreggiata a doppio senso,Asciutto,Asfaltata,Verticale ed orizzontale,Sereno,Scarso,Buona,Ore Diurne,0,0,0,2,NA,NA
19,01/13/2014 11.30.00,Strada Urbana,in prossimità,del civico n. ,Tamponamento,Una carreggiata a doppio senso,Asciutto,Asfaltata,Orizzontale,Sereno,Normale,Buona,Ore Diurne,2,0,0,1,NA,47
1,01/13/2014 11.30.00,Strada Urbana,all'intersezione con,PASSEGGIATA DI RIPETTA,Scontro laterale fra veicoli in marcia,Una carreggiata a senso unico di marcia,Asciutto,Asfaltata,Verticale ed orizzontale,Sereno,Normale,Buona,Ore Diurne,0,0,0,3,NA,NA
2,01/13/2014 11.30.00,Strada Urbana,da specificare,NA,Veicolo in marcia contro veicolo fermo,Due carreggiate,Asciutto,Asfaltata,Orizzontale,Sereno,Normale,Buona,Ore Diurne,1,0,0,1,dir. San Giovanni alt. Via Mascagni,NA
1,01/13/2014 11.40.00,Strada Urbana,in corrispondenza,del civico n.,Veicolo in marcia contro veicolo in sosta,Una carreggiata a doppio senso,Asciutto,Asfaltata,Verticale ed orizzontale,Sereno,Scarso,Buona,Ore Diurne,0,0,0,2,NA,26
10,01/13/2014 11.45.00,Strada Urbana,all'intersezione con,VIALE TITO LABIENO,Scontro frontale/laterale SX fra veicoli in marcia,Due carreggiate,Asciutto,Asfaltata,Orizzontale,Sereno,Scarso,Buona,Ore Diurne,1,0,0,2,NA,NA
5,01/13/2014 12.15.00,Strada Urbana,all'intersezione con,VIA MASSIGNANO,Scontro frontale fra veicoli in marcia,Una carreggiata a senso unico di marcia,Asciutto,Asfaltata,Assente,Sereno,Scarso,Buona,Ore Diurne,0,0,0,2,NA,NA
1,01/13/2014 12.20.00,Strada Urbana,in prossimità,del civico n.,Infortunio per sola frenata improvvisa,Una carreggiata a doppio senso,Asciutto,Asfaltata,Orizzontale,Sereno,Normale,Buona,Ore Diurne,1,0,0,0,NA,FC/90
12,01/13/2014 12.30.00,Strada Urbana,all'intersezione con,PIAZZALE MARCELLINO CHAMPAGNAT,Scontro frontale/laterale SX fra veicoli in marcia,Una carreggiata a doppio senso,Asciutto,Asfaltata,Verticale ed orizzontale,Sereno,Normale,Buona,Ore Diurne,0,0,0,2,NA,NA
16,01/13/2014 12.40.00,Strada Urbana,in corrispondenza,del civico n.,Veicolo in marcia contro veicolo fermo,Più di due carreggiate,Asciutto,Asfaltata,Orizzontale,Sereno,Normale,Buona,Ore Diurne,0,0,0,3,NA,139
8,01/13/2014 13.00.00,Strada Urbana,da specificare,NA,Veicolo in marcia contro ostacolo accidentale,Una carreggiata a doppio senso,Asciutto,Asfaltata,Verticale ed orizzontale,Sereno,Normale,Buona,Ore Diurne,0,0,0,1,in prossimità dell'intersezione con Via Polense,NA
11,01/13/2014 13.00.00,Strada Urbana,all'intersezione semaforizzata con,VIA LEON PANCALDO,Scontro frontale/laterale SX fra veicoli in marcia,Più di due carreggiate,Asciutto,Asfaltata,Verticale ed orizzontale,Nuvoloso,Normale,Buona,Ore Diurne,1,0,0,1,NA,NA
10,01/13/2014 13.10.00,Strada Urbana,all'intersezione semaforizzata con,VIA QUINTILIO VARO,Scontro frontale/laterale DX fra veicoli in marcia,Una carreggiata a senso unico di marcia,Asciutto,Asfaltata,Verticale ed orizzontale,Sereno,Intenso,Buona,Ore Diurne,0,0,0,2,NA,NA
18,01/13/2014 13.25.00,Strada Urbana,in corrispondenza,del civico n. ,Scontro laterale fra veicoli in marcia,Una carreggiata a doppio senso,Asciutto,Asfaltata,Verticale ed orizzontale,Sereno,Normale,Buona,Ore Diurne,1,0,0,1,NA,62
13,01/13/2014 13.30.00,Strada Urbana,da specificare,NA,Investimento di pedone,Due carreggiate,Asciutto,Asfaltata,Verticale ed orizzontale,Nuvoloso,Normale,Buona,Ore Diurne,1,0,0,1,corsia di marcia dir. Cristoforo Colombo,NA
8,01/13/2014 13.35.00,Strada Urbana,da specificare,NA,Veicolo in marcia contro ostacolo fisso,Due carreggiate,Bagnato (pioggia),Asfaltata,Orizzontale,Pioggia in atto,Normale,Sufficiente,Ore Diurne,1,0,0,0,sottopasso PTV,NA
4,01/13/2014 13.50.00,Strada Urbana,in prossimità,del civico n. ,Scontro laterale fra veicoli in marcia,Due carreggiate,Asciutto,Asfaltata,Verticale ed orizzontale,Sereno,Normale,Sufficiente,Ore Diurne,0,0,0,2,NA,308