Gruppo,DataOraIncidente,Localizzazione1,Localizzazione2,Strada02,NaturaIncidente,TipoStrada,FondoStradale,Pavimentazione,Segnaletica,CondizioneAtmosferica,Traffico,Visibilita,Illuminazione,NUM_FERITI,NUM_RISERVATA,NUM_MORTI,NUM_ILLESI,DaSpecificare,Chilometrica
5,01/16/2014 12.00.00,Strada Urbana,in prossimità,del civico n. ,Tamponamento,Una carreggiata a doppio senso,Asciutto,Asfaltata,Verticale ed orizzontale,Sereno,Normale,Buona,Ore Diurne,1,0,0,1,NA,852
19,01/16/2014 12.30.00,Strada Urbana,in corrispondenza,del civico n. ,Investimento di pedone,Una carreggiata a doppio senso,Asciutto,Asfaltata,Verticale ed orizzontale,Sereno,Normale,Buona,Ore Diurne,1,0,0,1,NA,419/B
7,01/16/2014 12.45.00,Strada Urbana,all'intersezione con,VIA DEI LAURI,Scontro frontale/laterale DX fra veicoli in marcia,Due carreggiate,Asciutto,Asfaltata,Verticale ed orizzontale,Sereno,Normale,Buona,Ore Diurne,0,0,0,2,NA,NA
8,01/16/2014 13.00.00,Strada Urbana,in prossimità,del civico n. ,Veicolo in marcia contro ostacolo fisso,Una carreggiata a senso unico di marcia,Asciutto,Con buche,Orizzontale,Sereno,Normale,Buona,Ore Diurne,0,0,0,1,NA,56
4,01/16/2014 13.00.00,Strada Urbana,in prossimità,del civico n.,Investimento di pedone,Una carreggiata a doppio senso,Asciutto,Asfaltata,Verticale ed orizzontale,Nuvoloso,Normale,Buona,Ore Diurne,1,0,0,1,NA,53
12,01/16/2014 13.00.00,Provinciale,da specificare,NA,Veicolo in marcia contro ostacolo fisso,Una carreggiata a doppio senso,Asciutto,Strada pavimentata dissestata,Verticale,Nuvoloso,Normale,Buona,Ore Diurne,0,0,0,1,"direzione Roma alt. km. 17,300",NA
1,01/16/2014 13.00.00,Strada Urbana,all'intersezione con,VIA GIOVANNI GIOLITTI,Scontro frontale/laterale DX fra veicoli in marcia,Una carreggiata a senso unico di marcia,Asciutto,Asfaltata,Verticale ed orizzontale,Nuvoloso,Normale,Buona,Ore Diurne,0,0,0,2,NA,NA
20,01/16/2014 13.30.00,Strada Urbana,all'intersezione semaforizzata con,PIAZZALE MARESCIALLO DIAZ,Scontro laterale fra veicoli in marcia,Due carreggiate,Asciutto,Asfaltata,Verticale ed orizzontale,Nuvoloso,Normale,Buona,Ore Diurne,0,0,0,2,NA,NA
4,01/16/2014 13.30.00,Statale entro l'abitato,in prossimità,del civico n.,Tamponamento Multiplo,Due carreggiate,Asciutto,Asfaltata,Verticale ed orizzontale,Nuvoloso,Normale,Buona,Ore Diurne,2,0,0,3,NA,729
12,01/16/2014 13.50.00,Strada Urbana,in prossimità,del civico n.,Veicolo in marcia contro veicolo fermo,Due carreggiate,Asciutto,Asfaltata,Verticale ed orizzontale,Sereno,Scarso,Buona,Ore Diurne,1,0,0,1,NA,355
5,01/16/2014 14.10.00,Strada Urbana,all'intersezione semaforizzata con,VIA GIOVANNI PITTALUGA,Scontro frontale/laterale SX fra veicoli in marcia,Due carreggiate,Asciutto,Asfaltata,Verticale ed orizzontale,Sereno,Intenso,Buona,Ore Diurne,0,0,0,3,NA,NA
8,01/16/2014 15.00.00,Strada Urbana,da specificare,NA,Veicolo in marcia contro ostacolo accidentale,Una carreggiata a doppio senso,Asciutto,Strada pavimentata dissestata,Verticale ed orizzontale,Sereno,Normale,Buona,Ore Diurne,0,0,0,2,A CIRCA 100 MT DA VIA DI SALONE DIR GRA,NA
3,01/16/2014 15.00.00,Strada Urbana,in corrispondenza,del civico n.,Veicolo in marcia contro ostacolo accidentale,Una carreggiata a doppio senso,Asciutto,Asfaltata,Verticale ed orizzontale,Nuvoloso,Intenso,Buona,Ore Diurne,1,0,0,3,NA,208
8,01/16/2014 15.15.00,Strada Urbana,da specificare,NA,Veicolo in marcia contro ostacolo accidentale,Una carreggiata a doppio senso,Asciutto,Strada pavimentata dissestata,Verticale ed orizzontale,Sereno,Normale,Buona,Ore Diurne,0,0,0,1,circa 100 mt dopo Via di Salone dir GRA,NA
4,01/16/2014 15.15.00,Strada Urbana,in corrispondenza,del civico n.,Scontro laterale fra veicoli in marcia,Una carreggiata a senso unico di marcia,Asciutto,Asfaltata,Verticale ed orizzontale,Sereno,Normale,Buona,Ore Diurne,0,0,0,2,NA,27
23,01/16/2014 15.15.00,Comunale extraurbana,in prossimità,della chilometrica,Tamponamento,Più di due carreggiate,Asciutto,Asfaltata,Verticale ed orizzontale,Sereno,Scarso,Buona,Ore Diurne,1,0,0,1,NA,12.55
4,01/16/2014 15.25.00,Strada Urbana,all'intersezione semaforizzata con,VIA DI SETTEBAGNI,Scontro frontale/laterale SX fra veicoli in marcia,Una carreggiata a doppio senso,Asciutto,Asfaltata,Verticale,Sereno,Normale,Buona,Ore Diurne,1,0,0,1,NA,NA
13,01/16/2014 15.30.00,Strada Urbana,da specificare,NA,Tamponamento Multiplo,Una carreggiata a doppio senso,Asciutto,Asfaltata,Orizzontale,Sereno,Normale,Buona,Ore Diurne,0,0,0,3,"altezza Km 19,500 della Via del Mare",NA
10,01/16/2014 15.30.00,Strada Urbana,da specificare,NA,Ribaltamento senza urto contro ostacolo fisso,Una carreggiata a doppio senso,Viscido da liquidi oleosi,Asfaltata,Verticale ed orizzontale,Nebbia,Intenso,Buona,Ore Diurne,1,0,0,0,altezza vivaio dir.ne TUSCOLANA,NA
4,01/16/2014 15.45.00,Statale,da specificare,NA,Scontro frontale fra veicoli in marcia,Una carreggiata a senso unico alternato,Bagnato (umidità in atto),Asfaltata,Temporanea di cantiere,Sereno,Normale,Buona,Ore Diurne,0,0,0,5,altezza ponte  Ferrovia,NA
2,01/16/2014 16.20.00,Strada Urbana,in corrispondenza,del civico n.,Veicolo in marcia contro veicolo fermo,Una carreggiata a doppio senso,Asciutto,Asfaltata,Verticale ed orizzontale,Sereno,Normale,Buona,Ore Diurne,1,0,0,1,NA,32
4,01/16/2014 17.00.00,Strada Urbana,da specificare,NA,Scontro laterale fra veicoli in marcia,Due carreggiate,Asciutto,Asfaltata,Orizzontale,Sereno,Normale,Buona,Ore Diurne,1,0,0,2,prossimità via S. Scoca,NA
5,01/16/2014 17.10.00,Strada Urbana,all'intersezione con,VIA DELLE CAVE DI PIETRALATA,Scontro frontale/laterale DX fra veicoli in marcia,Due carreggiate,Asciutto,Asfaltata,Temporanea di cantiere,Sereno,Normale,Sufficiente,Sufficiente,1,0,0,2,NA,NA
4,01/16/2014 17.30.00,Strada Urbana,in prossimità,del civico n. ,Scontro frontale fra veicoli in marcia,Una carreggiata a doppio senso,Asciutto,Asfaltata,Verticale ed orizzontale,Sereno,Scarso,Sufficiente,Sufficiente,0,0,0,2,NA,1522
3,01/16/2014 18.00.00,Strada Urbana,in prossimità,del civico n. ,Scontro laterale fra veicoli in marcia,Due carreggiate,Asciutto,Asfaltata,Verticale ed orizzontale,Sereno,Normale,Sufficiente,Sufficiente,0,0,0,3,NA,2
7,01/16/2014 18.15.00,Strada Urbana,all'intersezione semaforizzata con,VIA CASILINA,Scontro laterale fra veicoli in marcia,Una carreggiata a senso unico di marcia,Asciutto,Asfaltata,Verticale,Sereno,Intenso,Buona,Sufficiente,0,0,0,5,NA,NA
16,01/16/2014 18.30.00,Strada Urbana,in corrispondenza,del civico n.,Veicolo in marcia contro veicolo in sosta,Una carreggiata a senso unico di marcia,Asciutto,Asfaltata,Assente,Sereno,Scarso,Sufficiente,Sufficiente,0,0,0,2,NA,23
15,01/16/2014 18.50.00,Strada Urbana,all'intersezione con,VIA LUIGI SOLIDATI TIBURZI,Scontro frontale/laterale SX fra veicoli in marcia,Una carreggiata a doppio senso,Asciutto,Asfaltata,Verticale ed orizzontale,Sereno,Normale,Buona,Sufficiente,0,0,0,2,NA,NA
20,01/16/2014 18.50.00,Strada Urbana,da specificare,NA,Scontro frontale/laterale SX fra veicoli in marcia,Due carreggiate,Asciutto,Asfaltata,Verticale ed orizzontale,Sereno,Normale,Buona,Insufficiente,3,0,0,0,"alt. km 12,700 dir. terni",NA
16,01/16/2014 18.50.00,Strada Urbana,all'intersezione semaforizzata con,LARGO ALBERTO MISSIROLI,Scontro frontale fra veicoli in marcia,Due carreggiate,Asciutto,Asfaltata,Verticale ed orizzontale,Sereno,Normale,Sufficiente,Sufficiente,1,0,0,1,NA,NA
8,01/16/2014 18.50.00,Strada Urbana,da specificare,NA,Veicolo in marcia contro ostacolo accidentale,Una carreggiata a doppio senso,Asciutto,Strada pavimentata dissestata,Assente,Nuvoloso,Scarso,Insufficiente,Insufficiente,0,0,0,1,TRATTO TRA VIA NOALE A VIA COLLATINA,NA
17,01/16/2014 19.00.00,Strada Urbana,da specificare,NA,Investimento di pedone,Una carreggiata a doppio senso,Asciutto,Asfaltata,Verticale ed orizzontale,Nuvoloso,Normale,Buona,Sufficiente,1,0,0,2,fronte civ. 73,NA
17,01/16/2014 19.15.00,Strada Urbana,da specificare,NA,Investimento di pedone,Una carreggiata a doppio senso,Asciutto,Asfaltata,Verticale ed orizzontale,Sereno,Normale,Buona,Sufficiente,1,0,0,1,fronte civico 20,NA
8,01/16/2014 19.30.00,Strada Urbana,da specificare,NA,Veicolo in marcia contro ostacolo accidentale,Una carreggiata a doppio senso,Asciutto,Strada pavimentata dissestata,Orizzontale,Sereno,Intenso,Insufficiente,Inesistente,0,0,0,2,CIRCA 80 MT DI VIA SALONE DIR GRA,NA
15,01/16/2014 19.35.00,Comunale extraurbana,da specificare,NA,Scontro laterale fra veicoli in marcia,Una carreggiata a doppio senso,Asciutto,Asfaltata,Orizzontale,Sereno,Scarso,Insufficiente,Inesistente,2,0,0,1,prox. civico 1122,NA
11,01/16/2014 20.40.00,Strada Urbana,in corrispondenza,del civico n. ,Scontro laterale fra veicoli in marcia,Due carreggiate,Asciutto,Asfaltata,Orizzontale,Nuvoloso,Scarso,Buona,Sufficiente,0,0,0,2,NA,2/A
12,01/16/2014 21.00.00,Provinciale,da specificare,NA,Fuoriuscita dalla sede stradale,Una carreggiata a senso unico di marcia,Bagnato (umidità in atto),Asfaltata,Verticale ed orizzontale,Sereno,Scarso,Insufficiente,Inesistente,0,0,0,2,"terza rotatoria, fronte Cimitero dir. Pomezia ",NA
11,01/16/2014 21.00.00,Strada Urbana,all'intersezione con,VIA NINO COSTA,Veicolo in marcia contro veicoli in sosta,Una carreggiata a senso unico di marcia,Asciutto,Asfaltata,Verticale ed orizzontale,Sereno,Scarso,Sufficiente,Sufficiente,0,0,0,1,NA,NA
1,01/16/2014 21.10.00,Strada Urbana,da specificare,NA,Scontro laterale fra veicoli in marcia,Una carreggiata a senso unico di marcia,Asciutto,In cubetti di porfido,Verticale ed orizzontale,Sereno,Scarso,Sufficiente,Sufficiente,0,0,0,2,in proSSIMITA' PIAZZA SAN MARCO,NA
1,01/16/2014 21.30.00,Strada Urbana,all'intersezione con,VIA MARMORATA,Scontro laterale fra veicoli in marcia,Una carreggiata a doppio senso,Asciutto,In cubetti di porfido,Verticale ed orizzontale,Sereno,Scarso,Sufficiente,Sufficiente,0,0,0,5,NA,NA
1,01/16/2014 22.15.00,Strada Urbana,all'intersezione con,VIA VARESE,Scontro frontale/laterale DX fra veicoli in marcia,Una carreggiata a senso unico di marcia,Asciutto,Asfaltata,Verticale ed orizzontale,Sereno,Scarso,Sufficiente,Sufficiente,1,0,0,2,NA,NA
8,01/16/2014 22.25.00,Strada Urbana,da specificare,NA,Veicolo in marcia contro ostacolo accidentale,Una carreggiata a doppio senso,Asciutto,Strada pavimentata dissestata,Assente,Sereno,Scarso,Insufficiente,Inesistente,0,0,0,2,IN PROSSIMITA' DI VIA NOALE,NA
8,01/16/2014 22.30.00,Strada Urbana,in prossimità,del civico n. ,Veicolo in marcia contro ostacolo accidentale,Una carreggiata a doppio senso,Asciutto,Asfaltata,Verticale,Nuvoloso,Scarso,Sufficiente,Sufficiente,0,0,0,1,NA,155
4,01/16/2014 23.00.00,Strada Urbana,da specificare,NA,Veicolo in marcia contro veicoli in sosta,Due carreggiate,Asciutto,Asfaltata,Verticale ed orizzontale,Sereno,Scarso,Buona,Sufficiente,1,0,0,0,fronte civico 323,NA
20,01/16/2014 23.50.00,Strada Urbana,all'intersezione semaforizzata con,LARGO FERRARIS IV,Tamponamento,Una carreggiata a senso unico di marcia,Bagnato (pioggia),Asfaltata,Verticale ed orizzontale,Pioggia in atto,Scarso,Sufficiente,Sufficiente,1,0,0,2,NA,NA
18,01/17/2014 00.00.00,Strada Urbana,in corrispondenza,del civico n.,Veicolo in marcia contro ostacolo fisso,Due carreggiate,Asciutto,Asfaltata,Orizzontale,Sereno,Scarso,Buona,Sufficiente,0,0,0,2,NA,157
1,01/17/2014 00.15.00,Strada Urbana,all'intersezione con,VIA MACHIAVELLI,Scontro frontale/laterale SX fra veicoli in marcia,Una carreggiata a doppio senso,Asciutto,Asfaltata,Verticale ed orizzontale,Nuvoloso,Scarso,Buona,Sufficiente,2,0,0,4,NA,NA
9,01/17/2014 00.20.00,Strada Urbana,all'intersezione semaforizzata con,VIA DELLE CAVE,Scontro frontale/laterale DX fra veicoli in marcia,Due carreggiate,Asciutto,Asfaltata,Verticale ed orizzontale,Nuvoloso,Scarso,Sufficiente,Sufficiente,0,0,0,4,NA,NA
17,01/17/2014 00.30.00,Strada Urbana,all'intersezione semaforizzata con,VIA SABOTINO,Scontro frontale/laterale DX fra veicoli in marcia,Più di due carreggiate,Asciutto,Asfaltata,Verticale ed orizzontale,Nuvoloso,Scarso,Sufficiente,Sufficiente,0,0,0,2,NA,NA
12,01/17/2014 01.00.00,Strada Urbana,in corrispondenza,del civico n. ,Veicolo in marcia contro veicolo in sosta,Una carreggiata a doppio senso,Asciutto,Asfaltata,Verticale ed orizzontale,Nuvoloso,Scarso,Sufficiente,Sufficiente,0,0,0,2,NA,37
11,01/17/2014 02.00.00,Strada Urbana,in corrispondenza,del civico n.,Veicolo in marcia contro veicolo in sosta,Più di due carreggiate,Asciutto,Asfaltata,Verticale ed orizzontale,Nuvoloso,Scarso,Buona,Sufficiente,1,0,0,0,NA,75
8,01/17/2014 03.00.00,Strada Urbana,in corrispondenza,del civico n. ,Veicolo in marcia contro veicolo in sosta,Una carreggiata a doppio senso,Asciutto,Asfaltata,Verticale ed orizzontale,Nuvoloso,Scarso,Buona,Sufficiente,0,0,0,0,NA,31
4,01/17/2014 06.20.00,Provinciale entro l'abitato,in prossimità,del civico n.,Scontro laterale fra veicoli in marcia,Due carreggiate,Asciutto,Asfaltata,Verticale ed orizzontale,Sereno,Scarso,Buona,Sufficiente,0,0,0,5,NA,1085
9,01/17/2014 07.10.00,Strada Urbana,all'intersezione semaforizzata con,VIA ALLUMIERE,Scontro laterale fra veicoli in marcia,Due carreggiate,Asciutto,Asfaltata,Verticale ed orizzontale,Nuvoloso,Normale,Buona,Ore Diurne,1,0,0,2,NA,NA
13,01/17/2014 07.30.00,Strada Urbana,in prossimità,del civico n. ,Scontro frontale fra veicoli in marcia,Una carreggiata a senso unico di marcia,Bagnato (pioggia),Asfaltata,Verticale,Vento forte,Normale,Buona,Ore Diurne,0,0,0,0,NA,111
16,01/17/2014 07.50.00,Strada Urbana,in corrispondenza,del civico n.,Scontro frontale/laterale SX fra veicoli in marcia,Una carreggiata a senso unico di marcia,Asciutto,Asfaltata,Verticale,Nuvoloso,Intenso,Buona,Ore Diurne,0,0,0,3,NA,6
18,01/17/2014 08.00.00,Strada Urbana,in corrispondenza,del civico n.,Tamponamento,Una carreggiata a doppio senso,Asciutto,Asfaltata,Verticale ed orizzontale,Nuvoloso,Normale,Buona,Ore Diurne,1,0,0,1,NA,728
13,01/17/2014 08.15.00,Strada Urbana,all'intersezione con,VIA DELLA TENUTA GIANO,Veicolo in marcia contro ostacolo accidentale,Una carreggiata a doppio senso,Bagnato (umidità in atto),Strada pavimentata dissestata,Verticale ed orizzontale,Nuvoloso,Normale,Buona,Ore Diurne,0,0,0,1,NA,NA
13,01/17/2014 08.20.00,Strada Urbana,in prossimità,del civico n. ,Scontro laterale fra veicoli in marcia,Una carreggiata a senso unico di marcia,Asciutto,Asfaltata,Verticale ed orizzontale,Nuvoloso,Scarso,Buona,Ore Diurne,0,0,0,6,NA,78
15,01/17/2014 08.30.00,Provinciale,all'intersezione con,VIALE ALEXANDRE G. EIFFEL,Scontro frontale/laterale SX fra veicoli in marcia,Una carreggiata a doppio senso,Asciutto,Asfaltata,Orizzontale,Nuvoloso,Normale,Sufficiente,Ore Diurne,1,0,0,1,NA,NA
12,01/17/2014 09.15.00,Strada Urbana,all'intersezione con,VIA MALAGA,Scontro laterale fra veicoli in marcia,Una carreggiata a doppio senso,Asciutto,Asfaltata,Verticale ed orizzontale,Nuvoloso,Scarso,Buona,Ore Diurne,1,0,0,3,NA,NA
11,01/17/2014 09.20.00,Strada Urbana,in corrispondenza,del civico n.,Scontro laterale fra veicoli in marcia,Una carreggiata a senso unico alternato,Asciutto,Asfaltata,Verticale ed orizzontale,Nuvoloso,Scarso,Buona,Ore Diurne,1,0,0,1,NA,171
12,01/17/2014 09.40.00,Strada Urbana,all'intersezione con,VIA DEGLI EROI DELLA DIFESA DI ROMA,Scontro frontale/laterale SX fra veicoli in marcia,Una carreggiata a senso unico di marcia,Asciutto,Asfaltata,Verticale ed orizzontale,Nuvoloso,Normale,Buona,Ore Diurne,1,0,0,1,NA,NA
23,01/17/2014 09.40.00,Comunale extraurbana,in corrispondenza,della chilometrica,Veicolo in marcia contro ostacolo accidentale,Più di due carreggiate,Bagnato (umidità in atto),Asfaltata,Verticale ed orizzontale,Nuvoloso,Normale,Buona,Ore Diurne,0,0,0,1,NA,9999.999
2,01/17/2014 09.40.00,Strada Urbana,da specificare,NA,Veicolo in marcia contro ostacolo accidentale,Una carreggiata a doppio senso,Bagnato (umidità in atto),Asfaltata,Verticale ed orizzontale,Nuvoloso,Normale,Buona,Ore Diurne,0,0,0,1,in pross. di via Peru',NA
18,01/17/2014 10.00.00,Strada Urbana,in corrispondenza,del civico n. ,Veicolo in marcia contro veicolo in sosta,Più di due carreggiate,Asciutto,Asfaltata,Verticale ed orizzontale,Nuvoloso,Normale,Buona,Ore Diurne,0,0,0,2,NA,214
10,01/17/2014 10.15.00,Strada Urbana,in corrispondenza,del civico n.,Scontro frontale/laterale DX fra veicoli in marcia,Una carreggiata a doppio senso,Asciutto,Asfaltata,Verticale ed orizzontale,Nuvoloso,Normale,Buona,Ore Diurne,1,0,0,1,NA,161
4,01/17/2014 10.20.00,Strada Urbana,da specificare,NA,Scontro laterale fra veicoli in marcia,Due carreggiate,Asciutto,Asfaltata,Assente,Nuvoloso,Scarso,Buona,Ore Diurne,1,0,0,1,corrispondenza civ. 833 di Via Nomentana,NA
12,01/17/2014 10.20.00,Strada Urbana,all'intersezione con,VIA PONTINA,Scontro frontale/laterale SX fra veicoli in marcia,Una carreggiata a doppio senso,Bagnato (pioggia),Asfaltata,Verticale ed orizzontale,Nuvoloso,Normale,Buona,Ore Diurne,2,0,0,0,NA,NA
4,01/17/2014 10.30.00,Strada Urbana,da specificare,NA,Scontro frontale/laterale SX fra veicoli in marcia,Una carreggiata a doppio senso,Bagnato (umidità in atto),Asfaltata,Verticale ed orizzontale,Nuvoloso,Scarso,Buona,Ore Diurne,1,0,0,1,Pross. fr. civ. 33,NA
4,01/17/2014 10.32.00,Strada Urbana,in corrispondenza,del civico n.,Infortunio per sola frenata improvvisa,Una carreggiata a senso unico di marcia,Asciutto,Asfaltata,Verticale,Nuvoloso,Normale,Buona,Ore Diurne,1,0,0,1,NA,13
18,01/17/2014 10.55.00,Strada Urbana,da specificare,NA,Tamponamento Multiplo,Una carreggiata a doppio senso,Bagnato (pioggia),Asfaltata,Orizzontale,Pioggia in atto,Intenso,Buona,Ore Diurne,5,0,0,0,prossimità fronte civico 74,NA
5,01/17/2014 11.00.00,Strada Urbana,in prossimità,del civico n. ,Scontro frontale/laterale SX fra veicoli in marcia,Due carreggiate,Asciutto,Asfaltata,Verticale ed orizzontale,Nuvoloso,Normale,Buona,Ore Diurne,0,0,0,2,NA,912
17,01/17/2014 11.15.00,Strada Urbana,all'intersezione con,VIA VARRONE,Veicolo in marcia contro veicolo fermo,Una carreggiata a doppio senso,Asciutto,Acciotolata,Verticale ed orizzontale,Nuvoloso,Normale,Buona,Ore Diurne,0,0,0,2,NA,NA
3,01/17/2014 11.30.00,Strada Urbana,all'intersezione con,VIA CAPODISTRIA,Scontro frontale/laterale SX fra veicoli in marcia,Più di due carreggiate,Asciutto,Asfaltata,Verticale ed orizzontale,Nuvoloso,Normale,Buona,Ore Diurne,0,0,0,2,NA,NA
13,01/17/2014 12.30.00,Strada Urbana,in prossimità,del civico n.,Scontro laterale fra veicoli in marcia,Una carreggiata a doppio senso,Bagnato (pioggia),Asfaltata,Assente,Nuvoloso,Normale,Buona,Ore Diurne,0,0,0,3,NA,236
8,01/17/2014 12.30.00,Strada Urbana,all'intersezione con,VIA OLIVERI,Scontro frontale/laterale SX fra veicoli in marcia,Una carreggiata a doppio senso,Asciutto,Asfaltata,Verticale ed orizzontale,Nuvoloso,Normale,Buona,Ore Diurne,1,0,0,2,NA,NA
15,01/17/2014 12.45.00,Strada Urbana,in corrispondenza,del civico n. ,Scontro frontale/laterale SX fra veicoli in marcia,Una carreggiata a doppio senso,Bagnato (pioggia),Asfaltata,Orizzontale,Pioggia in atto,Normale,Buona,Ore Diurne,1,0,0,1,NA,30
10,01/17/2014 12.50.00,Strada Urbana,in prossimità,del civico n.,Scontro laterale fra veicoli in marcia,Una carreggiata a senso unico di marcia,Asciutto,Asfaltata,Orizzontale,Nuvoloso,Normale,Buona,Ore Diurne,1,0,0,1,NA,2
16,01/17/2014 13.30.00,Strada Urbana,in prossimità,del civico n.,Veicolo in marcia contro veicolo in sosta,Una carreggiata a doppio senso,Bagnato (umidità in atto),Asfaltata,Orizzontale,Nuvoloso,Scarso,Buona,Ore Diurne,0,0,0,1,NA,61
19,01/17/2014 13.30.00,Strada Urbana,in prossimità,del civico n. ,Scontro laterale fra veicoli in marcia,Una carreggiata a senso unico di marcia,Bagnato (pioggia),Asfaltata,Orizzontale,Nuvoloso,Intenso,Buona,Ore Diurne,1,0,0,2,NA,5
11,01/17/2014 13.40.00,Strada Urbana,in corrispondenza,del civico n. ,Scontro laterale fra veicoli in marcia,Una carreggiata a senso unico di marcia,Asciutto,Asfaltata,Verticale ed orizzontale,Nuvoloso,Normale,Buona,Ore Diurne,0,0,0,3,NA,8
13,01/17/2014 13.50.00,Strada Urbana,all'intersezione con,VIA CASTELLUCCHIO,Scontro frontale/laterale DX fra veicoli in marcia,Una carreggiata a senso unico alternato,Asciutto,Asfaltata,Assente,Nuvoloso,Intenso,Sufficiente,Ore Diurne,0,0,0,2,NA,NA
3,01/17/2014 14.30.00,Strada Urbana,in corrispondenza,del civico n. ,Veicolo in marcia contro ostacolo accidentale,Una carreggiata a doppio senso,Asciutto,In cubetti di porfido,Verticale ed orizzontale,Nuvoloso,Normale,Buona,Ore Diurne,0,0,0,1,NA,35
2,01/17/2014 14.30.00,Strada Urbana,all'intersezione con,VIA LARIANA,Scontro frontale/laterale DX fra veicoli in marcia,Una carreggiata a doppio senso,Asciutto,Asfaltata,Verticale ed orizzontale,Nuvoloso,Normale,Buona,Ore Diurne,1,0,0,2,NA,NA
12,01/17/2014 14.40.00,Strada Urbana,all'intersezione con,VIA FRANCESCO SAPORI,Scontro frontale fra veicoli in marcia,Una carreggiata a senso unico di marcia,Asciutto,Asfaltata,Verticale ed orizzontale,Nuvoloso,Normale,Buona,Ore Diurne,0,0,0,3,NA,NA
16,01/17/2014 15.00.00,Strada Urbana,all'intersezione semaforizzata con,VIA ROBERTO ALESSANDRI,Scontro laterale fra veicoli in marcia,Due carreggiate,Bagnato (umidità in atto),Asfaltata,Verticale ed orizzontale,Nuvoloso,Normale,Buona,Ore Diurne,0,0,0,3,NA,NA
12,01/17/2014 15.00.00,Strada Urbana,in prossimità,del civico n. ,Veicolo in marcia contro ostacolo accidentale,Una carreggiata a doppio senso,Bagnato (pioggia),Asfaltata,Assente,Nuvoloso,Normale,Buona,Ore Diurne,0,0,0,1,NA,406
12,01/17/2014 15.05.00,Strada Urbana,all'intersezione con,VIA ANTONIO CIPPICO,Scontro frontale/laterale DX fra veicoli in marcia,Due carreggiate,Asciutto,Asfaltata,Verticale ed orizzontale,Nuvoloso,Normale,Buona,Ore Diurne,1,0,0,1,NA,NA
20,01/17/2014 15.20.00,Regionale,in prossimità,della chilometrica,Veicolo in marcia contro ostacolo fisso,Una carreggiata a doppio senso,Asciutto,Asfaltata,Verticale ed orizzontale,Nuvoloso,Normale,Buona,Ore Diurne,1,0,0,0,NA,18.3
10,01/17/2014 15.30.00,Strada Urbana,all'intersezione con,VIALE APPIO CLAUDIO,Scontro frontale fra veicoli in marcia,Una carreggiata a doppio senso,Asciutto,Asfaltata,Verticale ed orizzontale,Nuvoloso,Scarso,Buona,Ore Diurne,3,0,0,0,NA,NA
8,01/17/2014 15.45.00,Strada Urbana,in prossimità,del civico n. ,Veicolo in marcia contro ostacolo accidentale,Una carreggiata a senso unico di marcia,Bagnato (umidità in atto),Asfaltata,Verticale ed orizzontale,Nuvoloso,Normale,Sufficiente,Ore Diurne,1,0,0,0,NA,89
9,01/17/2014 16.00.00,Strada Urbana,in prossimità,del civico n. ,Scontro laterale fra veicoli in marcia,Due carreggiate,Asciutto,Asfaltata,Verticale ed orizzontale,Nuvoloso,Normale,Sufficiente,Ore Diurne,0,0,0,3,NA,417
18,01/17/2014 16.35.00,Strada Urbana,all'intersezione con,VIA CARDINAL BOFONDI,Scontro frontale/laterale SX fra veicoli in marcia,Una carreggiata a doppio senso,Bagnato (pioggia),Asfaltata,Verticale ed orizzontale,Nuvoloso,Normale,Buona,Ore Diurne,1,0,0,1,NA,NA
13,01/17/2014 16.45.00,Strada Urbana,all'intersezione con,VIA GIAMBATTISTA GELLI,Scontro frontale/laterale DX fra veicoli in marcia,Una carreggiata a doppio senso,Asciutto,Asfaltata,Verticale,Nuvoloso,Normale,Buona,Ore Diurne,0,0,0,4,NA,NA
23,01/17/2014 16.55.00,Comunale extraurbana,in corrispondenza,della chilometrica,Tamponamento,Due carreggiate,Asciutto,Asfaltata,Verticale ed orizzontale,Nuvoloso,Intenso,Buona,Ore Diurne,0,0,0,3,NA,17.1
2,01/17/2014 17.00.00,Strada Urbana,da specificare,NA,Scontro laterale fra veicoli in marcia,Due carreggiate,Asciutto,Asfaltata,Verticale ed orizzontale,Nuvoloso,Normale,Buona,Ore Diurne,0,0,0,3,in corrispondenza di v.le Regina Margherita.,NA
12,01/17/2014 17.00.00,Strada Urbana,da specificare,NA,Scontro laterale fra veicoli in marcia,Una carreggiata a senso unico di marcia,Asciutto,Asfaltata,Verticale ed orizzontale,Nuvoloso,Normale,Buona,Ore Diurne,1,0,0,1,direzione GRA (rotatoria),NA
9,01/17/2014 17.15.00,Strada Urbana,in corrispondenza,del civico n. ,Scontro frontale fra veicoli in marcia,Una carreggiata a senso unico di marcia,Asciutto,Asfaltata,Orizzontale,Sereno,Normale,Buona,Sufficiente,0,0,0,0,NA,78
4,01/17/2014 17.15.00,Strada Urbana,da specificare,NA,Scontro laterale fra veicoli in marcia,Una carreggiata a doppio senso,Asciutto,Asfaltata,Orizzontale,Nuvoloso,Normale,Buona,Ore Diurne,1,0,0,2,snc,NA