Gruppo,DataOraIncidente,Localizzazione1,Localizzazione2,Strada02,NaturaIncidente,TipoStrada,FondoStradale,Pavimentazione,Segnaletica,CondizioneAtmosferica,Traffico,Visibilita,Illuminazione,NUM_FERITI,NUM_RISERVATA,NUM_MORTI,NUM_ILLESI,DaSpecificare,Chilometrica
12,01/21/2014 08.50.00,Strada Urbana,in prossimità,del civico n.,Ribaltamento senza urto contro ostacolo fisso,Una carreggiata a doppio senso,Bagnato (pioggia),Asfaltata,Verticale ed orizzontale,Nuvoloso,Normale,Buona,Ore Diurne,1,0,0,1,NA,409
11,01/21/2014 09.10.00,Strada Urbana,in corrispondenza,del civico n. ,Veicolo in marcia contro veicolo in sosta,Una carreggiata a doppio senso,Asciutto,Asfaltata,Verticale ed orizzontale,Nuvoloso,Normale,Buona,Ore Diurne,0,0,0,1,NA,401
13,01/21/2014 09.25.00,Strada Urbana,da specificare,NA,Scontro laterale fra veicoli in marcia,Due carreggiate,Asciutto,Asfaltata,Verticale,Nuvoloso,Normale,Buona,Ore Diurne,0,0,0,2,Via dei Basaldella,NA
8,01/21/2014 09.45.00,Provinciale,da specificare,NA,Veicolo in marcia contro ostacolo accidentale,Una carreggiata a doppio senso,Bagnato (pioggia),Asfaltata,Verticale ed orizzontale,Nuvoloso,Normale,Buona,Ore Diurne,1,0,0,0,prox via Vacri dir. Roma centro,NA
23,01/21/2014 09.45.00,Strada Urbana,all'intersezione con,LARGO MARESCIALLO DIAZ,Infortunio per sola frenata improvvisa,Due carreggiate,Bagnato (umidità in atto),Strada pavimentata dissestata,Verticale ed orizzontale,Nuvoloso,Scarso,Buona,Ore Diurne,1,0,0,0,NA,NA
12,01/21/2014 09.45.00,Strada Urbana,all'intersezione con,VIA DELLE MONTAGNE ROCCIOSE,Scontro frontale/laterale DX fra veicoli in marcia,Una carreggiata a doppio senso,Asciutto,Asfaltata,Verticale ed orizzontale,Nuvoloso,Normale,Buona,Ore Diurne,0,0,0,2,NA,NA
15,01/21/2014 09.50.00,Strada Urbana,in corrispondenza,del civico n. ,Veicolo in marcia contro ostacolo fisso,Una carreggiata a senso unico di marcia,Bagnato (umidità in atto),Asfaltata,Temporanea di cantiere,Nuvoloso,Scarso,Buona,Ore Diurne,0,0,0,1,NA,88
4,01/21/2014 10.00.00,Provinciale entro l'abitato,in prossimità,del civico n.,Scontro laterale fra veicoli in marcia,Una carreggiata a doppio senso,Bagnato (pioggia),Asfaltata,Orizzontale,Nuvoloso,Normale,Buona,Ore Diurne,1,0,0,1,NA,833
7,01/21/2014 10.10.00,Strada Urbana,in prossimità,del civico n. ,Veicolo in marcia contro ostacolo accidentale,Una carreggiata a doppio senso,Bagnato (umidità in atto),Asfaltata,Assente,Sereno,Normale,Buona,Ore Diurne,0,0,0,1,NA,107
13,01/21/2014 10.15.00,Strada Urbana,in corrispondenza,del civico n. ,Tamponamento,Una carreggiata a doppio senso,Asciutto,Asfaltata,Orizzontale,Nuvoloso,Normale,Buona,Ore Diurne,1,0,0,0,NA,857
8,01/21/2014 10.30.00,Strada Urbana,da specificare,NA,Veicolo in marcia contro ostacolo accidentale,Due carreggiate,Asciutto,Strada pavimentata dissestata,Assente,Sereno,Intenso,Buona,Ore Diurne,0,0,0,1,ALTEZZA  FACOLTA' DI SCIENZE.,NA
1,01/21/2014 10.30.00,Strada Urbana,all'intersezione con,VIA PRINCIPE AMEDEO,Infortunio per sola frenata improvvisa,Una carreggiata a doppio senso,Asciutto,Asfaltata,Verticale ed orizzontale,Nuvoloso,Normale,Buona,Ore Diurne,1,0,0,0,NA,NA
8,01/21/2014 10.35.00,Strada Urbana,in corrispondenza,del civico n. ,Veicolo in marcia contro ostacolo accidentale,Una carreggiata a doppio senso,Asciutto,Asfaltata,Orizzontale,Sereno,Normale,Buona,Ore Diurne,0,0,0,1,NA,367
2,01/21/2014 10.45.00,Strada Urbana,all'intersezione con,VIA DI TRASONE,Scontro frontale/laterale SX fra veicoli in marcia,Una carreggiata a senso unico di marcia,Asciutto,Asfaltata,Verticale ed orizzontale,Sereno,Normale,Buona,Ore Diurne,0,0,0,3,NA,NA
5,01/21/2014 11.00.00,Strada Urbana,in prossimità,del civico n.,Veicolo in marcia contro veicoli in sosta,Una carreggiata a doppio senso,Asciutto,Asfaltata,Verticale ed orizzontale,Sereno,Normale,Buona,Ore Diurne,0,0,0,0,NA,24
20,01/21/2014 11.20.00,Provinciale entro l'abitato,in prossimità,del civico n.,Veicolo in marcia contro ostacolo accidentale,Una carreggiata a doppio senso,Asciutto,Asfaltata,Orizzontale,Nuvoloso,Scarso,Buona,Ore Diurne,1,0,0,0,NA,F.C. 280
16,01/21/2014 11.30.00,Strada Urbana,all'intersezione con,LARGO GUGLIELMO BILANCIONI,Scontro frontale/laterale DX fra veicoli in marcia,Una carreggiata a doppio senso,Asciutto,Asfaltata,Verticale ed orizzontale,Nuvoloso,Normale,Buona,Ore Diurne,0,0,0,3,NA,NA
15,01/21/2014 11.30.00,Strada Urbana,in prossimità,del civico n. ,Veicolo in marcia contro veicolo arresto,Una carreggiata a doppio senso,Asciutto,Asfaltata,Verticale ed orizzontale,Nuvoloso,Normale,Buona,Ore Diurne,1,0,0,3,NA,375
1,01/21/2014 11.30.00,Strada Urbana,all'intersezione semaforizzata con,VIA DI S. GREGORIO,Scontro laterale fra veicoli in marcia,Due carreggiate,Asciutto,Asfaltata,Verticale ed orizzontale,Nuvoloso,Normale,Buona,Ore Diurne,0,0,0,2,NA,NA
5,01/21/2014 11.30.00,Strada Urbana,in prossimità,del civico n. ,Scontro frontale/laterale DX fra veicoli in marcia,Una carreggiata a doppio senso,Bagnato (umidità in atto),Asfaltata,Verticale ed orizzontale,Nuvoloso,Normale,Buona,Ore Diurne,0,0,0,2,NA,5
7,01/21/2014 12.00.00,Strada Urbana,all'intersezione con,VIA GIOVANNI RUCELLAI,Veicolo in marcia contro veicolo in sosta,Una carreggiata a doppio senso,Asciutto,Asfaltata,Assente,Nuvoloso,Normale,Sufficiente,Ore Diurne,0,0,0,3,NA,NA
6,01/21/2014 12.10.00,Strada Urbana,in corrispondenza,del civico n. ,Scontro frontale/laterale DX fra veicoli in marcia,Una carreggiata a doppio senso,Asciutto,Asfaltata,Orizzontale,Sereno,Normale,Buona,Ore Diurne,0,0,0,2,NA,43
8,01/21/2014 12.20.00,Strada Urbana,in corrispondenza,del civico n. ,Tamponamento,Una carreggiata a doppio senso,Asciutto,Asfaltata,Verticale ed orizzontale,Nuvoloso,Normale,Buona,Ore Diurne,1,0,0,1,NA,1216
9,01/21/2014 12.40.00,Strada Urbana,in corrispondenza,del civico n.,Veicolo in marcia contro veicolo in sosta,Una carreggiata a doppio senso,Asciutto,Asfaltata,Orizzontale,Nuvoloso,Normale,Buona,Ore Diurne,0,0,0,1,NA,71
11,01/21/2014 12.45.00,Strada Urbana,all'intersezione con,VIALE ERMINIO SPALLA,Scontro frontale/laterale SX fra veicoli in marcia,Una carreggiata a doppio senso,Asciutto,Asfaltata,Verticale ed orizzontale,Nuvoloso,Normale,Buona,Ore Diurne,2,0,0,1,NA,NA
2,01/21/2014 13.00.00,Strada Urbana,all'intersezione con,VIA TARO,Scontro laterale fra veicoli in marcia,Una carreggiata a doppio senso,Asciutto,Asfaltata,Verticale ed orizzontale,Nuvoloso,Normale,Buona,Ore Diurne,2,0,0,0,NA,NA
8,01/21/2014 13.00.00,Strada Urbana,da specificare,NA,Veicolo in marcia contro ostacolo accidentale,Due carreggiate,Asciutto,Asfaltata,Orizzontale,Sereno,Normale,Buona,Ore Diurne,1,0,0,0,altezza Via F. TACCONI,NA
8,01/21/2014 13.05.00,Strada Urbana,da specificare,NA,Veicolo in marcia contro ostacolo accidentale,Due carreggiate,Asciutto,Asfaltata,Orizzontale,Sereno,Normale,Buona,Ore Diurne,0,0,0,1,altezza via Filippo TACCONI,NA
8,01/21/2014 13.05.00,Strada Urbana,da specificare,NA,Veicolo in marcia contro ostacolo accidentale,Due carreggiate,Asciutto,Asfaltata,Orizzontale,Sereno,Normale,Buona,Ore Diurne,0,0,0,2,altezza Via F. Tacconi,NA
7,01/21/2014 13.10.00,Provinciale entro l'abitato,in prossimità,del civico n.,Tamponamento Multiplo,Una carreggiata a doppio senso,Asciutto,Asfaltata,Verticale ed orizzontale,Nuvoloso,Normale,Buona,Ore Diurne,1,0,0,2,NA,712
23,01/21/2014 13.10.00,Strada Urbana,all'intersezione con,VIA DEL CIRCO MASSIMO,Scontro frontale/laterale SX fra veicoli in marcia,Una carreggiata a senso unico alternato,Asciutto,Asfaltata,Verticale ed orizzontale,Nuvoloso,Normale,Buona,Ore Diurne,1,0,0,1,NA,NA
8,01/21/2014 13.30.00,Strada Urbana,da specificare,NA,Veicolo in marcia contro ostacolo accidentale,Due carreggiate,Asciutto,Asfaltata,Orizzontale,Sereno,Normale,Buona,Ore Diurne,0,0,0,1,altezza Via Filippo TACCONI,NA
11,01/21/2014 13.30.00,Strada Urbana,all'intersezione semaforizzata con,VIA TEMISTOCLE CALZECCHI ONESTI,Scontro laterale fra veicoli in marcia,Due carreggiate,Asciutto,Asfaltata,Verticale ed orizzontale,Nuvoloso,Normale,Buona,Ore Diurne,1,0,0,2,NA,NA
4,01/21/2014 13.47.00,Strada Urbana,all'intersezione semaforizzata con,VIA LUIGI CAPUANA,Scontro laterale fra veicoli in marcia,Due carreggiate,Asciutto,Asfaltata,Verticale ed orizzontale,Nuvoloso,Normale,Buona,Ore Diurne,1,0,0,2,NA,NA
4,01/21/2014 14.25.00,Strada Urbana,in prossimità,del civico n.,Investimento di pedone,Una carreggiata a doppio senso,Bagnato (umidità in atto),Asfaltata,Assente,Nuvoloso,Normale,Buona,Ore Diurne,1,0,0,2,NA,107
13,01/21/2014 14.25.00,Strada Urbana,da specificare,NA,Investimento di pedone,Due carreggiate,Asciutto,Asfaltata,Orizzontale,Nuvoloso,Normale,Buona,Ore Diurne,1,0,0,1,CIRCA MT 600 DA VIA C. COLOMBO,NA
8,01/21/2014 14.30.00,Strada Urbana,in prossimità,del civico n. ,Veicolo in marcia contro ostacolo accidentale,Due carreggiate,Asciutto,Asfaltata,Verticale ed orizzontale,Nuvoloso,Normale,Buona,Ore Diurne,0,0,0,1,NA,9
8,01/21/2014 15.00.00,Strada Urbana,da specificare,NA,Veicolo in marcia contro ostacolo accidentale,Più di due carreggiate,Asciutto,Asfaltata,Verticale ed orizzontale,Nuvoloso,Normale,Buona,Ore Diurne,0,0,0,3,50 mt. dopo via Marcello Alessio,NA
10,01/21/2014 15.20.00,Strada Urbana,da specificare,NA,Scontro laterale fra veicoli in marcia,Una carreggiata a doppio senso,Asciutto,Asfaltata,Orizzontale,Nuvoloso,Normale,Buona,Ore Diurne,0,0,0,6,all'altezza dell'ingresso per la A1,NA
6,01/21/2014 15.30.00,Strada Urbana,all'intersezione con,VIA ALATRI,Scontro laterale fra veicoli in marcia,Una carreggiata a senso unico di marcia,Asciutto,Asfaltata,Verticale ed orizzontale,Sereno,Normale,Buona,Ore Diurne,0,0,0,2,NA,NA
5,01/21/2014 15.35.00,Strada Urbana,da specificare,NA,Scontro laterale fra veicoli in marcia,Due carreggiate,Asciutto,Asfaltata,Orizzontale,Nuvoloso,Normale,Buona,Ore Diurne,0,0,0,2,pross. civ. 39 (interno area parcheggio),NA
18,01/21/2014 15.40.00,Strada Urbana,in prossimità,del civico n.,Veicolo in marcia contro veicolo arresto,Una carreggiata a doppio senso,Asciutto,Asfaltata,Verticale ed orizzontale,Nuvoloso,Intenso,Buona,Ore Diurne,0,0,0,1,NA,1/C
3,01/21/2014 15.45.00,Strada Urbana,in prossimità,del civico n. ,Scontro laterale fra veicoli in marcia,Una carreggiata a senso unico di marcia,Asciutto,Asfaltata,Verticale ed orizzontale,Nuvoloso,Normale,Buona,Ore Diurne,0,0,0,5,NA,31
8,01/21/2014 16.00.00,Strada Urbana,da specificare,NA,Veicolo in marcia contro ostacolo accidentale,Due carreggiate,Asciutto,Con buche,Verticale ed orizzontale,Nuvoloso,Normale,Buona,Ore Diurne,0,0,0,1,prossimità Via di TORRESPACCATA,NA
19,01/21/2014 16.00.00,Strada Urbana,da specificare,NA,Tamponamento,Una carreggiata a senso unico di marcia,Asciutto,Asfaltata,Orizzontale,Nuvoloso,Normale,Buona,Ore Diurne,1,0,0,2,rampa accesso su Via Trionfale,NA
8,01/21/2014 16.10.00,Strada Urbana,da specificare,NA,Veicolo in marcia contro ostacolo accidentale,Due carreggiate,Asciutto,Asfaltata,Verticale ed orizzontale,Sereno,Normale,Buona,Ore Diurne,0,0,0,1,altezza Facoltà di Scienze,NA
16,01/21/2014 16.30.00,Comunale extraurbana,da specificare,NA,Scontro frontale/laterale DX fra veicoli in marcia,Una carreggiata a doppio senso,Asciutto,Asfaltata,Verticale ed orizzontale,Nuvoloso,Scarso,Buona,Sufficiente,0,0,0,3,altezza cavalcavia,NA
8,01/21/2014 16.50.00,Strada Urbana,da specificare,NA,Veicolo in marcia contro ostacolo accidentale,Una carreggiata a doppio senso,Bagnato (pioggia),Asfaltata,Assente,Pioggia in atto,Normale,Buona,Ore Diurne,0,0,0,1,300 mt dopo via Collatina,NA
2,01/21/2014 16.55.00,Strada Urbana,all'intersezione con,LARGO INDIRA GANDHI,Veicolo in marcia contro veicolo fermo,Una carreggiata a doppio senso,Asciutto,Asfaltata,Verticale ed orizzontale,Sereno,Normale,Buona,Ore Diurne,0,0,0,4,NA,NA
8,01/21/2014 17.00.00,Strada Urbana,da specificare,NA,Veicolo in marcia contro ostacolo accidentale,Una carreggiata a doppio senso,Asciutto,Strada pavimentata dissestata,Verticale,Nuvoloso,Intenso,Buona,Ore Diurne,1,0,0,0,circa 100 m dopo rotatoria Via di SALONE dir GRA,NA
6,01/21/2014 17.15.00,Strada Urbana,all'intersezione con,VIA VISCONTE MAGGIOLO,Scontro frontale/laterale SX fra veicoli in marcia,Una carreggiata a senso unico di marcia,Asciutto,Asfaltata,Verticale,Nuvoloso,Scarso,Sufficiente,Sufficiente,0,0,0,3,NA,NA
8,01/21/2014 17.40.00,Strada Urbana,da specificare,NA,Scontro laterale fra veicoli in marcia,Una carreggiata a senso unico di marcia,Asciutto,Asfaltata,Verticale ed orizzontale,Nuvoloso,Normale,Buona,Sufficiente,0,0,0,3,altezza via HEIDELBERG,NA
15,01/21/2014 18.00.00,Strada Urbana,da specificare,NA,Scontro laterale fra veicoli in marcia,Una carreggiata a senso unico di marcia,Asciutto,Asfaltata,Verticale ed orizzontale,Sereno,Intenso,Buona,Sufficiente,2,0,0,1,fronte civico 9,NA
10,01/21/2014 18.00.00,Strada Urbana,in prossimità,del palo luce n.,Tamponamento,Una carreggiata a senso unico di marcia,Asciutto,Asfaltata,Orizzontale,Nuvoloso,Normale,Buona,Sufficiente,1,0,0,2,NA,438
12,01/21/2014 18.10.00,Strada Urbana,all'intersezione con,VIALE CITTA' D'EUROPA,Scontro frontale/laterale DX fra veicoli in marcia,Una carreggiata a doppio senso,Asciutto,Asfaltata,Verticale ed orizzontale,Nuvoloso,Normale,Buona,Sufficiente,0,0,0,2,NA,NA
7,01/21/2014 18.15.00,Strada Urbana,all'intersezione con,VIA FRANCESCO PAOLO MICHETTI,Scontro frontale/laterale SX fra veicoli in marcia,Una carreggiata a doppio senso,Asciutto,Asfaltata,Verticale ed orizzontale,Nuvoloso,Normale,Sufficiente,Sufficiente,1,0,0,3,NA,NA
13,01/21/2014 18.20.00,Provinciale,da specificare,NA,Tamponamento Multiplo,Una carreggiata a doppio senso,Bagnato (pioggia),Asfaltata,Verticale ed orizzontale,Nuvoloso,Normale,Buona,Sufficiente,0,0,0,3,altezza via fiumalbo,NA
10,01/21/2014 18.25.00,Strada Urbana,in prossimità,del civico n.,Investimento di pedone,Una carreggiata a senso unico di marcia,Asciutto,Asfaltata,Verticale ed orizzontale,Sereno,Normale,Sufficiente,Sufficiente,1,0,0,1,NA,136
12,01/21/2014 18.30.00,Provinciale,da specificare,NA,Tamponamento Multiplo,Una carreggiata a doppio senso,Asciutto,Asfaltata,Verticale ed orizzontale,Nuvoloso,Intenso,Sufficiente,Inesistente,1,0,0,7,"km 8,600 - direzione Ostia",NA
2,01/21/2014 18.55.00,Strada Urbana,in prossimità,del civico n.,Tamponamento,Una carreggiata a doppio senso,Asciutto,Asfaltata,Verticale ed orizzontale,Nuvoloso,Normale,Buona,Sufficiente,0,0,0,3,NA,90
1,01/21/2014 19.00.00,Strada Urbana,da specificare,NA,Scontro laterale fra veicoli in marcia,Una carreggiata a doppio senso,Asciutto,Asfaltata,Verticale,Sereno,Normale,Sufficiente,Sufficiente,0,0,0,2,.,NA
19,01/21/2014 19.00.00,Strada Urbana,da specificare,NA,Scontro laterale fra veicoli in marcia,Una carreggiata a senso unico di marcia,Asciutto,Asfaltata,Orizzontale,Sereno,Normale,Buona,Sufficiente,0,0,0,3,prossimità via chiarugi,NA
19,01/21/2014 19.00.00,Strada Urbana,all'intersezione con,VIA FRANCESCO RONCATI,Scontro laterale fra veicoli in marcia,Una carreggiata a senso unico di marcia,Asciutto,Asfaltata,Verticale,Nuvoloso,Normale,Buona,Sufficiente,0,0,0,2,NA,NA
5,01/21/2014 19.15.00,Strada Urbana,da specificare,NA,Veicolo in marcia contro veicolo in sosta,Due carreggiate,Asciutto,Asfaltata,Verticale ed orizzontale,Sereno,Intenso,Buona,Sufficiente,0,0,0,1,pross. cavalcavia invers marcia direz. Prenestina,NA
7,01/21/2014 19.15.00,Strada Urbana,da specificare,NA,Scontro frontale fra veicoli in marcia,Una carreggiata a doppio senso,Asciutto,Asfaltata,Verticale ed orizzontale,Sereno,Normale,Buona,Sufficiente,1,0,0,1,altezza civico 122,NA
11,01/21/2014 19.30.00,Strada Urbana,all'intersezione con,VIA ADELAIDE BONO CAIROLI,Scontro laterale fra veicoli in marcia,Una carreggiata a doppio senso,Asciutto,Asfaltata,Verticale ed orizzontale,Nuvoloso,Normale,Buona,Sufficiente,0,0,0,2,NA,NA
8,01/21/2014 19.30.00,Strada Urbana,da specificare,NA,Veicolo in marcia contro ostacolo accidentale,Una carreggiata a doppio senso,Bagnato (pioggia),Asfaltata,Verticale ed orizzontale,Pioggia in atto,Normale,Insufficiente,Inesistente,0,0,0,2,tratto tra campo nomadi e rotatoria roma centro,NA
1,01/21/2014 19.50.00,Strada Urbana,in prossimità,del civico n.,Tamponamento,Una carreggiata a senso unico di marcia,Asciutto,Asfaltata,Verticale ed orizzontale,Nuvoloso,Normale,Buona,Sufficiente,0,0,0,2,NA,5
16,01/21/2014 19.55.00,Strada Urbana,in prossimità,del civico n.,Scontro laterale fra veicoli in marcia,Una carreggiata a doppio senso,Bagnato (umidità in atto),Asfaltata,Orizzontale,Nuvoloso,Normale,Sufficiente,Sufficiente,1,0,0,1,NA,89
1,01/21/2014 21.05.00,Strada Urbana,all'intersezione semaforizzata con,VICO JUGARIO,Scontro laterale fra veicoli in marcia,Una carreggiata a doppio senso,Asciutto,In cubetti di porfido,Verticale ed orizzontale,Nuvoloso,Scarso,Sufficiente,Sufficiente,0,0,0,2,NA,NA
3,01/21/2014 21.05.00,Strada Urbana,all'intersezione con,VIA MICHELE DI LANDO,Scontro laterale fra veicoli in marcia,Una carreggiata a senso unico di marcia,Bagnato (umidità in atto),Asfaltata,Verticale ed orizzontale,Nuvoloso,Scarso,Sufficiente,Sufficiente,0,0,0,2,NA,NA
2,01/21/2014 21.10.00,Strada Urbana,all'intersezione con,VIA LUISA DI SAVOIA,Scontro laterale fra veicoli in marcia,Due carreggiate,Asciutto,Asfaltata,Verticale ed orizzontale,Nuvoloso,Scarso,Buona,Sufficiente,1,0,0,2,NA,NA
8,01/21/2014 21.30.00,Strada Urbana,da specificare,NA,Veicolo in marcia contro ostacolo accidentale,Una carreggiata a doppio senso,Bagnato (pioggia),Asfaltata,Verticale ed orizzontale,Pioggia in atto,Normale,Buona,Sufficiente,0,0,0,1,alt. scuola elementare Corradi,NA
6,01/21/2014 21.55.00,Strada Urbana,all'intersezione con,VIA ROMOLO TRINCHIERI,Scontro frontale/laterale SX fra veicoli in marcia,Due carreggiate,Asciutto,Asfaltata,Orizzontale,Sereno,Normale,Buona,Sufficiente,1,0,0,2,NA,NA
18,01/21/2014 23.00.00,Strada Urbana,all'intersezione semaforizzata con,VIA DI TORREVECCHIA,Veicolo in marcia contro ostacolo accidentale,Più di due carreggiate,Sdrucciolevole (pietrisco),Sterrata,Temporanea di cantiere,Nuvoloso,Scarso,Buona,Sufficiente,1,0,0,0,NA,NA
7,01/21/2014 23.35.00,Strada Urbana,da specificare,NA,Tamponamento,Una carreggiata a doppio senso,Asciutto,Asfaltata,Verticale ed orizzontale,Nuvoloso,Scarso,Buona,Sufficiente,0,0,0,3,altezza via Aristide Staderini,NA
18,01/22/2014 00.00.00,Strada Urbana,in prossimità,del civico n.,Veicolo in marcia contro veicoli in sosta,Una carreggiata a senso unico di marcia,Bagnato (umidità in atto),Asfaltata,Verticale,Nuvoloso,Scarso,Buona,Sufficiente,0,0,0,0,NA,22
6,01/22/2014 00.04.00,Strada Urbana,all'intersezione con,VIA BARTOLOMEO PERESTRELLO,Scontro frontale/laterale SX fra veicoli in marcia,Una carreggiata a senso unico di marcia,Asciutto,Asfaltata,Verticale ed orizzontale,Sereno,Scarso,Buona,Sufficiente,2,0,0,0,NA,NA
8,01/22/2014 00.40.00,Strada Urbana,all'intersezione con,VIA SCOGLITTI,Tamponamento,Una carreggiata a doppio senso,Bagnato (umidità in atto),Asfaltata,Verticale ed orizzontale,Nuvoloso,Scarso,Buona,Sufficiente,1,0,0,1,NA,NA
1,01/22/2014 01.00.00,Strada Urbana,in prossimità,del civico n.,Veicolo in marcia contro ostacolo accidentale,Una carreggiata a doppio senso,Viscido da liquidi oleosi,In cubetti di porfido,Verticale ed orizzontale,Sereno,Scarso,Sufficiente,Sufficiente,1,0,0,1,NA,209
11,01/22/2014 02.10.00,Strada Urbana,in prossimità,del civico n.,Tamponamento,Una carreggiata a doppio senso,Asciutto,Asfaltata,Verticale ed orizzontale,Nuvoloso,Scarso,Sufficiente,Sufficiente,0,0,0,3,NA,10
5,01/22/2014 02.30.00,Strada Urbana,all'intersezione con,VIA ALBERTO BERGAMINI,Veicolo in marcia contro ostacolo fisso,Due carreggiate,Asciutto,Asfaltata,Verticale ed orizzontale,Nuvoloso,Scarso,Buona,Sufficiente,0,0,0,1,NA,NA
5,01/22/2014 04.15.00,Strada Urbana,da specificare,NA,Veicolo in marcia contro ostacolo fisso,Una carreggiata a doppio senso,Asciutto,Asfaltata,Verticale ed orizzontale,Nuvoloso,Normale,Buona,Sufficiente,0,0,0,1,in prossimità di Via Lanciano,NA
3,01/22/2014 05.45.00,Strada Urbana,da specificare,NA,Veicolo in marcia contro ostacolo accidentale,Una carreggiata a doppio senso,Asciutto,Asfaltata,Verticale ed orizzontale,Nuvoloso,Scarso,Buona,Sufficiente,0,0,0,1,prossimità piazza Rio de Janeiro,NA
12,01/22/2014 07.30.00,Strada Urbana,da specificare,NA,Scontro frontale fra veicoli in marcia,Una carreggiata a doppio senso,Asciutto,Asfaltata,Verticale,Nuvoloso,Scarso,Buona,Ore Diurne,3,0,0,0,altezza civico 34,NA
20,01/22/2014 07.40.00,Strada Urbana,all'intersezione semaforizzata con,VIA DI VIGNA STELLUTI,Scontro laterale fra veicoli in marcia,Due carreggiate,Asciutto,Asfaltata,Verticale ed orizzontale,Sereno,Intenso,Buona,Ore Diurne,0,0,0,5,NA,NA
1,01/22/2014 07.40.00,Strada Urbana,in prossimità,del civico n.,Scontro laterale fra veicoli in marcia,Una carreggiata a doppio senso,Asciutto,Asfaltata,Verticale ed orizzontale,Nuvoloso,Normale,Buona,Ore Diurne,1,0,0,3,NA,143/B
7,01/22/2014 07.45.00,Strada Urbana,all'intersezione con,VIA DELLE AZALEE,Scontro frontale/laterale SX fra veicoli in marcia,Una carreggiata a senso unico di marcia,Asciutto,Asfaltata,Verticale ed orizzontale,Nuvoloso,Normale,Buona,Ore Diurne,0,0,0,2,NA,NA
13,01/22/2014 07.50.00,Provinciale,in corrispondenza,della chilometrica ,Fuoriuscita dalla sede stradale,Una carreggiata a doppio senso,Bagnato (pioggia),Asfaltata,Verticale ed orizzontale,Pioggia in atto,Normale,Buona,Ore Diurne,0,0,0,1,NA,3.00
7,01/22/2014 07.55.00,Strada Urbana,all'intersezione con,VIA CESARE SERONO,Veicolo in marcia contro ostacolo fisso,Una carreggiata a doppio senso,Asciutto,Asfaltata,Verticale ed orizzontale,Sereno,Normale,Buona,Ore Diurne,0,0,0,1,NA,NA
5,01/22/2014 07.55.00,Strada Urbana,all'intersezione con,VIA TIBURTINA,Scontro frontale/laterale SX fra veicoli in marcia,Una carreggiata a doppio senso,Asciutto,Asfaltata,Verticale ed orizzontale,Nuvoloso,Intenso,Buona,Ore Diurne,0,0,0,2,NA,NA
8,01/22/2014 08.10.00,Strada Urbana,da specificare,NA,Veicolo in marcia contro ostacolo accidentale,Due carreggiate,Asciutto,Strada pavimentata dissestata,Verticale ed orizzontale,Nuvoloso,Normale,Buona,Ore Diurne,0,0,0,1,in prossimità di Torre Spaccata,NA
20,01/22/2014 08.15.00,Strada Urbana,in prossimità,del civico n.,Scontro laterale fra veicoli in marcia,Una carreggiata a doppio senso,Asciutto,Asfaltata,Verticale ed orizzontale,Nuvoloso,Normale,Buona,Ore Diurne,0,0,0,3,NA,f.c. 5
17,01/22/2014 08.15.00,Strada Urbana,in prossimità,del civico n.,Veicolo in marcia contro veicolo fermo,Una carreggiata a doppio senso,Asciutto,Acciotolata,Verticale ed orizzontale,Nuvoloso,Scarso,Buona,Ore Diurne,0,0,0,2,NA,11
1,01/22/2014 08.40.00,Strada Urbana,all'intersezione semaforizzata con,LARGO DELLE VITTIME DEL TERRORISMO,Tamponamento Multiplo,Una carreggiata a doppio senso,Asciutto,Asfaltata,Verticale,Nuvoloso,Normale,Buona,Ore Diurne,1,0,0,3,NA,NA
12,01/22/2014 08.45.00,Strada Urbana,da specificare,NA,Tamponamento Multiplo,Più di due carreggiate,Asciutto,Asfaltata,Verticale ed orizzontale,Nuvoloso,Normale,Buona,Ore Diurne,1,0,0,3,prossimità Largo della Cecchignola,NA
2,01/22/2014 08.55.00,Strada Urbana,all'intersezione con,VIA TRIPOLITANIA,Scontro laterale fra veicoli in marcia,Una carreggiata a doppio senso,Asciutto,Asfaltata,Verticale ed orizzontale,Nuvoloso,Normale,Buona,Ore Diurne,0,0,0,2,NA,NA
10,01/22/2014 08.55.00,Statale entro l'abitato,all'intersezione semaforizzata con,VIA SCRIBONIO CURIONE,Scontro frontale/laterale SX fra veicoli in marcia,Una carreggiata a senso unico di marcia,Asciutto,Asfaltata,Verticale ed orizzontale,Nuvoloso,Intenso,Buona,Ore Diurne,0,0,0,3,NA,NA
11,01/22/2014 09.00.00,Strada Urbana,in corrispondenza,del palo luce n.,Tamponamento Multiplo,Due carreggiate,Asciutto,Asfaltata,Verticale ed orizzontale,Nuvoloso,Intenso,Buona,Ore Diurne,2,0,0,2,NA,71
18,01/22/2014 09.10.00,Strada Urbana,all'intersezione con,VIA CALISTO II,Scontro laterale fra veicoli in marcia,Due carreggiate,Asciutto,Asfaltata,Verticale ed orizzontale,Nuvoloso,Intenso,Buona,Ore Diurne,1,0,0,1,NA,NA
15,01/22/2014 09.10.00,Strada Urbana,in prossimità,del civico n.,Veicolo in marcia contro veicoli in sosta,Una carreggiata a senso unico di marcia,Bagnato (umidità in atto),Asfaltata,Assente,Nuvoloso,Normale,Buona,Ore Diurne,0,0,0,1,NA,27