Gruppo,DataOraIncidente,Localizzazione1,Localizzazione2,Strada02,NaturaIncidente,TipoStrada,FondoStradale,Pavimentazione,Segnaletica,CondizioneAtmosferica,Traffico,Visibilita,Illuminazione,NUM_FERITI,NUM_RISERVATA,NUM_MORTI,NUM_ILLESI,DaSpecificare,Chilometrica
1,01/24/2014 08.50.00,Strada Urbana,in corrispondenza,del palo luce n.,Veicolo in marcia contro ostacolo accidentale,Due carreggiate,Bagnato (pioggia),Asfaltata,Verticale ed orizzontale,Pioggia in atto,Normale,Buona,Ore Diurne,0,0,0,2,NA,14
20,01/24/2014 09.00.00,Regionale,in prossimità,del civico n. ,Tamponamento,Una carreggiata a doppio senso,Bagnato (umidità in atto),Asfaltata,Verticale ed orizzontale,Nuvoloso,Intenso,Buona,Ore Diurne,0,0,0,2,NA,277
1,01/24/2014 09.00.00,Strada Urbana,in prossimità,del civico n.,Investimento di pedone,Una carreggiata a doppio senso,Bagnato (pioggia),Asfaltata,Verticale ed orizzontale,Pioggia in atto,Normale,Sufficiente,Ore Diurne,1,0,0,1,NA,33
3,01/24/2014 09.05.00,Strada Urbana,all'intersezione semaforizzata con,PIAZZALE DI PORTA PIA,Scontro laterale fra veicoli in marcia,Due carreggiate,Bagnato (pioggia),Asfaltata,Verticale ed orizzontale,Pioggia in atto,Intenso,Buona,Ore Diurne,1,0,0,1,NA,NA
13,01/24/2014 09.20.00,Provinciale,da specificare,NA,Veicolo in marcia contro ostacolo accidentale,Una carreggiata a senso unico di marcia,Bagnato (pioggia),Asfaltata,Verticale ed orizzontale,Pioggia in atto,Normale,Buona,Ore Diurne,0,0,0,1,alt. km 25.350 della via del Mare,NA
4,01/24/2014 09.20.00,Strada Urbana,all'intersezione con,VIA MONTE S. VICINO,Investimento di pedone,Due carreggiate,Bagnato (pioggia),Asfaltata,Verticale,Pioggia in atto,Normale,Buona,Ore Diurne,1,0,0,1,NA,NA
9,01/24/2014 09.35.00,Strada Urbana,in corrispondenza,del civico n. ,Tamponamento,Una carreggiata a senso unico di marcia,Bagnato (pioggia),Asfaltata,Assente,Pioggia in atto,Intenso,Buona,Ore Diurne,0,0,0,2,NA,47
2,01/24/2014 09.40.00,Strada Urbana,in corrispondenza,del civico n.,Tamponamento,Una carreggiata a doppio senso,Bagnato (pioggia),Asfaltata,Verticale ed orizzontale,Nuvoloso,Normale,Buona,Ore Diurne,0,0,0,2,NA,61
15,01/24/2014 10.00.00,Strada Urbana,all'intersezione con,VIA LUCA VALERIO,Scontro frontale/laterale DX fra veicoli in marcia,Una carreggiata a doppio senso,Bagnato (pioggia),Asfaltata,Orizzontale,Nuvoloso,Normale,Buona,Ore Diurne,1,0,0,1,NA,NA
2,01/24/2014 10.00.00,Strada Urbana,in prossimità,del civico n.,Veicolo in marcia contro veicolo in sosta,Una carreggiata a senso unico di marcia,Bagnato (brina),Asfaltata,Verticale ed orizzontale,Nuvoloso,Normale,Buona,Ore Diurne,0,0,0,0,NA,fr.25
4,01/24/2014 10.00.00,Strada Urbana,da specificare,NA,Tamponamento Multiplo,Una carreggiata a senso unico di marcia,Bagnato (pioggia),Asfaltata,Verticale ed orizzontale,Nuvoloso,Normale,Buona,Ore Diurne,1,0,0,2,via di Settebagni altezza sottopassaggio GRA,NA
1,01/24/2014 10.15.00,Strada Urbana,in prossimità,del palo luce n. ,Scontro frontale/laterale SX fra veicoli in marcia,Una carreggiata a doppio senso,Bagnato (pioggia),Asfaltata,Orizzontale,Pioggia in atto,Normale,Buona,Ore Diurne,2,0,0,1,NA,6
10,01/24/2014 10.40.00,Strada Urbana,da specificare,NA,Infortunio per caduta del veicolo,Più di due carreggiate,Bagnato (pioggia),Asfaltata,Verticale ed orizzontale,Pioggia in atto,Normale,Buona,Ore Diurne,1,0,0,1,fronte civico 814,NA
5,01/24/2014 10.45.00,Strada Urbana,da specificare,NA,Scontro laterale fra veicoli in marcia,Due carreggiate,Bagnato (pioggia),Asfaltata,Verticale ed orizzontale,Nuvoloso,Normale,Buona,Ore Diurne,0,0,0,3,parte scoperta prossimità Portonaccio dir. Salaria,NA
1,01/24/2014 10.45.00,Strada Urbana,in corrispondenza,del civico n.,Veicolo in marcia contro ostacolo accidentale,Una carreggiata a doppio senso,Viscido da liquidi oleosi,In cubetti di porfido,Assente,Nuvoloso,Normale,Buona,Ore Diurne,1,0,0,0,NA,86/A
20,01/24/2014 11.00.00,Strada Urbana,in prossimità,del civico n.,Scontro laterale fra veicoli in marcia,Più di due carreggiate,Bagnato (pioggia),Asfaltata,Orizzontale,Nuvoloso,Intenso,Buona,Ore Diurne,1,0,0,1,NA,240
7,01/24/2014 11.00.00,Strada Urbana,in prossimità,del palo luce n. ,Scontro frontale/laterale SX fra veicoli in marcia,Una carreggiata a doppio senso,Bagnato (umidità in atto),Asfaltata,Orizzontale,Nuvoloso,Normale,Buona,Ore Diurne,1,0,0,3,NA,60/61
20,01/24/2014 11.00.00,Regionale,da specificare,NA,Scontro laterale fra veicoli in marcia,Due carreggiate,Viscido da liquidi oleosi,Asfaltata,Orizzontale,Sereno,Normale,Buona,Ore Diurne,2,0,0,6,dir. G.R.A. pross. Saxa Rubra,NA
2,01/24/2014 11.00.00,Strada Urbana,in corrispondenza,del civico n.,Ribaltamento senza urto contro ostacolo fisso,Una carreggiata a doppio senso,Bagnato (pioggia),Asfaltata,Verticale ed orizzontale,Nuvoloso,Normale,Sufficiente,Ore Diurne,2,0,0,0,NA,26
12,01/24/2014 11.30.00,Strada Urbana,in corrispondenza,del civico n. ,Scontro frontale/laterale DX fra veicoli in marcia,Una carreggiata a doppio senso,Bagnato (pioggia),Asfaltata,Orizzontale,Nuvoloso,Normale,Buona,Ore Diurne,0,0,0,2,NA,273
1,01/24/2014 11.35.00,Strada Urbana,da specificare,NA,Scontro frontale/laterale SX fra veicoli in marcia,Una carreggiata a doppio senso,Bagnato (umidità in atto),Asfaltata,Verticale ed orizzontale,Nuvoloso,Normale,Buona,Ore Diurne,1,0,0,1,VARCO ELETTRONICO,NA
8,01/24/2014 11.40.00,Strada Urbana,all'intersezione con,VIA DI GROTTE CELONI,Scontro frontale/laterale SX fra veicoli in marcia,Una carreggiata a doppio senso,Bagnato (umidità in atto),Asfaltata,Verticale ed orizzontale,Nuvoloso,Scarso,Buona,Ore Diurne,0,0,0,1,NA,NA
15,01/24/2014 11.45.00,Strada Urbana,in prossimità,del civico n.,Veicolo in marcia contro ostacolo fisso,Una carreggiata a doppio senso,Bagnato (umidità in atto),Asfaltata,Orizzontale,Nuvoloso,Normale,Buona,Ore Diurne,0,0,0,1,NA,18
2,01/24/2014 11.50.00,Strada Urbana,in prossimità,del civico n.,Investimento di pedone,Una carreggiata a doppio senso,Bagnato (umidità in atto),Asfaltata,Verticale ed orizzontale,Nuvoloso,Normale,Buona,Ore Diurne,1,0,0,1,NA,54
1,01/24/2014 12.00.00,Strada Urbana,in prossimità,del civico n.,Infortunio per sola frenata improvvisa,Una carreggiata a doppio senso,Bagnato (umidità in atto),In cubetti di porfido,Orizzontale,Nuvoloso,Scarso,Sufficiente,Ore Diurne,1,0,0,1,NA,5
12,01/24/2014 12.00.00,Strada Urbana,in prossimità,del palo luce n. ,Scontro frontale/laterale SX fra veicoli in marcia,Una carreggiata a doppio senso,Bagnato (pioggia),Asfaltata,Verticale ed orizzontale,Nuvoloso,Scarso,Buona,Ore Diurne,0,0,0,2,NA,3
17,01/24/2014 12.30.00,Strada Urbana,da specificare,NA,Scontro frontale/laterale SX fra veicoli in marcia,Più di due carreggiate,Asciutto,Asfaltata,Verticale ed orizzontale,Nuvoloso,Normale,Buona,Ore Diurne,0,0,0,2,pross. svincolo all'alt. di VIA VIGLIENA,NA
6,01/24/2014 12.30.00,Strada Urbana,all'intersezione semaforizzata con,VIA COLLATINA,Scontro frontale/laterale DX fra veicoli in marcia,Più di due carreggiate,Bagnato (pioggia),Asfaltata,Verticale ed orizzontale,Nuvoloso,Normale,Buona,Ore Diurne,1,0,0,1,NA,NA
9,01/24/2014 12.30.00,Strada Urbana,da specificare,NA,Scontro laterale fra veicoli in marcia,Due carreggiate,Bagnato (pioggia),Asfaltata,Verticale ed orizzontale,Nuvoloso,Normale,Buona,Ore Diurne,0,0,0,2,PROSSIMITA' VIA DI VIGNA FABBRI,NA
4,01/24/2014 12.45.00,Strada Urbana,in prossimità,del civico n.,Tamponamento Multiplo,Due carreggiate,Asciutto,Asfaltata,Orizzontale,Nuvoloso,Normale,Buona,Ore Diurne,0,0,0,5,NA,61
4,01/24/2014 13.10.00,Strada Urbana,in prossimità,del civico n.,Veicolo in marcia contro veicolo in sosta,Una carreggiata a senso unico di marcia,Asciutto,Asfaltata,Verticale,Sereno,Normale,Buona,Ore Diurne,0,0,0,1,NA,39
11,01/24/2014 13.10.00,Strada Urbana,all'intersezione semaforizzata con,VIA SALVATORE PINCHERLE,Scontro laterale fra veicoli in marcia,Due carreggiate,Asciutto,Asfaltata,Verticale ed orizzontale,Nuvoloso,Normale,Buona,Ore Diurne,0,0,0,3,NA,NA
8,01/24/2014 13.10.00,Strada Urbana,in prossimità,del palo luce n. ,Scontro laterale fra veicoli in marcia,Due carreggiate,Asciutto,Asfaltata,Verticale ed orizzontale,Nuvoloso,Normale,Buona,Ore Diurne,0,0,0,2,NA,93
4,01/24/2014 13.20.00,Strada Urbana,all'intersezione con,VIA VILLA DI FAONTE,Scontro frontale/laterale SX fra veicoli in marcia,Una carreggiata a doppio senso,Asciutto,Asfaltata,Verticale ed orizzontale,Nuvoloso,Normale,Buona,Ore Diurne,0,0,0,2,NA,NA
13,01/24/2014 13.30.00,Strada Urbana,all'intersezione con,VIA CARLO DEL GRECO,Tamponamento,Una carreggiata a senso unico alternato,Bagnato (pioggia),Asfaltata,Verticale,Nuvoloso,Scarso,Buona,Ore Diurne,2,0,0,2,NA,NA
13,01/24/2014 14.15.00,Strada Urbana,in corrispondenza,del civico n. ,Veicolo in marcia contro ostacolo accidentale,Una carreggiata a doppio senso,Bagnato (pioggia),Asfaltata,Assente,Nuvoloso,Scarso,Buona,Ore Diurne,0,0,0,1,NA,30
8,01/24/2014 14.15.00,Statale entro l'abitato,da specificare,NA,Tamponamento,Una carreggiata a doppio senso,Bagnato (pioggia),Asfaltata,Verticale ed orizzontale,Nuvoloso,Intenso,Buona,Ore Diurne,0,0,0,2,in prossimità di via E. GIGLIOLI,NA
8,01/24/2014 14.15.00,Strada Urbana,da specificare,NA,Scontro laterale fra veicoli in marcia,Una carreggiata a doppio senso,Bagnato (pioggia),Asfaltata,Verticale ed orizzontale,Pioggia in atto,Normale,Buona,Ore Diurne,0,0,0,4,alt. Via Stanford inversione di marcia,NA
1,01/24/2014 14.20.00,Strada Urbana,da specificare,NA,Investimento di pedone,Una carreggiata a senso unico di marcia,Bagnato (pioggia),Asfaltata,Verticale ed orizzontale,Nuvoloso,Normale,Buona,Ore Diurne,1,0,0,1,altezza fermata ATAC,NA
10,01/24/2014 14.20.00,Statale entro l'abitato,all'intersezione semaforizzata con,VIA DEL QUADRARO,Investimento di pedone,Una carreggiata a senso unico di marcia,Bagnato (pioggia),Asfaltata,Verticale ed orizzontale,Pioggia in atto,Normale,Buona,Ore Diurne,1,0,0,1,NA,NA
13,01/24/2014 14.30.00,Strada Urbana,in corrispondenza,del civico n. ,Scontro frontale/laterale DX fra veicoli in marcia,Una carreggiata a doppio senso,Bagnato (pioggia),Asfaltata,Verticale ed orizzontale,Pioggia in atto,Normale,Buona,Ore Diurne,0,0,0,2,NA,191
23,01/24/2014 14.45.00,Comunale extraurbana,all'intersezione semaforizzata con,VIA DI MALAFEDE,Scontro frontale/laterale SX fra veicoli in marcia,Più di due carreggiate,Bagnato (umidità in atto),Asfaltata,Verticale ed orizzontale,Nuvoloso,Intenso,Buona,Ore Diurne,1,0,0,0,NA,NA
7,01/24/2014 14.55.00,Strada Urbana,all'intersezione con,VIA DELLE ROBINIE,Scontro frontale/laterale DX fra veicoli in marcia,Una carreggiata a doppio senso,Asciutto,Asfaltata,Verticale ed orizzontale,Nuvoloso,Normale,Buona,Ore Diurne,1,0,0,3,NA,NA
1,01/24/2014 15.00.00,Strada Urbana,all'intersezione semaforizzata con,VIA MARMORATA,Tamponamento,Una carreggiata a senso unico di marcia,Asciutto,In cubetti di porfido,Verticale ed orizzontale,Nuvoloso,Normale,Buona,Ore Diurne,1,0,0,2,NA,NA
8,01/24/2014 15.00.00,Strada Urbana,all'intersezione con,VIA TERLIZZI,Scontro frontale/laterale DX fra veicoli in marcia,Una carreggiata a doppio senso,Bagnato (pioggia),Asfaltata,Assente,Nuvoloso,Scarso,Buona,Ore Diurne,0,0,0,2,NA,NA
13,01/24/2014 15.00.00,Strada Urbana,in corrispondenza,del civico n.,Veicolo in marcia contro ostacolo accidentale,Una carreggiata a senso unico di marcia,Asciutto,Asfaltata,Verticale ed orizzontale,Sereno,Normale,Buona,Ore Diurne,0,0,0,1,NA,3
17,01/24/2014 15.15.00,Strada Urbana,in prossimità,del civico n.,Scontro laterale fra veicoli in marcia,Due carreggiate,Bagnato (umidità in atto),Asfaltata,Verticale ed orizzontale,Nuvoloso,Scarso,Sufficiente,Ore Diurne,1,0,0,1,NA,26
19,01/24/2014 15.15.00,Strada Urbana,in prossimità,del civico n. ,Veicolo in marcia contro veicolo fermo,Una carreggiata a doppio senso,Asciutto,Asfaltata,Orizzontale,Nuvoloso,Normale,Buona,Ore Diurne,0,0,0,4,NA,183
15,01/24/2014 15.20.00,Strada Urbana,da specificare,NA,Veicolo in marcia contro veicolo in sosta,Una carreggiata a doppio senso,Bagnato (pioggia),Asfaltata,Orizzontale,Pioggia in atto,Normale,Buona,Ore Diurne,0,0,0,2,altezza Via Casale degli Inglesi,NA
7,01/24/2014 15.50.00,Strada Urbana,all'intersezione semaforizzata con,VIALE PALMIRO TOGLIATTI,Scontro laterale fra veicoli in marcia,Due carreggiate,Asciutto,Asfaltata,Verticale ed orizzontale,Nuvoloso,Intenso,Buona,Ore Diurne,0,0,0,3,NA,NA
1,01/24/2014 16.10.00,Strada Urbana,all'intersezione con,VIA ARIOSTO,Scontro frontale/laterale DX fra veicoli in marcia,Una carreggiata a senso unico di marcia,Bagnato (pioggia),Asfaltata,Verticale,Nuvoloso,Normale,Buona,Ore Diurne,0,0,0,2,NA,NA
12,01/24/2014 16.15.00,Strada Urbana,da specificare,NA,Veicolo in marcia contro ostacolo fisso,Più di due carreggiate,Viscido da liquidi oleosi,Asfaltata,Verticale ed orizzontale,Nuvoloso,Normale,Sufficiente,Ore Diurne,0,0,0,2,sottovia Pontina dir. Roma,NA
12,01/24/2014 16.45.00,Strada Urbana,da specificare,NA,Veicolo in marcia contro veicoli in sosta,Più di due carreggiate,Viscido da liquidi oleosi,Asfaltata,Verticale ed orizzontale,Nuvoloso,Normale,Sufficiente,Ore Diurne,0,0,0,4,sottovia Pontina dir. Roma,NA
4,01/24/2014 16.45.00,Strada Urbana,in prossimità,del civico n.,Scontro frontale/laterale DX fra veicoli in marcia,Una carreggiata a doppio senso,Asciutto,Asfaltata,Verticale ed orizzontale,Sereno,Normale,Buona,Sufficiente,1,0,0,1,NA,21
12,01/24/2014 16.50.00,Strada Urbana,da specificare,NA,Veicolo in marcia contro ostacolo fisso,Più di due carreggiate,Viscido da liquidi oleosi,Asfaltata,Verticale ed orizzontale,Nuvoloso,Normale,Buona,Ore Diurne,0,0,0,1,sottovia Pontina dir. Roma,NA
8,01/24/2014 17.15.00,Strada Urbana,in prossimità,del civico n. ,Veicolo in marcia contro ostacolo accidentale,Una carreggiata a doppio senso,Asciutto,Asfaltata,Orizzontale,Nuvoloso,Normale,Sufficiente,Sufficiente,0,0,0,1,NA,20/22
5,01/24/2014 17.30.00,Strada Urbana,in prossimità,del civico n. ,Veicolo in marcia contro veicolo fermo,Una carreggiata a doppio senso,Asciutto,Asfaltata,Verticale ed orizzontale,Nuvoloso,Scarso,Sufficiente,Sufficiente,0,0,0,4,NA,24
2,01/24/2014 17.35.00,Strada Urbana,in prossimità,del civico n.,Scontro laterale fra veicoli in marcia,Più di due carreggiate,Asciutto,Asfaltata,Verticale ed orizzontale,Sereno,Normale,Buona,Ore Diurne,0,0,0,2,NA,149
23,01/24/2014 17.45.00,Strada Urbana,all'intersezione con,VIA ALESSANDRINA,Veicolo in marcia contro veicolo in sosta,Una carreggiata a doppio senso,Bagnato (pioggia),Acciotolata,Assente,Nuvoloso,Scarso,Sufficiente,Sufficiente,0,0,0,2,NA,NA
8,01/24/2014 17.45.00,Strada Urbana,all'intersezione semaforizzata con,VIA DEI RUDERI DI CASA CALDA,Scontro laterale fra veicoli in marcia,Una carreggiata a doppio senso,Asciutto,Asfaltata,Verticale ed orizzontale,Nuvoloso,Normale,Sufficiente,Sufficiente,0,0,0,3,NA,NA
10,01/24/2014 17.55.00,Strada Urbana,da specificare,NA,Veicolo in marcia contro veicolo fermo,Una carreggiata a senso unico di marcia,Bagnato (pioggia),Asfaltata,Verticale ed orizzontale,Nuvoloso,Normale,Buona,Ore Diurne,0,0,0,3,altezza uscita capolinea ATAC,NA
4,01/24/2014 18.00.00,Strada Urbana,all'intersezione con,VIA MONTE CANDA,Scontro frontale/laterale SX fra veicoli in marcia,Una carreggiata a doppio senso,Asciutto,Asfaltata,Verticale,Nuvoloso,Normale,Buona,Sufficiente,2,0,0,0,NA,NA
12,01/24/2014 18.00.00,Provinciale,da specificare,NA,Veicolo in marcia contro ostacolo accidentale,Una carreggiata a doppio senso,Bagnato (pioggia),Asfaltata,Temporanea di cantiere,Nuvoloso,Normale,Insufficiente,Inesistente,0,0,0,1,"alt. km 16,00 dir. fuori Roma",NA
20,01/24/2014 18.00.00,Strada Urbana,in prossimità,del civico n.,Investimento di pedone,Una carreggiata a doppio senso,Bagnato (pioggia),Asfaltata,Verticale ed orizzontale,Nuvoloso,Normale,Buona,Sufficiente,1,0,0,1,NA,31
12,01/24/2014 18.00.00,Provinciale,da specificare,NA,Veicolo in marcia contro ostacolo accidentale,Una carreggiata a doppio senso,Bagnato (pioggia),Asfaltata,Temporanea di cantiere,Nuvoloso,Normale,Insufficiente,Inesistente,0,0,0,4,"KM 16,000, direzione fuori Roma",NA
1,01/24/2014 18.20.00,Strada Urbana,all'intersezione con,PIAZZA POLI,Veicolo in marcia contro veicolo fermo,Una carreggiata a senso unico di marcia,Asciutto,In cubetti di porfido,Verticale ed orizzontale,Sereno,Normale,Sufficiente,Sufficiente,0,0,0,2,NA,NA
7,01/24/2014 18.20.00,Strada Urbana,in prossimità,del civico n. ,Tamponamento,Una carreggiata a doppio senso,Asciutto,Asfaltata,Assente,Sereno,Intenso,Buona,Sufficiente,0,0,0,3,NA,139
5,01/24/2014 18.30.00,Strada Urbana,all'intersezione con,VIA TIVOLI,Scontro frontale/laterale SX fra veicoli in marcia,Una carreggiata a doppio senso,Asciutto,Asfaltata,Orizzontale,Nuvoloso,Normale,Buona,Sufficiente,0,0,0,1,NA,NA
18,01/24/2014 18.30.00,Strada Urbana,in prossimità,del civico n.,Veicolo in marcia contro ostacolo accidentale,Una carreggiata a doppio senso,Bagnato (pioggia),Strada pavimentata dissestata,Assente,Nuvoloso,Scarso,Sufficiente,Sufficiente,1,0,0,0,NA,139
5,01/24/2014 18.40.00,Strada Urbana,da specificare,NA,Scontro laterale fra veicoli in marcia,Due carreggiate,Asciutto,Asfaltata,Verticale ed orizzontale,Nuvoloso,Normale,Sufficiente,Sufficiente,0,0,0,2,prossimità VIA DEGLI ALBERINI,NA
20,01/24/2014 18.55.00,Strada Urbana,da specificare,NA,Veicolo in marcia contro ostacolo accidentale,Una carreggiata a doppio senso,Sdrucciolevole (terriccio),Asfaltata,Verticale ed orizzontale,Nuvoloso,Normale,Sufficiente,Sufficiente,0,0,1,1,Via Germana Stefanini pross Via SS Cosma e Damiano,NA
12,01/24/2014 19.00.00,Provinciale,da specificare,NA,Veicolo in marcia contro ostacolo accidentale,Una carreggiata a doppio senso,Bagnato (pioggia),Asfaltata,Temporanea di cantiere,Nuvoloso,Normale,Insufficiente,Inesistente,0,0,0,2,"km 16,000 dir. fuori Roma",NA
12,01/24/2014 19.00.00,Provinciale,da specificare,NA,Veicolo in marcia contro ostacolo accidentale,Una carreggiata a doppio senso,Bagnato (pioggia),Asfaltata,Temporanea di cantiere,Nuvoloso,Normale,Insufficiente,Inesistente,0,0,0,2,"Km 16,000 direzione fuori Roma",NA
8,01/24/2014 19.00.00,Strada Urbana,all'intersezione con,VIA DELL'ACQUA VERGINE,Scontro frontale/laterale SX fra veicoli in marcia,Una carreggiata a doppio senso,Asciutto,Asfaltata,Orizzontale,Sereno,Normale,Buona,Insufficiente,1,0,0,2,NA,NA
4,01/24/2014 19.00.00,Strada Urbana,in corrispondenza,del civico n.,Veicolo in marcia contro veicolo fermo,Una carreggiata a senso unico di marcia,Asciutto,Asfaltata,Verticale,Sereno,Normale,Buona,Sufficiente,0,0,0,1,NA,11
7,01/24/2014 19.15.00,Strada Urbana,in prossimità,del civico n.,Veicolo in marcia contro ostacolo fisso,Una carreggiata a senso unico di marcia,Asciutto,Asfaltata,Assente,Nuvoloso,Scarso,Buona,Insufficiente,0,0,0,1,NA,78
18,01/24/2014 19.15.00,Strada Urbana,in prossimità,del civico n. ,Veicolo in marcia contro ostacolo accidentale,Più di due carreggiate,Bagnato (umidità in atto),Asfaltata,Verticale ed orizzontale,Nuvoloso,Normale,Buona,Sufficiente,0,0,0,1,NA,561
12,01/24/2014 19.15.00,Provinciale,da specificare,NA,Veicolo in marcia contro ostacolo accidentale,Una carreggiata a doppio senso,Bagnato (pioggia),Asfaltata,Temporanea di cantiere,Nuvoloso,Normale,Insufficiente,Inesistente,0,0,0,1,"km 16,00 direzione fuori Roma",NA
9,01/24/2014 19.20.00,Strada Urbana,in corrispondenza,del civico n. ,Scontro laterale fra veicoli in marcia,Due carreggiate,Asciutto,Asfaltata,Verticale ed orizzontale,Nuvoloso,Normale,Buona,Sufficiente,0,0,0,2,NA,2
13,01/24/2014 19.30.00,Strada Urbana,all'intersezione con,VIA DI SAPONARA,Veicolo in marcia contro ostacolo accidentale,Una carreggiata a doppio senso,Bagnato (umidità in atto),Asfaltata,Assente,Nuvoloso,Normale,Insufficiente,Insufficiente,0,0,0,1,NA,NA
19,01/24/2014 19.30.00,Strada Urbana,all'intersezione con,VIA CARLO LIVI,Scontro frontale/laterale SX fra veicoli in marcia,Una carreggiata a doppio senso,Asciutto,Asfaltata,Orizzontale,Nuvoloso,Normale,Sufficiente,Sufficiente,1,0,0,1,NA,NA
2,01/24/2014 19.30.00,Strada Urbana,all'intersezione con,VIALE MARESCIALLO PILSUDSKI,Tamponamento,Una carreggiata a senso unico di marcia,Asciutto,Asfaltata,Verticale ed orizzontale,Sereno,Normale,Buona,Sufficiente,0,0,0,2,NA,NA
12,01/24/2014 19.45.00,Provinciale,da specificare,NA,Veicolo in marcia contro ostacolo accidentale,Una carreggiata a doppio senso,Bagnato (pioggia),Asfaltata,Temporanea di cantiere,Nuvoloso,Normale,Insufficiente,Inesistente,0,0,0,1,"Km 16,000 dir. fuori Roma",NA
12,01/24/2014 20.00.00,Provinciale,da specificare,NA,Veicolo in marcia contro ostacolo accidentale,Una carreggiata a doppio senso,Bagnato (pioggia),Asfaltata,Temporanea di cantiere,Nuvoloso,Normale,Insufficiente,Inesistente,0,0,0,1,"alt. km 16,00 dir. fuori Roma",NA
11,01/24/2014 20.00.00,Strada Urbana,da specificare,NA,Veicolo in marcia contro ostacolo fisso,Una carreggiata a doppio senso,Bagnato (umidità in atto),Asfaltata,Verticale ed orizzontale,Nuvoloso,Normale,Buona,Inesistente,0,0,0,2,direzione centro sotto ponte ferrovia,NA
1,01/24/2014 20.00.00,Strada Urbana,all'intersezione con,VIA ANTONIO CANOVA,Scontro frontale fra veicoli in marcia,Una carreggiata a senso unico di marcia,Asciutto,In cubetti di porfido,Verticale ed orizzontale,Nuvoloso,Scarso,Sufficiente,Sufficiente,1,0,0,1,NA,NA
7,01/24/2014 21.00.00,Strada Urbana,in corrispondenza,del civico n.,Scontro laterale fra veicoli in marcia,Una carreggiata a doppio senso,Asciutto,Asfaltata,Orizzontale,Nuvoloso,Normale,Buona,Sufficiente,1,0,0,1,NA,690
17,01/24/2014 21.10.00,Strada Urbana,all'intersezione con,VIA LUIGI SETTEMBRINI,Investimento di pedone,Due carreggiate,Asciutto,Asfaltata,Verticale ed orizzontale,Nuvoloso,Scarso,Sufficiente,Sufficiente,1,0,0,1,NA,NA
15,01/24/2014 21.50.00,Strada Urbana,da specificare,NA,Tamponamento,Una carreggiata a doppio senso,Asciutto,Asfaltata,Orizzontale,Sereno,Scarso,Buona,Sufficiente,0,0,0,2,fc 18,NA
4,01/24/2014 21.50.00,Strada Urbana,da specificare,NA,Veicolo in marcia contro ostacolo accidentale,Due carreggiate,Asciutto,Asfaltata,Verticale ed orizzontale,Nuvoloso,Normale,Sufficiente,Sufficiente,0,0,0,1,prossimità via Monte Cassino,NA
8,01/24/2014 23.00.00,Strada Urbana,da specificare,NA,Veicolo in marcia contro ostacolo accidentale,Una carreggiata a doppio senso,Bagnato (umidità in atto),Asfaltata,Verticale ed orizzontale,Nuvoloso,Scarso,Insufficiente,Inesistente,0,0,0,1,a 500 mt da Via Polense,NA
10,01/24/2014 23.20.00,Strada Urbana,all'intersezione con,VIA VOGHERA,Scontro frontale/laterale SX fra veicoli in marcia,Due carreggiate,Asciutto,Asfaltata,Verticale ed orizzontale,Sereno,Normale,Sufficiente,Sufficiente,0,0,0,7,NA,NA
16,01/24/2014 23.20.00,Strada Urbana,in corrispondenza,del civico n.,Veicolo in marcia contro ostacolo accidentale,Più di due carreggiate,Bagnato (pioggia),Asfaltata,Verticale ed orizzontale,Nuvoloso,Scarso,Buona,Sufficiente,0,0,0,1,NA,126
1,01/24/2014 23.30.00,Strada Urbana,all'intersezione con,LARGO VISCONTI VENOSTA,Scontro frontale/laterale SX fra veicoli in marcia,Una carreggiata a doppio senso,Asciutto,Asfaltata,Verticale ed orizzontale,Sereno,Scarso,Sufficiente,Sufficiente,0,0,0,3,NA,NA
8,01/24/2014 23.30.00,Strada Urbana,da specificare,NA,Veicolo in marcia contro ostacolo accidentale,Una carreggiata a doppio senso,Bagnato (umidità in atto),Asfaltata,Orizzontale,Nuvoloso,Scarso,Insufficiente,Inesistente,0,0,0,2,500 mt dopo A24,NA
7,01/24/2014 23.40.00,Strada Urbana,da specificare,NA,Veicolo in marcia contro ostacolo accidentale,Una carreggiata a senso unico di marcia,Asciutto,Asfaltata,Verticale ed orizzontale,Sereno,Scarso,Sufficiente,Sufficiente,0,0,0,2,prossimità perlasca,NA
7,01/24/2014 23.40.00,Strada Urbana,da specificare,NA,Veicolo in marcia contro ostacolo accidentale,Una carreggiata a senso unico di marcia,Asciutto,Asfaltata,Verticale ed orizzontale,Sereno,Scarso,Sufficiente,Sufficiente,0,0,0,1,prossimita via Perlasca,NA
6,01/24/2014 23.50.00,Strada Urbana,all'intersezione con,VIALE PIETRO ANDERLONI,Scontro frontale/laterale DX fra veicoli in marcia,Una carreggiata a doppio senso,Asciutto,Asfaltata,Verticale ed orizzontale,Sereno,Scarso,Buona,Sufficiente,5,0,0,0,NA,NA
1,01/25/2014 00.30.00,Strada Urbana,all'intersezione con,VIA PRINCIPE EUGENIO,Tamponamento,Due carreggiate,Asciutto,Asfaltata,Verticale ed orizzontale,Nuvoloso,Scarso,Buona,Sufficiente,1,0,0,3,NA,NA