Gruppo,DataOraIncidente,Localizzazione1,Localizzazione2,Strada02,NaturaIncidente,TipoStrada,FondoStradale,Pavimentazione,Segnaletica,CondizioneAtmosferica,Traffico,Visibilita,Illuminazione,NUM_FERITI,NUM_RISERVATA,NUM_MORTI,NUM_ILLESI,DaSpecificare,Chilometrica
1,01/25/2014 00.30.00,Strada Urbana,all'intersezione con,VIA GIROLAMO INDUNO,Scontro frontale/laterale SX fra veicoli in marcia,Più di due carreggiate,Asciutto,Asfaltata,Verticale ed orizzontale,Sereno,Scarso,Sufficiente,Sufficiente,0,0,0,2,NA,NA
15,01/25/2014 01.00.00,Strada Urbana,da specificare,NA,Veicolo in marcia contro ostacolo accidentale,Una carreggiata a doppio senso,Asciutto,Asfaltata,Verticale ed orizzontale,Sereno,Scarso,Buona,Sufficiente,0,0,0,4,fronte parcheggio h6,NA
8,01/25/2014 01.00.00,Strada Urbana,in corrispondenza,del civico n. ,Veicolo in marcia contro ostacolo accidentale,Una carreggiata a doppio senso,Asciutto,Asfaltata,Assente,Nuvoloso,Scarso,Buona,Sufficiente,0,0,0,1,NA,62
20,01/25/2014 01.15.00,Strada Urbana,in prossimità,del civico n.,Veicolo in marcia contro ostacolo fisso,Una carreggiata a senso unico di marcia,Asciutto,Asfaltata,Verticale ed orizzontale,Nuvoloso,Scarso,Sufficiente,Sufficiente,0,0,0,1,NA,119
9,01/25/2014 01.15.00,Strada Urbana,all'intersezione semaforizzata con,VIA CALPURNIO FIAMMA,Veicoli in marcia contro veicoli fermi,Due carreggiate,Asciutto,Asfaltata,Verticale ed orizzontale,Sereno,Normale,Sufficiente,Sufficiente,0,0,0,3,NA,NA
10,01/25/2014 01.30.00,Strada Urbana,all'intersezione con,VIA TUSCOLANA,Veicolo in marcia contro veicoli in sosta,Una carreggiata a doppio senso,Asciutto,Asfaltata,Verticale ed orizzontale,Sereno,Normale,Sufficiente,Sufficiente,0,0,0,0,NA,NA
4,01/25/2014 01.45.00,Statale entro l'abitato,all'intersezione con,VIA DEI PRATI FISCALI,Veicolo in marcia contro ostacolo accidentale,Due carreggiate,Asciutto,Con buche,Verticale ed orizzontale,Nuvoloso,Scarso,Insufficiente,Insufficiente,0,0,0,2,NA,NA
3,01/25/2014 02.30.00,Strada Urbana,in prossimità,del civico n. ,Veicolo in marcia contro veicolo in sosta,Una carreggiata a senso unico di marcia,Asciutto,Asfaltata,Verticale ed orizzontale,Sereno,Scarso,Sufficiente,Sufficiente,0,0,0,0,NA,5
17,01/25/2014 02.55.00,Strada Urbana,da specificare,NA,Scontro laterale fra veicoli in marcia,Una carreggiata a senso unico di marcia,Asciutto,Asfaltata,Verticale ed orizzontale,Nuvoloso,Scarso,Buona,Insufficiente,0,0,0,3,14 metri dopo l'intersezione con Via ALBERICO II,NA
4,01/25/2014 03.00.00,Strada Urbana,all'intersezione con,VIA VAL DI CHIENTI,Scontro frontale/laterale DX fra veicoli in marcia,Due carreggiate,Asciutto,Asfaltata,Verticale ed orizzontale,Nuvoloso,Scarso,Buona,Sufficiente,0,0,0,3,NA,NA
1,01/25/2014 03.30.00,Strada Urbana,in corrispondenza,del civico n.,Veicolo in marcia contro veicolo fermo,Una carreggiata a doppio senso,Asciutto,Acciotolata,NA,Nuvoloso,Scarso,Buona,Sufficiente,0,0,0,0,NA,6
8,01/25/2014 03.30.00,Strada Urbana,da specificare,NA,Veicolo in marcia contro ostacolo accidentale,Una carreggiata a doppio senso,Bagnato (umidità in atto),Asfaltata,Orizzontale,Nuvoloso,Scarso,Insufficiente,Inesistente,0,0,0,1,pros. Via Collatina,NA
2,01/25/2014 03.40.00,Strada Urbana,in corrispondenza,del palo luce n.,Veicolo in marcia contro veicolo in sosta,Due carreggiate,Asciutto,Asfaltata,Verticale,Sereno,Scarso,Sufficiente,Sufficiente,1,0,0,0,NA,52
3,01/25/2014 04.30.00,Strada Urbana,in prossimità,del civico n. ,Veicolo in marcia contro veicolo in sosta,Più di due carreggiate,Asciutto,Asfaltata,Verticale ed orizzontale,Nuvoloso,Scarso,Sufficiente,Sufficiente,0,0,0,1,NA,80
20,01/25/2014 06.00.00,Regionale,in prossimità,del civico n.,Veicolo in marcia contro ostacolo fisso,Una carreggiata a senso unico di marcia,Asciutto,Asfaltata,Verticale ed orizzontale,Sereno,Scarso,Buona,Sufficiente,1,0,0,0,NA,1521
17,01/25/2014 07.05.00,Strada Urbana,all'intersezione semaforizzata con,VIA LUIGI RIZZO,Scontro frontale/laterale SX fra veicoli in marcia,Una carreggiata a doppio senso,Asciutto,Asfaltata,Verticale ed orizzontale,Sereno,Normale,Buona,Ore Diurne,1,0,0,2,NA,NA
7,01/25/2014 08.30.00,Provinciale entro l'abitato,all'intersezione con,VIA DI TOR SAPIENZA,Scontro frontale/laterale DX fra veicoli in marcia,Una carreggiata a doppio senso,Asciutto,Asfaltata,Verticale ed orizzontale,Sereno,Normale,Buona,Ore Diurne,0,0,0,3,NA,NA
16,01/25/2014 09.20.00,Strada Urbana,in prossimità,del civico n.,Scontro frontale/laterale SX fra veicoli in marcia,Due carreggiate,Asciutto,Asfaltata,Verticale ed orizzontale,Sereno,Normale,Buona,Ore Diurne,0,0,0,2,NA,11
18,01/25/2014 09.50.00,Strada Urbana,in prossimità,del fronte civico n. ,Scontro frontale/laterale DX fra veicoli in marcia,Una carreggiata a senso unico di marcia,Asciutto,Asfaltata,Verticale ed orizzontale,Sereno,Normale,Buona,Ore Diurne,0,0,0,2,NA,125
8,01/25/2014 10.00.00,Strada Urbana,da specificare,NA,Veicolo in marcia contro ostacolo accidentale,Una carreggiata a doppio senso,Asciutto,Asfaltata,Assente,Sereno,Scarso,Buona,Ore Diurne,0,0,0,0,parcheggio scuola Amaldi,NA
8,01/25/2014 10.15.00,Strada Urbana,da specificare,NA,Veicolo in marcia contro ostacolo accidentale,Una carreggiata a doppio senso,Asciutto,Con buche,Orizzontale,Sereno,Normale,Buona,Ore Diurne,0,0,0,1,(dir. GRA) 250m da Via di SALONE,NA
20,01/25/2014 10.15.00,Strada Urbana,in prossimità,del civico n.,Scontro laterale fra veicoli in marcia,Due carreggiate,Asciutto,Asfaltata,Verticale ed orizzontale,Sereno,Scarso,Buona,Ore Diurne,1,0,0,2,NA,68
10,01/25/2014 11.15.00,Strada Urbana,da specificare,NA,Veicolo in marcia contro ostacolo accidentale,Una carreggiata a senso unico di marcia,Bagnato (pioggia),Con buche,Verticale,Sereno,Normale,Buona,Ore Diurne,0,0,0,1,prossimità VIA BERNARDINO ALIMENA,NA
20,01/25/2014 11.20.00,Strada Urbana,in prossimità,del civico n.,Veicolo in marcia contro veicolo in sosta,Due carreggiate,Asciutto,Asfaltata,Verticale ed orizzontale,Sereno,Normale,Buona,Ore Diurne,0,0,0,0,NA,19/A
15,01/25/2014 11.20.00,Strada Urbana,in prossimità,del civico n.,Scontro frontale/laterale SX fra veicoli in marcia,Una carreggiata a doppio senso,Asciutto,Asfaltata,Verticale,Sereno,Normale,Buona,Ore Diurne,1,0,0,1,NA,20/c
11,01/25/2014 11.30.00,Strada Urbana,all'intersezione semaforizzata con,VIA CESARE FEDERICI,Scontro frontale fra veicoli in marcia,Più di due carreggiate,Asciutto,Asfaltata,Verticale ed orizzontale,Sereno,Normale,Buona,Ore Diurne,0,0,0,3,NA,NA
8,01/25/2014 11.45.00,Strada Urbana,in prossimità,del civico n. ,Scontro frontale/laterale SX fra veicoli in marcia,Una carreggiata a doppio senso,Asciutto,Asfaltata,Orizzontale,Sereno,Intenso,Buona,Ore Diurne,0,0,0,3,NA,89
3,01/25/2014 12.00.00,Strada Urbana,all'intersezione con,VIA GIOVANNI BATTISTA MORGAGNI,Veicolo in marcia contro veicolo fermo,Più di due carreggiate,Asciutto,Asfaltata,Verticale ed orizzontale,Sereno,Scarso,Buona,Ore Diurne,0,0,0,5,NA,NA
13,01/25/2014 12.00.00,Strada Urbana,da specificare,NA,Veicolo in marcia contro veicolo in sosta,Una carreggiata a doppio senso,Asciutto,Asfaltata,Orizzontale,Sereno,Normale,Buona,Ore Diurne,0,0,0,0,area parcheggio,NA
4,01/25/2014 12.15.00,Strada Urbana,da specificare,NA,Scontro laterale fra veicoli in marcia,Una carreggiata a doppio senso,Asciutto,Asfaltata,Orizzontale,Sereno,Normale,Buona,Ore Diurne,0,0,0,3,in prossimità via I. Bonomi,NA
8,01/25/2014 12.15.00,Strada Urbana,in prossimità,del civico n. ,Veicolo in marcia contro veicoli in sosta,Una carreggiata a doppio senso,Asciutto,Con buche,Assente,Sereno,Scarso,Buona,Ore Diurne,1,0,0,0,NA,13
11,01/25/2014 13.00.00,Strada Urbana,da specificare,NA,Scontro laterale fra veicoli in marcia,Una carreggiata a senso unico di marcia,Asciutto,Asfaltata,Verticale ed orizzontale,Sereno,Normale,Buona,Ore Diurne,0,0,0,2,prossimità federici,NA
17,01/25/2014 13.00.00,Strada Urbana,in corrispondenza,del civico n.,Investimento di pedone,Una carreggiata a doppio senso,Asciutto,Asfaltata,Orizzontale,Sereno,Normale,Buona,Ore Diurne,1,0,0,1,NA,53
13,01/25/2014 13.00.00,Strada Urbana,all'intersezione semaforizzata con,VIA PIETRO ROSA,Scontro laterale fra veicoli in marcia,Due carreggiate,Asciutto,Asfaltata,Verticale ed orizzontale,Nuvoloso,Normale,Buona,Ore Diurne,0,0,0,3,NA,NA
11,01/25/2014 13.00.00,Strada Urbana,da specificare,NA,Scontro frontale/laterale SX fra veicoli in marcia,Una carreggiata a doppio senso,Asciutto,Asfaltata,Verticale ed orizzontale,Sereno,Scarso,Buona,Ore Diurne,0,0,0,2,ALTEZZA VIA TAZIO NUVOLARI,NA
18,01/25/2014 13.10.00,Strada Urbana,all'intersezione con,VIA DI VAL CANNUTA,Scontro laterale fra veicoli in marcia,Una carreggiata a doppio senso,Asciutto,Asfaltata,Verticale ed orizzontale,Sereno,Normale,Buona,Ore Diurne,1,0,0,1,NA,NA
2,01/25/2014 13.14.00,Strada Urbana,all'intersezione con,VIA ANGELO SECCHI,Scontro frontale/laterale DX fra veicoli in marcia,Una carreggiata a doppio senso,Asciutto,Asfaltata,Verticale ed orizzontale,Sereno,Normale,Buona,Ore Diurne,0,0,0,3,NA,NA
2,01/25/2014 13.30.00,Strada Urbana,da specificare,NA,Infortunio per sola frenata improvvisa,Due carreggiate,Asciutto,Con buche,Verticale ed orizzontale,Sereno,Scarso,Buona,Ore Diurne,1,0,0,0,altezza cavalcavia tangenziale dir. GRA,NA
4,01/25/2014 13.30.00,Strada Urbana,all'intersezione semaforizzata con,VIA DI VALLE MELAINA,Scontro laterale fra veicoli in marcia,Due carreggiate,Asciutto,Asfaltata,Verticale ed orizzontale,Sereno,Normale,Buona,Ore Diurne,0,0,0,2,NA,NA
15,01/25/2014 13.30.00,Strada Urbana,in corrispondenza,del civico n. ,Veicolo in marcia contro veicolo fermo,Una carreggiata a doppio senso,Asciutto,Asfaltata,Orizzontale,Sereno,Normale,Buona,Ore Diurne,0,0,0,2,NA,798
1,01/25/2014 13.40.00,Strada Urbana,all'intersezione con,VIA SALLUSTIANA,Scontro frontale/laterale DX fra veicoli in marcia,Una carreggiata a senso unico di marcia,Asciutto,Asfaltata,Verticale ed orizzontale,Sereno,Scarso,Buona,Ore Diurne,1,0,0,1,NA,NA
6,01/25/2014 15.00.00,Strada Urbana,all'intersezione con,VIA DINO PENAZZATO,Scontro frontale/laterale SX fra veicoli in marcia,Due carreggiate,Asciutto,Asfaltata,Verticale ed orizzontale,Sereno,Normale,Sufficiente,Ore Diurne,1,0,0,1,NA,NA
16,01/25/2014 15.00.00,Strada Urbana,da specificare,NA,Veicolo in marcia contro ostacolo accidentale,Una carreggiata a doppio senso,Asciutto,Asfaltata,Orizzontale,Sereno,Scarso,Buona,Ore Diurne,0,0,0,1,fronte civico 97,NA
7,01/25/2014 15.00.00,Strada Urbana,in corrispondenza,del civico n.,Scontro frontale/laterale DX fra veicoli in marcia,Una carreggiata a doppio senso,Asciutto,Asfaltata,Orizzontale,Sereno,Normale,Buona,Ore Diurne,0,0,0,2,NA,890
5,01/25/2014 15.05.00,Strada Urbana,all'intersezione con,VIA CARLO ARTURO JEMOLO,Scontro frontale/laterale DX fra veicoli in marcia,Due carreggiate,Asciutto,Asfaltata,Verticale ed orizzontale,Sereno,Scarso,Buona,Ore Diurne,2,0,0,2,NA,NA
17,01/25/2014 15.20.00,Strada Urbana,in corrispondenza,del civico n.,Veicolo in marcia contro ostacolo accidentale,Più di due carreggiate,Asciutto,Asfaltata,Verticale ed orizzontale,Sereno,Normale,Buona,Ore Diurne,2,0,0,0,NA,2
8,01/25/2014 15.30.00,Strada Urbana,all'intersezione con,VIA MONTAGANO,Scontro frontale/laterale DX fra veicoli in marcia,Una carreggiata a doppio senso,Asciutto,Asfaltata,Verticale ed orizzontale,Sereno,Normale,Buona,Ore Diurne,2,0,0,0,NA,NA
1,01/25/2014 15.40.00,Strada Urbana,all'intersezione con,VIA ARIOSTO,Scontro frontale/laterale SX fra veicoli in marcia,Una carreggiata a senso unico di marcia,Asciutto,Asfaltata,Verticale,Sereno,Scarso,Buona,Ore Diurne,1,0,0,1,NA,NA
13,01/25/2014 15.40.00,Strada Urbana,all'intersezione con,VIALE DI CASTEL PORZIANO,Investimento di pedone,Una carreggiata a doppio senso,Asciutto,Asfaltata,Verticale ed orizzontale,Sereno,Normale,Buona,Ore Diurne,1,0,0,1,NA,NA
10,01/25/2014 15.45.00,Regionale entro l'abitato,da specificare,NA,Scontro laterale fra veicoli in marcia,Due carreggiate,Asciutto,Asfaltata,Orizzontale,Sereno,Scarso,Buona,Ore Diurne,1,0,0,2,altezza  IKEA direzione Fuori Roma,NA
1,01/25/2014 15.45.00,Strada Urbana,all'intersezione con,VIA CESARE BATTISTI,Scontro laterale fra veicoli in marcia,Una carreggiata a senso unico di marcia,Asciutto,In cubetti di porfido,Verticale ed orizzontale,Sereno,Normale,Buona,Ore Diurne,0,0,0,3,NA,NA
19,01/25/2014 16.00.00,Strada Urbana,all'intersezione con,VIA PIETRO BOETTO,Scontro frontale/laterale SX fra veicoli in marcia,Una carreggiata a senso unico di marcia,Asciutto,Asfaltata,Verticale ed orizzontale,Sereno,Normale,Buona,Ore Diurne,0,0,0,2,NA,NA
5,01/25/2014 16.15.00,Strada Urbana,in prossimità,del civico n. ,Scontro frontale/laterale DX fra veicoli in marcia,Una carreggiata a doppio senso,Asciutto,Asfaltata,Verticale,Sereno,Scarso,Buona,Ore Diurne,1,0,0,2,NA,121
10,01/25/2014 16.15.00,Strada Urbana,in corrispondenza,del civico n.,Scontro frontale/laterale SX fra veicoli in marcia,Una carreggiata a senso unico di marcia,Asciutto,Asfaltata,Assente,Nuvoloso,Normale,Buona,Ore Diurne,1,0,0,1,NA,124
19,01/25/2014 16.20.00,Strada Urbana,in prossimità,del civico n. ,Scontro laterale fra veicoli in marcia,Una carreggiata a doppio senso,Asciutto,Asfaltata,Orizzontale,Sereno,Normale,Buona,Ore Diurne,1,0,0,7,NA,10300
1,01/25/2014 16.45.00,Strada Urbana,da specificare,NA,Tamponamento Multiplo,Due carreggiate,Asciutto,Asfaltata,Verticale ed orizzontale,Sereno,Normale,Buona,Ore Diurne,2,0,0,3,FRONTE RISTORANTE MONTAROZZO,NA
6,01/25/2014 17.00.00,Strada Urbana,in prossimità,del civico n. ,Scontro laterale fra veicoli in marcia,Due carreggiate,Asciutto,Asfaltata,Verticale ed orizzontale,Sereno,Normale,Buona,Ore Diurne,1,0,0,3,NA,279
2,01/25/2014 17.15.00,Strada Urbana,all'intersezione con,VIA FOGLIANO,Scontro frontale/laterale DX fra veicoli in marcia,Una carreggiata a senso unico di marcia,Asciutto,Asfaltata,Verticale ed orizzontale,Sereno,Normale,Sufficiente,Sufficiente,1,0,0,2,NA,NA
10,01/25/2014 17.20.00,Strada Urbana,da specificare,NA,Scontro laterale fra veicoli in marcia,Una carreggiata a senso unico di marcia,Asciutto,Asfaltata,Verticale ed orizzontale,Sereno,Normale,Sufficiente,Sufficiente,0,0,0,6,dir.ne Roma centro alt. parcheggio Anagnina,NA
5,01/25/2014 17.30.00,Strada Urbana,all'intersezione con,VIA ENRICO JOVANE,Scontro frontale/laterale DX fra veicoli in marcia,Una carreggiata a senso unico di marcia,Asciutto,Asfaltata,Verticale ed orizzontale,Sereno,Normale,Buona,Ore Diurne,2,0,0,2,NA,NA
18,01/25/2014 18.00.00,Strada Urbana,all'intersezione con,VIA FRANCESCO SATOLLI,Scontro frontale/laterale DX fra veicoli in marcia,Una carreggiata a doppio senso,Asciutto,Asfaltata,Verticale ed orizzontale,Sereno,Normale,Buona,Sufficiente,0,0,0,2,NA,NA
23,01/25/2014 18.40.00,Comunale extraurbana,in corrispondenza,della chilometrica,Veicolo in marcia contro ostacolo accidentale,Due carreggiate,Asciutto,Asfaltata,Verticale ed orizzontale,Sereno,Scarso,Insufficiente,Inesistente,0,0,0,1,NA,17.5
13,01/25/2014 19.10.00,Strada Urbana,in prossimità,del civico n. ,Scontro frontale/laterale SX fra veicoli in marcia,Una carreggiata a doppio senso,Asciutto,Asfaltata,Verticale ed orizzontale,Sereno,Normale,Buona,Sufficiente,1,0,0,1,NA,7
8,01/25/2014 19.10.00,Strada Urbana,in prossimità,del civico n.,Veicolo in marcia contro ostacolo accidentale,Una carreggiata a doppio senso,Asciutto,Asfaltata,Assente,Sereno,Normale,Insufficiente,Inesistente,0,0,0,4,NA,371
12,01/25/2014 19.20.00,Provinciale,in prossimità,della chilometrica ,Veicolo in marcia contro ostacolo accidentale,Una carreggiata a doppio senso,Asciutto,Asfaltata,Verticale ed orizzontale,Sereno,Scarso,Buona,Inesistente,0,0,0,2,NA,9
12,01/25/2014 19.45.00,Provinciale,da specificare,NA,Veicolo in marcia contro ostacolo accidentale,Una carreggiata a doppio senso,Asciutto,Asfaltata,Verticale ed orizzontale,Sereno,Scarso,Buona,Inesistente,0,0,0,3,prox. Via Fosso della Solfarata,NA
8,01/25/2014 19.50.00,Strada Urbana,in prossimità,del civico n. ,Veicolo in marcia contro ostacolo accidentale,Due carreggiate,Asciutto,Asfaltata,Verticale ed orizzontale,Sereno,Normale,Sufficiente,Sufficiente,0,0,0,1,NA,10
8,01/25/2014 20.00.00,Strada Urbana,da specificare,NA,Veicolo in marcia contro ostacolo accidentale,Una carreggiata a senso unico di marcia,Asciutto,Asfaltata,Verticale ed orizzontale,Sereno,Scarso,Buona,Sufficiente,0,0,0,1,altezza entrata OBI,NA
16,01/25/2014 20.00.00,Strada Urbana,in prossimità,del civico n.,Scontro laterale fra veicoli in marcia,Più di due carreggiate,Asciutto,Asfaltata,Verticale ed orizzontale,Sereno,Normale,Buona,Sufficiente,0,0,0,1,NA,374
12,01/25/2014 20.00.00,Provinciale,in prossimità,della chilometrica ,Veicolo in marcia contro ostacolo accidentale,Una carreggiata a doppio senso,Asciutto,Asfaltata,Verticale ed orizzontale,Sereno,Scarso,Buona,Inesistente,0,0,0,2,NA,"9,00"
18,01/25/2014 20.15.00,Strada Urbana,in prossimità,della chilometrica,Scontro laterale fra veicoli in marcia,Due carreggiate,Asciutto,Asfaltata,Verticale ed orizzontale,Sereno,Scarso,Sufficiente,Sufficiente,1,0,0,3,NA,12.5
9,01/25/2014 20.30.00,Strada Urbana,in prossimità,del civico n.,Veicolo in marcia contro veicolo arresto,Una carreggiata a senso unico di marcia,Asciutto,Asfaltata,Assente,Sereno,Scarso,Sufficiente,Sufficiente,0,0,0,2,NA,35
8,01/25/2014 20.30.00,Strada Urbana,da specificare,NA,Veicolo in marcia contro ostacolo accidentale,Una carreggiata a doppio senso,Asciutto,Asfaltata,Verticale ed orizzontale,Nuvoloso,Normale,Insufficiente,Inesistente,0,0,0,1,ponte fiume ANIENE,NA
18,01/25/2014 20.30.00,Strada Urbana,in prossimità,del civico n.,Scontro laterale fra veicoli in marcia,Due carreggiate,Asciutto,Asfaltata,Verticale ed orizzontale,Sereno,Scarso,Buona,Sufficiente,0,0,0,2,NA,284
13,01/25/2014 20.40.00,Strada Urbana,all'intersezione con,VIA ANTONIO TARAMELLI,Scontro frontale/laterale DX fra veicoli in marcia,Una carreggiata a senso unico di marcia,Asciutto,Asfaltata,Verticale,Sereno,Normale,Buona,Sufficiente,1,0,0,1,NA,NA
12,01/25/2014 20.45.00,Provinciale,in corrispondenza,della chilometrica ,Veicolo in marcia contro ostacolo fisso,Una carreggiata a doppio senso,Asciutto,Con buche,Verticale ed orizzontale,Sereno,Scarso,Insufficiente,Inesistente,0,0,0,1,NA,1696
1,01/25/2014 20.50.00,Strada Urbana,in prossimità,del civico n. ,Veicolo in marcia contro veicolo fermo,Una carreggiata a senso unico di marcia,Asciutto,In cubetti di porfido,Verticale ed orizzontale,Sereno,Normale,Sufficiente,Sufficiente,0,0,0,2,NA,20
8,01/25/2014 21.00.00,Strada Urbana,in prossimità,del civico n. ,Veicolo in marcia contro ostacolo accidentale,Due carreggiate,Asciutto,Asfaltata,Verticale ed orizzontale,Sereno,Scarso,Buona,Sufficiente,0,0,0,4,NA,100
8,01/25/2014 22.00.00,Strada Urbana,in prossimità,del civico n. ,Scontro frontale/laterale SX fra veicoli in marcia,Una carreggiata a doppio senso,Asciutto,Asfaltata,Verticale ed orizzontale,Sereno,Scarso,Buona,Sufficiente,0,0,0,2,NA,1786
20,01/25/2014 22.00.00,Statale entro l'abitato,in corrispondenza,del civico n.,Scontro laterale fra veicoli in marcia,Una carreggiata a senso unico di marcia,Asciutto,Asfaltata,Verticale ed orizzontale,Sereno,Scarso,Buona,Sufficiente,1,0,0,3,NA,1284
20,01/25/2014 22.45.00,Strada Urbana,all'intersezione con,VIA CIVITA CASTELLANA,Scontro laterale fra veicoli in marcia,Una carreggiata a doppio senso,Asciutto,Asfaltata,Verticale ed orizzontale,Sereno,Intenso,Buona,Ore Diurne,0,0,0,8,NA,NA
5,01/25/2014 23.00.00,Strada Urbana,in prossimità,del palo luce n.,Scontro laterale fra veicoli in marcia,Due carreggiate,Asciutto,Asfaltata,Verticale ed orizzontale,Sereno,Scarso,Buona,Ore Diurne,0,0,0,3,NA,59
23,01/25/2014 23.15.00,Strada Urbana,in corrispondenza,del civico n.,Veicolo in marcia contro veicolo in sosta,Una carreggiata a doppio senso,Asciutto,Asfaltata,Verticale ed orizzontale,Sereno,Intenso,Buona,Sufficiente,0,0,0,1,NA,7b
7,01/25/2014 23.20.00,Strada Urbana,all'intersezione con,VIA MOLFETTA,Veicolo in marcia contro veicoli in sosta,Una carreggiata a doppio senso,Asciutto,Asfaltata,Verticale ed orizzontale,Sereno,Scarso,Buona,Sufficiente,0,0,0,0,NA,NA
9,01/25/2014 23.30.00,Strada Urbana,all'intersezione con,VIA FALERIA,Scontro laterale fra veicoli in marcia,Una carreggiata a doppio senso,Asciutto,Asfaltata,Verticale ed orizzontale,Sereno,Scarso,Sufficiente,Sufficiente,0,0,0,3,NA,NA
5,01/26/2014 00.00.00,Strada Urbana,all'intersezione con,VIA RENATO SIMONI,Scontro frontale/laterale SX fra veicoli in marcia,Una carreggiata a doppio senso,Asciutto,Asfaltata,Verticale ed orizzontale,Sereno,Scarso,Sufficiente,Sufficiente,2,0,0,1,NA,NA
2,01/26/2014 00.05.00,Strada Urbana,da specificare,NA,Veicolo in marcia contro ostacolo fisso,Una carreggiata a doppio senso,Asciutto,Asfaltata,Verticale ed orizzontale,Sereno,Scarso,Sufficiente,Sufficiente,1,0,0,0,pross. VIA PARETO,NA
12,01/26/2014 00.10.00,Strada Urbana,all'intersezione con,VIA DI TOR PAGNOTTA,Veicolo in marcia contro ostacolo accidentale,Una carreggiata a senso unico di marcia,Asciutto,Asfaltata,Verticale ed orizzontale,Sereno,Normale,Buona,Sufficiente,2,0,0,0,NA,NA
13,01/26/2014 00.10.00,Strada Urbana,all'intersezione con,CORSO DUCA DI GENOVA,Scontro frontale/laterale DX fra veicoli in marcia,Una carreggiata a senso unico di marcia,Asciutto,Asfaltata,Verticale,Sereno,Scarso,Buona,Sufficiente,0,0,0,3,NA,NA
16,01/26/2014 00.30.00,Strada Urbana,da specificare,NA,Scontro laterale fra veicoli in marcia,Due carreggiate,Asciutto,Asfaltata,Orizzontale,Sereno,Scarso,Buona,Sufficiente,0,0,0,3,in prossimità fronte civico 91,NA
1,01/26/2014 00.45.00,Strada Urbana,all'intersezione semaforizzata con,VIA NAPOLEONE III,Scontro laterale fra veicoli in marcia,Più di due carreggiate,Asciutto,Asfaltata,Verticale ed orizzontale,Sereno,Scarso,Sufficiente,Sufficiente,0,0,0,5,NA,NA
1,01/26/2014 01.30.00,Strada Urbana,all'intersezione con,SALITA DELLA LUNGARA,Scontro frontale/laterale DX fra veicoli in marcia,Una carreggiata a senso unico di marcia,Asciutto,Asfaltata,Verticale ed orizzontale,Sereno,Scarso,Sufficiente,Sufficiente,0,0,0,3,NA,NA
23,01/26/2014 01.40.00,Strada Urbana,in prossimità,del civico n. ,Veicolo in marcia contro veicolo in sosta,Una carreggiata a senso unico di marcia,Asciutto,Asfaltata,Verticale ed orizzontale,Sereno,Scarso,Buona,Sufficiente,2,0,0,0,NA,261
12,01/26/2014 02.30.00,Strada Urbana,all'intersezione con,PIAZZA GUGLIELMO MARCONI,Veicolo in marcia contro veicoli in sosta,Due carreggiate,Asciutto,Asfaltata,Orizzontale,Sereno,Scarso,Sufficiente,Sufficiente,1,0,0,0,NA,NA
10,01/26/2014 02.55.00,Strada Urbana,all'intersezione con,VIA VALERIO PUBLICOLA,Scontro frontale/laterale DX fra veicoli in marcia,Due carreggiate,Asciutto,Asfaltata,Verticale ed orizzontale,Sereno,Scarso,Buona,Sufficiente,1,0,0,4,NA,NA
7,01/26/2014 03.30.00,Strada Urbana,all'intersezione con,VIA TOR DE' SCHIAVI,Scontro frontale/laterale DX fra veicoli in marcia,Una carreggiata a doppio senso,Asciutto,Asfaltata,Verticale ed orizzontale,Sereno,Scarso,Buona,Sufficiente,1,0,0,1,NA,NA
15,01/26/2014 04.30.00,Strada Urbana,all'intersezione semaforizzata con,VIA DEI GROTTONI,Veicolo in marcia contro ostacolo fisso,Una carreggiata a doppio senso,Asciutto,Asfaltata,Verticale ed orizzontale,Sereno,Scarso,Buona,Sufficiente,1,0,0,0,NA,NA
4,01/26/2014 05.15.00,Provinciale entro l'abitato,in prossimità,del civico n.,Veicolo in marcia contro ostacolo fisso,Una carreggiata a doppio senso,Asciutto,Asfaltata,Verticale ed orizzontale,Nuvoloso,Scarso,Buona,Sufficiente,0,0,2,0,NA,1294
12,01/26/2014 05.45.00,Provinciale,in prossimità,della chilometrica,Fuoriuscita dalla sede stradale,Una carreggiata a doppio senso,Ghiacciato,Asfaltata,Verticale,Nuvoloso,Scarso,Sufficiente,Inesistente,0,0,0,1,NA,63
12,01/26/2014 05.45.00,Provinciale,in corrispondenza,della chilometrica,Fuoriuscita dalla sede stradale,Una carreggiata a doppio senso,Ghiacciato,Asfaltata,Verticale ed orizzontale,Sereno,Scarso,Insufficiente,Insufficiente,1,0,0,0,NA,6400
2,01/26/2014 07.30.00,Strada Urbana,in prossimità,del civico n.,Scontro frontale fra veicoli in marcia,Una carreggiata a senso unico di marcia,Asciutto,Asfaltata,Verticale ed orizzontale,Sereno,Scarso,Buona,Ore Diurne,0,0,0,1,NA,22
4,01/26/2014 10.10.00,Strada Urbana,da specificare,NA,Tamponamento,Una carreggiata a doppio senso,Asciutto,Asfaltata,Verticale ed orizzontale,Sereno,Normale,Buona,Ore Diurne,2,0,0,2,pross. via Val d'Ossola,NA