Gruppo,DataOraIncidente,Localizzazione1,Localizzazione2,Strada02,NaturaIncidente,TipoStrada,FondoStradale,Pavimentazione,Segnaletica,CondizioneAtmosferica,Traffico,Visibilita,Illuminazione,NUM_FERITI,NUM_RISERVATA,NUM_MORTI,NUM_ILLESI,DaSpecificare,Chilometrica
20,01/29/2014 16.30.00,Strada Urbana,in prossimità,del civico n.,Scontro frontale/laterale DX fra veicoli in marcia,Una carreggiata a doppio senso,Bagnato (pioggia),Asfaltata,Orizzontale,Pioggia in atto,Normale,Sufficiente,Ore Diurne,3,0,0,1,NA,181
20,01/29/2014 16.30.00,Provinciale,in prossimità,della chilometrica,Scontro frontale/laterale SX fra veicoli in marcia,Una carreggiata a doppio senso,Bagnato (pioggia),Asfaltata,Orizzontale,Pioggia in atto,Normale,Buona,Ore Diurne,1,0,0,2,NA,5600
11,01/29/2014 16.45.00,Strada Urbana,da specificare,NA,Tamponamento Multiplo,Una carreggiata a doppio senso,Bagnato (pioggia),Asfaltata,Orizzontale,Pioggia in atto,Normale,Buona,Insufficiente,0,0,0,5,alt. civ.21,NA
12,01/29/2014 17.10.00,Strada Urbana,da specificare,NA,Tamponamento,Una carreggiata a senso unico di marcia,Bagnato (pioggia),Asfaltata,Verticale ed orizzontale,Pioggia in atto,Scarso,Buona,Sufficiente,1,0,0,1,altezza campo sportivo Hockey,NA
17,01/29/2014 17.20.00,Strada Urbana,all'intersezione semaforizzata con,VIA RUGGERO DI LAURIA,Scontro laterale fra veicoli in marcia,Una carreggiata a doppio senso,Bagnato (pioggia),Asfaltata,Verticale ed orizzontale,Pioggia in atto,Normale,Buona,Sufficiente,1,0,0,2,NA,NA
15,01/29/2014 17.20.00,Strada Urbana,in corrispondenza,del civico n. ,Investimento di pedone,Una carreggiata a doppio senso,Bagnato (pioggia),Asfaltata,Orizzontale,Pioggia in atto,Normale,Sufficiente,Sufficiente,1,0,0,1,NA,281h
2,01/29/2014 17.30.00,Strada Urbana,da specificare,NA,Tamponamento,Due carreggiate,Bagnato (pioggia),Asfaltata,Verticale ed orizzontale,Pioggia in atto,Intenso,Buona,Sufficiente,0,0,0,2,uscita via Salaria G.R.A.,NA
16,01/29/2014 17.40.00,Strada Urbana,in prossimità,del civico n.,Investimento di pedone,Una carreggiata a doppio senso,Bagnato (pioggia),Asfaltata,Verticale ed orizzontale,Pioggia in atto,Normale,Buona,Sufficiente,2,0,0,0,NA,267
18,01/29/2014 17.40.00,Statale,in prossimità,della chilometrica,Tamponamento Multiplo,Più di due carreggiate,Bagnato (pioggia),Asfaltata,Orizzontale,Pioggia in atto,Intenso,Sufficiente,Sufficiente,2,0,0,4,NA,9400
13,01/29/2014 17.45.00,Strada Urbana,all'intersezione con,VIA DELLE ALEUTINE,Scontro frontale/laterale DX fra veicoli in marcia,Una carreggiata a senso unico di marcia,Bagnato (pioggia),Asfaltata,Orizzontale,Pioggia in atto,Normale,Sufficiente,Sufficiente,0,0,0,3,NA,NA
8,01/29/2014 17.45.00,Strada Urbana,all'intersezione con,VIA CAVUCCIO,Scontro frontale/laterale SX fra veicoli in marcia,Una carreggiata a doppio senso,Bagnato (pioggia),Asfaltata,Assente,Pioggia in atto,Scarso,Sufficiente,Sufficiente,0,0,0,3,NA,NA
8,01/29/2014 18.00.00,Provinciale entro l'abitato,da specificare,NA,Veicolo in marcia contro ostacolo accidentale,Una carreggiata a doppio senso,Bagnato (pioggia),Asfaltata,Verticale ed orizzontale,Pioggia in atto,Normale,Sufficiente,Sufficiente,0,0,0,2,alt. PALO ACEA 538,NA
19,01/29/2014 18.10.00,Strada Urbana,all'intersezione con,VIA DEL COLLE DI S. AGATA,Scontro laterale fra veicoli in marcia,Una carreggiata a doppio senso,Bagnato (pioggia),Asfaltata,Verticale ed orizzontale,Pioggia in atto,Intenso,Buona,Sufficiente,0,0,0,2,NA,NA
13,01/29/2014 18.10.00,Strada Urbana,in corrispondenza,del civico n.,Investimento di pedone,Una carreggiata a doppio senso,Bagnato (pioggia),Asfaltata,Orizzontale,Pioggia in atto,Normale,Sufficiente,Sufficiente,1,0,0,2,NA,308
10,01/29/2014 18.15.00,Strada Urbana,all'intersezione con,VIA CESTIO GALLO,Tamponamento Multiplo,Una carreggiata a doppio senso,Bagnato (pioggia),Asfaltata,Orizzontale,Pioggia in atto,Scarso,Buona,Insufficiente,1,0,0,2,NA,NA
18,01/29/2014 18.25.00,Strada Urbana,all'intersezione con,VIA ANGELO DI PIETRO,Scontro frontale/laterale DX fra veicoli in marcia,Più di due carreggiate,Bagnato (pioggia),Asfaltata,Verticale ed orizzontale,Pioggia in atto,Normale,Buona,Ore Diurne,1,0,0,1,NA,NA
20,01/29/2014 18.30.00,Strada Urbana,in prossimità,del palo luce n.,Scontro frontale fra veicoli in marcia,Una carreggiata a doppio senso,Bagnato (pioggia),Asfaltata,Orizzontale,Pioggia in atto,Intenso,Sufficiente,Sufficiente,0,0,0,2,NA,11
8,01/29/2014 18.30.00,Strada Urbana,da specificare,NA,Veicolo in marcia contro ostacolo accidentale,Due carreggiate,Bagnato (pioggia),Asfaltata,Assente,Pioggia in atto,Normale,Sufficiente,Sufficiente,0,0,0,2,alt. VIA TACCONI,NA
7,01/29/2014 18.50.00,Strada Urbana,in prossimità,del civico n.,Scontro laterale fra veicoli in marcia,Due carreggiate,Bagnato (pioggia),Asfaltata,Verticale ed orizzontale,Pioggia in atto,Normale,Buona,Sufficiente,0,0,0,4,NA,834
6,01/29/2014 19.00.00,Strada Urbana,in prossimità,del civico n. ,Scontro frontale/laterale SX fra veicoli in marcia,Una carreggiata a senso unico di marcia,Bagnato (pioggia),Asfaltata,Assente,Pioggia in atto,Normale,Buona,Sufficiente,0,0,0,2,NA,55
1,01/29/2014 19.05.00,Strada Urbana,in prossimità,del palo luce n.,Investimento di pedone,Una carreggiata a senso unico di marcia,Bagnato (pioggia),In cubetti di porfido,Verticale,Pioggia in atto,Normale,Sufficiente,Sufficiente,2,0,0,0,NA,13
2,01/29/2014 19.10.00,Strada Urbana,in prossimità,del civico n.,Investimento di pedone,Una carreggiata a doppio senso,Bagnato (pioggia),Asfaltata,Verticale ed orizzontale,Pioggia in atto,Normale,Buona,Sufficiente,2,0,0,0,NA,82
1,01/29/2014 19.35.00,Strada Urbana,in prossimità,del civico n.,Investimento di pedone,Una carreggiata a doppio senso,Bagnato (pioggia),Asfaltata,Verticale ed orizzontale,Pioggia in atto,Normale,Sufficiente,Sufficiente,1,0,0,1,NA,131
5,01/29/2014 19.35.00,Strada Urbana,all'intersezione con,VIA FOSSOMBRONE,Scontro frontale/laterale DX fra veicoli in marcia,Una carreggiata a doppio senso,Bagnato (pioggia),Asfaltata,Verticale ed orizzontale,Pioggia in atto,Normale,Sufficiente,Sufficiente,0,0,0,2,NA,NA
5,01/29/2014 19.50.00,Strada Urbana,da specificare,NA,Tamponamento Multiplo,Una carreggiata a senso unico di marcia,Bagnato (umidità in atto),Asfaltata,Orizzontale,Pioggia in atto,Normale,Buona,Sufficiente,1,0,0,2,tratto Monti Tiburtini/Batteria Nomentana,NA
11,01/29/2014 19.55.00,Strada Urbana,in prossimità,del palo luce n. ,Scontro frontale/laterale DX fra veicoli in marcia,Più di due carreggiate,Bagnato (pioggia),Asfaltata,Verticale ed orizzontale,Pioggia in atto,Normale,Buona,Sufficiente,2,0,0,1,NA,162
20,01/29/2014 20.15.00,Strada Urbana,in corrispondenza,del civico n.,Investimento di pedone,Una carreggiata a doppio senso,Bagnato (pioggia),Asfaltata,Verticale ed orizzontale,Pioggia in atto,Normale,Sufficiente,Sufficiente,0,0,1,1,NA,405
1,01/29/2014 20.30.00,Strada Urbana,all'intersezione con,LARGO BRANCACCIO,Scontro frontale fra veicoli in marcia,Una carreggiata a doppio senso,Bagnato (pioggia),Asfaltata,Verticale ed orizzontale,Nuvoloso,Normale,Sufficiente,Sufficiente,0,0,0,2,NA,NA
4,01/29/2014 20.40.00,Strada Urbana,all'intersezione con,VIA SARANDI,Veicolo in marcia contro veicoli in sosta,Due carreggiate,Bagnato (pioggia),Asfaltata,Verticale,Pioggia in atto,Normale,Sufficiente,Sufficiente,1,0,0,0,NA,NA
8,01/29/2014 20.40.00,Strada Urbana,in prossimità,del palo luce n.,Fuoriuscita dalla sede stradale,Una carreggiata a doppio senso,Bagnato (pioggia),Asfaltata,Orizzontale,Pioggia in atto,Scarso,Insufficiente,Insufficiente,1,0,0,0,NA,328
6,01/29/2014 20.50.00,Strada Urbana,all'intersezione semaforizzata con,CIRCONVALLAZIONE CASILINA,Scontro laterale fra veicoli in marcia,Due carreggiate,Bagnato (pioggia),Asfaltata,Verticale ed orizzontale,Pioggia in atto,Normale,Sufficiente,Insufficiente,2,0,0,1,NA,NA
5,01/29/2014 21.00.00,Strada Urbana,in corrispondenza,del civico n.,Tamponamento,Una carreggiata a doppio senso,Bagnato (pioggia),Asfaltata,Verticale ed orizzontale,Pioggia in atto,Scarso,Buona,Sufficiente,0,0,0,1,NA,88
7,01/29/2014 21.10.00,Strada Urbana,all'intersezione con,VIALE PALMIRO TOGLIATTI,Scontro frontale/laterale SX fra veicoli in marcia,Due carreggiate,Bagnato (pioggia),Asfaltata,Verticale ed orizzontale,Pioggia in atto,Scarso,Buona,Sufficiente,2,0,0,0,NA,NA
12,01/29/2014 21.15.00,Strada Urbana,da specificare,NA,Veicolo in marcia contro ostacolo fisso,Due carreggiate,Bagnato (pioggia),Asfaltata,Verticale ed orizzontale,Nuvoloso,Normale,Buona,Sufficiente,0,0,0,2,altezza palo Acea n. 21,NA
4,01/29/2014 22.00.00,Strada Urbana,da specificare,NA,Veicolo in marcia contro ostacolo fisso,Una carreggiata a doppio senso,Bagnato (pioggia),Asfaltata,Verticale ed orizzontale,Pioggia in atto,Scarso,Buona,Sufficiente,0,0,0,1,altezza Via C. Badiali,NA
2,01/29/2014 22.00.00,Strada Urbana,in prossimità,del civico n.,Veicolo in marcia contro veicolo in sosta,Una carreggiata a doppio senso,Bagnato (pioggia),Asfaltata,Verticale ed orizzontale,Pioggia in atto,Scarso,Sufficiente,Sufficiente,1,0,0,0,NA,50
8,01/29/2014 22.15.00,Strada Urbana,da specificare,NA,Veicolo in marcia contro ostacolo accidentale,Una carreggiata a senso unico di marcia,Bagnato (pioggia),Asfaltata,Verticale ed orizzontale,Pioggia in atto,Scarso,Sufficiente,Sufficiente,0,0,0,2,alt. Via Pietro Romano,NA
13,01/29/2014 22.30.00,Strada Urbana,da specificare,NA,Veicolo in marcia contro ostacolo accidentale,Una carreggiata a senso unico di marcia,Bagnato (pioggia),Asfaltata,Verticale ed orizzontale,Pioggia in atto,Normale,Buona,Sufficiente,0,0,0,1,circa 50m prima dell'intersezione Via Acque Rosse,NA
11,01/29/2014 23.10.00,Strada Urbana,all'intersezione semaforizzata con,VIA ALESSANDRO SEVERO,Scontro frontale fra veicoli in marcia,Più di due carreggiate,Bagnato (pioggia),Asfaltata,Verticale ed orizzontale,Pioggia in atto,Normale,Buona,Sufficiente,0,0,0,2,NA,NA
7,01/30/2014 00.00.00,Strada Urbana,da specificare,NA,Veicolo in marcia contro ostacolo accidentale,Due carreggiate,Bagnato (umidità in atto),Asfaltata,Orizzontale,Pioggia in atto,Scarso,Sufficiente,Sufficiente,0,0,0,1,altezza largo della Primavera,NA
8,01/30/2014 00.10.00,Strada Urbana,da specificare,NA,Veicolo in marcia contro ostacolo accidentale,Una carreggiata a doppio senso,Bagnato (pioggia),Asfaltata,Verticale ed orizzontale,Pioggia in atto,Scarso,Sufficiente,Sufficiente,0,0,0,1,alt. Via BITONTO,NA
7,01/30/2014 00.10.00,Strada Urbana,in prossimità,del civico n.,Veicolo in marcia contro ostacolo accidentale,Due carreggiate,Bagnato (umidità in atto),Asfaltata,Verticale ed orizzontale,Nuvoloso,Scarso,Sufficiente,Sufficiente,0,0,0,2,NA,26
7,01/30/2014 00.15.00,Strada Urbana,in prossimità,del civico n.,Veicolo in marcia contro ostacolo accidentale,Due carreggiate,Bagnato (umidità in atto),Asfaltata,Verticale ed orizzontale,Nuvoloso,Scarso,Buona,Sufficiente,0,0,0,1,NA,26
3,01/30/2014 01.45.00,Strada Urbana,in prossimità,del civico n.,Veicolo in marcia contro veicolo in sosta,Una carreggiata a senso unico di marcia,Bagnato (pioggia),Asfaltata,Orizzontale,Nuvoloso,Normale,Sufficiente,Sufficiente,1,0,0,1,NA,4
2,01/30/2014 02.30.00,Strada Urbana,in corrispondenza,del civico n.,Veicolo in marcia contro veicoli in sosta,Una carreggiata a doppio senso,Bagnato (pioggia),Asfaltata,Verticale ed orizzontale,Pioggia in atto,Scarso,Sufficiente,Sufficiente,0,0,0,1,NA,105
20,01/30/2014 06.05.00,Statale entro l'abitato,in corrispondenza,del civico n.,Investimento di pedone,Una carreggiata a doppio senso,Bagnato (pioggia),Asfaltata,Assente,Nuvoloso,Scarso,Insufficiente,Insufficiente,1,0,0,2,NA,1791
8,01/30/2014 06.30.00,Strada Urbana,da specificare,NA,Veicolo in marcia contro ostacolo accidentale,Una carreggiata a doppio senso,Bagnato (pioggia),Asfaltata,Assente,Pioggia in atto,Normale,Insufficiente,Inesistente,0,0,0,1,prossimità Via Collatina,NA
8,01/30/2014 06.45.00,Strada Urbana,da specificare,NA,Veicolo in marcia contro ostacolo accidentale,Una carreggiata a doppio senso,Bagnato (pioggia),Asfaltata,Assente,Pioggia in atto,Normale,Sufficiente,Inesistente,0,0,0,1,ALT. VIA PRETORO,NA
15,01/30/2014 06.45.00,Strada Urbana,in prossimità,del civico n. ,Scontro frontale/laterale SX fra veicoli in marcia,Una carreggiata a doppio senso,Bagnato (pioggia),Asfaltata,Orizzontale,Pioggia in atto,Normale,Buona,Insufficiente,0,0,0,2,NA,80
20,01/30/2014 06.55.00,Provinciale,in prossimità,della chilometrica,Scontro frontale/laterale SX fra veicoli in marcia,Una carreggiata a doppio senso,Bagnato (pioggia),Asfaltata,Verticale ed orizzontale,Pioggia in atto,Normale,Buona,Ore Diurne,0,0,0,3,NA,7300
1,01/30/2014 07.10.00,Strada Urbana,da specificare,NA,Scontro laterale fra veicoli in marcia,Una carreggiata a senso unico di marcia,Bagnato (pioggia),Asfaltata,Verticale ed orizzontale,Pioggia in atto,Intenso,Buona,Ore Diurne,0,0,0,3,LARGO A. PETRUCCI,NA
19,01/30/2014 07.30.00,Strada Urbana,all'intersezione semaforizzata con,VIA BENEDETTO ALOISI MASELLA,Scontro frontale/laterale DX fra veicoli in marcia,Una carreggiata a doppio senso,Bagnato (pioggia),Asfaltata,Verticale ed orizzontale,Nuvoloso,Normale,Sufficiente,Ore Diurne,1,0,0,1,NA,NA
20,01/30/2014 07.50.00,Strada Urbana,da specificare,NA,Tamponamento,Una carreggiata a doppio senso,Bagnato (pioggia),Asfaltata,Verticale ed orizzontale,Pioggia in atto,Normale,Buona,Ore Diurne,0,0,0,2,in pross. intersez. semaforica con Corso Francia,NA
15,01/30/2014 08.00.00,Strada Urbana,in corrispondenza,del civico n.,Investimento di pedone,Due carreggiate,Bagnato (pioggia),Asfaltata,Orizzontale,Pioggia in atto,Normale,Buona,Ore Diurne,1,0,0,1,NA,47
20,01/30/2014 08.07.00,Strada Urbana,da specificare,NA,Veicolo in marcia contro veicoli in sosta,Due carreggiate,Bagnato (pioggia),Asfaltata,Verticale ed orizzontale,Pioggia in atto,Intenso,Buona,Ore Diurne,0,0,0,2,corsia laterale altezza via Pecchio 2,NA
8,01/30/2014 08.10.00,Strada Urbana,in prossimità,del civico n.,Investimento di pedone,Due carreggiate,Bagnato (pioggia),Asfaltata,Verticale ed orizzontale,Pioggia in atto,Normale,Sufficiente,Ore Diurne,1,0,0,1,NA,10
10,01/30/2014 08.15.00,Strada Urbana,da specificare,NA,Scontro laterale fra veicoli in marcia,Una carreggiata a senso unico di marcia,Bagnato (pioggia),Asfaltata,Verticale ed orizzontale,Pioggia in atto,Normale,Buona,Ore Diurne,0,0,0,2,altezza svincolo tuscolana-anagnina,NA
16,01/30/2014 08.15.00,Strada Urbana,in prossimità,del civico n.,Scontro frontale/laterale DX fra veicoli in marcia,Una carreggiata a doppio senso,Bagnato (pioggia),Asfaltata,Verticale ed orizzontale,Pioggia in atto,Normale,Buona,Ore Diurne,2,0,0,1,NA,424
11,01/30/2014 08.20.00,Strada Urbana,in corrispondenza,del civico n.,Scontro laterale fra veicoli in marcia,Due carreggiate,Bagnato (umidità in atto),Asfaltata,Verticale ed orizzontale,Nuvoloso,Intenso,Sufficiente,Ore Diurne,1,0,0,1,NA,120
2,01/30/2014 08.25.00,Strada Urbana,all'intersezione semaforizzata con,VIA DI VILLA SACCHETTI,Scontro frontale/laterale DX fra veicoli in marcia,Una carreggiata a doppio senso,Bagnato (pioggia),Asfaltata,Verticale ed orizzontale,Pioggia in atto,Normale,Buona,Ore Diurne,1,0,0,1,NA,NA
5,01/30/2014 08.25.00,Strada Urbana,da specificare,NA,Veicolo in marcia contro ostacolo fisso,Due carreggiate,Bagnato (pioggia),Asfaltata,Verticale ed orizzontale,Pioggia in atto,Normale,Buona,Ore Diurne,0,0,0,1,direzione Salaria Prossimità via di Portonaccio,NA
13,01/30/2014 08.30.00,Provinciale,da specificare,NA,Veicolo in marcia contro ostacolo fisso,Una carreggiata a senso unico di marcia,Bagnato (pioggia),Asfaltata,Verticale ed orizzontale,Pioggia in atto,Normale,Buona,Ore Diurne,1,0,0,0,corrispondenza 2° curca direz. Fiumicino,NA
5,01/30/2014 08.30.00,Strada Urbana,all'intersezione semaforizzata con,VIA DEI DURANTINI,Investimento di pedone,Due carreggiate,Bagnato (pioggia),Asfaltata,Verticale ed orizzontale,Pioggia in atto,Normale,Buona,Ore Diurne,1,0,0,1,NA,NA
1,01/30/2014 08.40.00,Strada Urbana,da specificare,NA,Ribaltamento senza urto contro ostacolo fisso,Una carreggiata a doppio senso,Bagnato (pioggia),In cubetti di porfido,Verticale ed orizzontale,Pioggia in atto,Normale,Buona,Ore Diurne,1,0,0,0,ALTEZZA VIA NAZIONALE,NA
8,01/30/2014 08.45.00,Provinciale entro l'abitato,in prossimità,della chilometrica ,Fuoriuscita dalla sede stradale,Una carreggiata a doppio senso,Bagnato (pioggia),Asfaltata,Verticale ed orizzontale,Nuvoloso,Scarso,Buona,Ore Diurne,0,0,0,1,NA,"0,500"
5,01/30/2014 08.50.00,Strada Urbana,da specificare,NA,Veicoli in marcia contro veicoli fermi,Due carreggiate,Bagnato (pioggia),Asfaltata,Verticale ed orizzontale,Pioggia in atto,Normale,Buona,Ore Diurne,0,0,0,4,altezza Via di Portonaccio,NA
7,01/30/2014 09.00.00,Provinciale entro l'abitato,in prossimità,del civico n. ,Tamponamento,Una carreggiata a doppio senso,Bagnato (pioggia),Asfaltata,Verticale ed orizzontale,Pioggia in atto,Intenso,Buona,Ore Diurne,0,0,0,2,NA,940
16,01/30/2014 09.00.00,Strada Urbana,all'intersezione semaforizzata con,CIRCONVALLAZIONE GIANICOLENSE,Scontro laterale fra veicoli in marcia,Due carreggiate,Bagnato (pioggia),Asfaltata,Verticale ed orizzontale,Pioggia in atto,Normale,Sufficiente,Ore Diurne,0,0,0,2,NA,NA
8,01/30/2014 09.00.00,Strada Urbana,all'intersezione con,VIA ENRICO DELL'ACQUA,Scontro laterale fra veicoli in marcia,Una carreggiata a senso unico di marcia,Bagnato (pioggia),Asfaltata,Verticale,Nuvoloso,Normale,Buona,Ore Diurne,0,0,0,2,NA,NA
11,01/30/2014 09.00.00,Strada Urbana,da specificare,NA,Scontro laterale fra veicoli in marcia,Una carreggiata a doppio senso,Bagnato (pioggia),Asfaltata,Verticale ed orizzontale,Nuvoloso,Intenso,Buona,Ore Diurne,0,0,0,2,in prossimità via Ardeatina,NA
1,01/30/2014 09.00.00,Strada Urbana,in prossimità,del civico n.,Scontro laterale fra veicoli in marcia,Più di due carreggiate,Bagnato (pioggia),Acciotolata,Verticale ed orizzontale,Pioggia in atto,Normale,Buona,Ore Diurne,2,0,0,1,NA,109
4,01/30/2014 09.15.00,Statale entro l'abitato,in prossimità,del civico n. ,Tamponamento,Due carreggiate,Bagnato (pioggia),Asfaltata,Verticale ed orizzontale,Pioggia in atto,Normale,Buona,Ore Diurne,0,0,0,4,NA,981
19,01/30/2014 09.15.00,Strada Urbana,in corrispondenza,del civico n. ,Veicolo in marcia contro veicolo in sosta,Una carreggiata a senso unico di marcia,Bagnato (pioggia),Asfaltata,Verticale ed orizzontale,Nuvoloso,Normale,Buona,Ore Diurne,0,0,0,2,NA,14
10,01/30/2014 09.15.00,Strada Urbana,all'intersezione con,VIALE BRUNO RIZZIERI,Tamponamento,Una carreggiata a senso unico di marcia,Bagnato (pioggia),Asfaltata,Verticale ed orizzontale,Pioggia in atto,Normale,Buona,Ore Diurne,0,0,0,2,NA,NA
12,01/30/2014 09.30.00,Strada Urbana,da specificare,NA,Fuoriuscita dalla sede stradale,Una carreggiata a doppio senso,Bagnato (pioggia),Asfaltata,Verticale ed orizzontale,Pioggia in atto,Normale,Buona,Ore Diurne,0,0,0,1,altezza area di mercato,NA
2,01/30/2014 09.30.00,Strada Urbana,in prossimità,del civico n.,Scontro laterale fra veicoli in marcia,Una carreggiata a doppio senso,Bagnato (pioggia),Asfaltata,Verticale ed orizzontale,Pioggia in atto,Normale,Buona,Ore Diurne,0,0,0,3,NA,144
5,01/30/2014 09.30.00,Strada Urbana,in prossimità,del civico n. ,Scontro frontale/laterale DX fra veicoli in marcia,Una carreggiata a doppio senso,Bagnato (pioggia),Asfaltata,Verticale ed orizzontale,Nuvoloso,Normale,Buona,Ore Diurne,0,0,0,5,NA,20
17,01/30/2014 09.40.00,Strada Urbana,all'intersezione semaforizzata con,VIA MARCANTONIO COLONNA,Scontro frontale fra veicoli in marcia,Più di due carreggiate,Bagnato (pioggia),Asfaltata,Verticale ed orizzontale,Nuvoloso,Intenso,Buona,Ore Diurne,1,0,0,1,NA,NA
7,01/30/2014 09.45.00,Strada Urbana,da specificare,NA,Scontro frontale/laterale SX fra veicoli in marcia,Una carreggiata a doppio senso,Bagnato (pioggia),Asfaltata,Orizzontale,Pioggia in atto,Normale,Sufficiente,Ore Diurne,0,0,0,2,"alt. palo luce, 37",NA
12,01/30/2014 09.45.00,Strada Urbana,da specificare,NA,Scontro laterale fra veicoli in marcia,Una carreggiata a doppio senso,Bagnato (pioggia),Asfaltata,Verticale ed orizzontale,Pioggia in atto,Normale,Buona,Ore Diurne,0,0,0,2,prossimità Via Ostiense,NA
15,01/30/2014 09.55.00,Strada Urbana,in prossimità,del civico n.,Investimento di pedone,Una carreggiata a doppio senso,Bagnato (pioggia),Asfaltata,Verticale,Pioggia in atto,Normale,Buona,Ore Diurne,1,0,0,1,NA,81
20,01/30/2014 10.00.00,Strada Urbana,in prossimità,del palo luce n.,Veicolo in marcia contro ostacolo fisso,Una carreggiata a senso unico di marcia,Bagnato (pioggia),Asfaltata,Verticale ed orizzontale,Pioggia in atto,Intenso,Buona,Ore Diurne,1,0,0,0,NA,16
11,01/30/2014 10.30.00,Strada Urbana,all'intersezione semaforizzata con,VIA DEL PORTO FLUVIALE,Scontro laterale fra veicoli in marcia,Più di due carreggiate,Bagnato (pioggia),Asfaltata,Verticale ed orizzontale,Pioggia in atto,Intenso,Buona,Ore Diurne,0,0,0,3,NA,NA
19,01/30/2014 10.30.00,Strada Urbana,in prossimità,del civico n. ,Veicolo in marcia contro veicolo fermo,Una carreggiata a doppio senso,Bagnato (pioggia),Asfaltata,Assente,Nuvoloso,Normale,Sufficiente,Ore Diurne,0,0,0,2,NA,47
8,01/30/2014 10.30.00,Strada Urbana,da specificare,NA,Veicolo in marcia contro ostacolo accidentale,Una carreggiata a doppio senso,Bagnato (pioggia),Asfaltata,Orizzontale,Pioggia in atto,Normale,Buona,Ore Diurne,0,0,0,1,ALT VIA RUDERI DI CASA CALDA,NA
2,01/30/2014 10.40.00,Strada Urbana,all'intersezione con,VIA DELLA FOCE DELL'ANIENE,Scontro frontale/laterale SX fra veicoli in marcia,Due carreggiate,Bagnato (pioggia),Asfaltata,Verticale ed orizzontale,Pioggia in atto,Intenso,Buona,Ore Diurne,1,0,0,1,NA,NA
10,01/30/2014 10.50.00,Strada Urbana,in corrispondenza,del civico n.,Tamponamento,Una carreggiata a senso unico di marcia,Bagnato (pioggia),Asfaltata,Assente,Pioggia in atto,Normale,Buona,Ore Diurne,1,0,0,1,NA,1022
23,01/30/2014 10.50.00,Comunale extraurbana,all'intersezione semaforizzata con,VIA DEL CANALE DELLA LINGUA,Scontro frontale/laterale DX fra veicoli in marcia,Più di due carreggiate,Bagnato (pioggia),Asfaltata,Verticale ed orizzontale,Pioggia in atto,Scarso,Buona,Ore Diurne,0,0,0,2,NA,NA
5,01/30/2014 11.00.00,Strada Urbana,all'intersezione con,VIA DELL'ELETTRODOTTO,Scontro frontale/laterale DX fra veicoli in marcia,Una carreggiata a doppio senso,Bagnato (umidità in atto),Asfaltata,Verticale ed orizzontale,Pioggia in atto,Normale,Buona,Ore Diurne,0,0,0,2,NA,NA
18,01/30/2014 11.20.00,Strada Urbana,in corrispondenza,del civico n.,Scontro laterale fra veicoli in marcia,Una carreggiata a doppio senso,Bagnato (pioggia),Asfaltata,Verticale,Pioggia in atto,Normale,Sufficiente,Ore Diurne,0,0,0,2,NA,319
4,01/30/2014 11.25.00,Strada Urbana,da specificare,NA,Scontro frontale/laterale DX fra veicoli in marcia,Due carreggiate,Bagnato (pioggia),Asfaltata,Assente,Pioggia in atto,Normale,Buona,Ore Diurne,0,0,0,2,prossimità Via Monte Canda,NA
13,01/30/2014 11.30.00,Strada Urbana,in corrispondenza,del civico n.,Veicolo in marcia contro veicolo in sosta,Una carreggiata a doppio senso,Bagnato (pioggia),Asfaltata,Verticale ed orizzontale,Pioggia in atto,Normale,Buona,Ore Diurne,0,0,0,0,NA,1A
2,01/30/2014 11.45.00,Strada Urbana,da specificare,NA,Tamponamento Multiplo,Due carreggiate,Bagnato (umidità in atto),Asfaltata,Orizzontale,Nuvoloso,Normale,Buona,Ore Diurne,1,0,0,3,direzione Piazzale Brasile alt. palo Acea 9  ,NA
12,01/30/2014 12.00.00,Strada Urbana,da specificare,NA,Veicolo in marcia contro veicolo in sosta,Due carreggiate,Bagnato (pioggia),Asfaltata,Verticale ed orizzontale,Pioggia in atto,Normale,Buona,Ore Diurne,0,0,0,0,fronte Shangri La dir. Oceano atlantico (civ. 151),NA
20,01/30/2014 12.00.00,Strada Urbana,in prossimità,del palo luce n.,Veicolo in marcia contro ostacolo fisso,Una carreggiata a senso unico di marcia,Bagnato (pioggia),Asfaltata,Assente,Pioggia in atto,Normale,Sufficiente,Ore Diurne,0,0,0,1,NA,90
11,01/30/2014 12.20.00,Strada Urbana,in prossimità,del civico n.,Scontro laterale fra veicoli in marcia,Una carreggiata a doppio senso,Bagnato (pioggia),Asfaltata,Verticale ed orizzontale,Pioggia in atto,Normale,Buona,Ore Diurne,1,0,0,2,NA,347
13,01/30/2014 12.30.00,Strada Urbana,all'intersezione con,VIA DELLA MARTINICA,Scontro frontale/laterale DX fra veicoli in marcia,Una carreggiata a doppio senso,Bagnato (pioggia),Asfaltata,Orizzontale,Pioggia in atto,Normale,Buona,Ore Diurne,0,0,0,4,NA,NA