Gruppo,DataOraIncidente,Localizzazione1,Localizzazione2,Strada02,NaturaIncidente,TipoStrada,FondoStradale,Pavimentazione,Segnaletica,CondizioneAtmosferica,Traffico,Visibilita,Illuminazione,NUM_FERITI,NUM_RISERVATA,NUM_MORTI,NUM_ILLESI,DaSpecificare,Chilometrica
7,01/30/2014 12.45.00,Strada Urbana,all'intersezione con,VIA MANFREDONIA,Scontro frontale/laterale SX fra veicoli in marcia,Una carreggiata a doppio senso,Asciutto,Asfaltata,Verticale ed orizzontale,Sereno,Normale,Buona,Ore Diurne,0,0,0,2,NA,NA
20,01/30/2014 13.00.00,Strada Urbana,in corrispondenza,del civico n.,Scontro laterale fra veicoli in marcia,Una carreggiata a doppio senso,Bagnato (pioggia),Asfaltata,Assente,Pioggia in atto,Normale,Buona,Ore Diurne,0,0,0,2,NA,187
5,01/30/2014 13.15.00,Strada Urbana,da specificare,NA,Tamponamento,Una carreggiata a doppio senso,Bagnato (pioggia),Asfaltata,Orizzontale,Pioggia in atto,Intenso,Buona,Ore Diurne,1,0,0,2,prossimità Via Grotta di Gregna,NA
6,01/30/2014 13.15.00,Strada Urbana,in corrispondenza,del civico n. ,Veicolo in marcia contro veicolo in sosta,Una carreggiata a doppio senso,Bagnato (pioggia),Asfaltata,Orizzontale,Nuvoloso,Normale,Buona,Ore Diurne,1,0,0,2,NA,131
4,01/30/2014 13.20.00,Statale,in prossimità,del civico n.,Veicolo in marcia contro veicoli in sosta,Due carreggiate,Bagnato (umidità in atto),Asfaltata,Verticale ed orizzontale,Nuvoloso,Normale,Buona,Ore Diurne,1,0,0,0,NA,1282
12,01/30/2014 13.25.00,Strada Urbana,da specificare,NA,Fuoriuscita dalla sede stradale,Una carreggiata a senso unico di marcia,Bagnato (pioggia),Asfaltata,Verticale ed orizzontale,Pioggia in atto,Normale,Buona,Ore Diurne,1,0,0,0,alt. svincolo Eur direz. Roma,NA
23,01/30/2014 13.30.00,Strada Urbana,da specificare,NA,Veicolo in marcia contro ostacolo fisso,Più di due carreggiate,Bagnato (umidità in atto),Asfaltata,Verticale ed orizzontale,Nuvoloso,Normale,Buona,Ore Diurne,0,0,0,1,sottovia Pontina,NA
4,01/30/2014 13.50.00,Strada Urbana,in corrispondenza,del civico n.,Scontro frontale/laterale DX fra veicoli in marcia,Una carreggiata a doppio senso,Bagnato (pioggia),Asfaltata,Orizzontale,Nuvoloso,Scarso,Buona,Ore Diurne,1,0,0,1,NA,69
5,01/30/2014 13.55.00,Strada Urbana,in prossimità,del palo luce n. ,Scontro frontale/laterale SX fra veicoli in marcia,Due carreggiate,Bagnato (pioggia),Asfaltata,Verticale ed orizzontale,Pioggia in atto,Normale,Buona,Ore Diurne,0,0,0,2,NA,10
16,01/30/2014 14.00.00,Strada Urbana,in prossimità,del civico n.,Tamponamento,Due carreggiate,Bagnato (pioggia),Asfaltata,Verticale ed orizzontale,Nuvoloso,Intenso,Buona,Ore Diurne,1,0,0,2,NA,56
2,01/30/2014 14.10.00,Strada Urbana,da specificare,NA,Veicolo in marcia contro ostacolo fisso,Due carreggiate,Viscido da liquidi oleosi,Asfaltata,Orizzontale,Nuvoloso,Normale,Sufficiente,Ore Diurne,0,0,0,1,fr. civ. 3/a,NA
2,01/30/2014 14.15.00,Strada Urbana,in prossimità,del civico n.,Veicolo in marcia contro ostacolo accidentale,Due carreggiate,Viscido da liquidi oleosi,Asfaltata,Orizzontale,Nuvoloso,Normale,Sufficiente,Ore Diurne,0,0,0,1,NA,fr 3/A
12,01/30/2014 14.30.00,Provinciale,all'intersezione semaforizzata con,VIALE DELL'UMANESIMO,Veicolo in marcia contro veicolo fermo,Due carreggiate,Bagnato (pioggia),Asfaltata,Verticale ed orizzontale,Nuvoloso,Normale,Buona,Ore Diurne,0,0,0,2,NA,NA
20,01/30/2014 14.30.00,Regionale,in prossimità,della chilometrica,Fuoriuscita dalla sede stradale,Due carreggiate,Bagnato (pioggia),Asfaltata,Verticale ed orizzontale,Pioggia in atto,Normale,Buona,Ore Diurne,0,0,0,1,NA,13
10,01/30/2014 15.00.00,Strada Urbana,all'intersezione con,VIALE TITO LABIENO,Scontro laterale fra veicoli in marcia,Due carreggiate,Bagnato (umidità in atto),Asfaltata,Verticale ed orizzontale,Nuvoloso,Normale,Buona,Ore Diurne,0,0,0,2,NA,NA
15,01/30/2014 15.00.00,Strada Urbana,in prossimità,del civico n.,Veicolo in marcia contro veicolo in sosta,Due carreggiate,Bagnato (pioggia),Asfaltata,Verticale ed orizzontale,Nuvoloso,Scarso,Buona,Ore Diurne,0,0,0,1,NA,45
11,01/30/2014 15.10.00,Strada Urbana,all'intersezione con,VIA BALDASSARRE CASTIGLIONE,Scontro frontale/laterale SX fra veicoli in marcia,Una carreggiata a doppio senso,Bagnato (umidità in atto),Asfaltata,Verticale ed orizzontale,Nuvoloso,Normale,Buona,Ore Diurne,1,0,0,1,NA,NA
2,01/30/2014 15.15.00,Strada Urbana,da specificare,NA,Veicolo in marcia contro veicolo in sosta,Due carreggiate,Asciutto,Asfaltata,Orizzontale,Nuvoloso,Normale,Buona,Ore Diurne,1,0,0,0,dir. ple Flaminio alt. viale del Muro Torto,NA
8,01/30/2014 15.20.00,Strada Urbana,da specificare,NA,Tamponamento,Una carreggiata a doppio senso,Bagnato (umidità in atto),Asfaltata,Verticale ed orizzontale,Nuvoloso,Normale,Buona,Ore Diurne,2,0,0,0,fronte civico 177,NA
7,01/30/2014 15.30.00,Strada Urbana,in prossimità,del civico n. ,Scontro laterale fra veicoli in marcia,Una carreggiata a doppio senso,Bagnato (umidità in atto),Asfaltata,Assente,Nuvoloso,Normale,Buona,Ore Diurne,0,0,0,3,NA,188
7,01/30/2014 15.50.00,Strada Urbana,da specificare,NA,Veicolo in marcia contro veicolo fermo,Due carreggiate,Bagnato (pioggia),Asfaltata,Verticale ed orizzontale,Pioggia in atto,Scarso,Buona,Ore Diurne,0,0,0,2,in prossimità di Via Prenestina,NA
3,01/30/2014 16.00.00,Strada Urbana,da specificare,NA,Veicolo in marcia contro veicolo in sosta,Una carreggiata a doppio senso,Asciutto,Asfaltata,Verticale ed orizzontale,Nuvoloso,Normale,Buona,Ore Diurne,0,0,0,1,fronte civico 7,NA
4,01/30/2014 16.00.00,Provinciale entro l'abitato,all'intersezione con,VIA LUIGI PIRANDELLO,Veicolo in marcia contro ostacolo fisso,Una carreggiata a doppio senso,Bagnato (pioggia),Asfaltata,Verticale ed orizzontale,Nuvoloso,Normale,Buona,Ore Diurne,0,1,0,0,NA,NA
8,01/30/2014 16.30.00,Strada Urbana,all'intersezione con,VIA ORAZIO BORGIANNI,Scontro frontale/laterale SX fra veicoli in marcia,Una carreggiata a senso unico di marcia,Asciutto,Asfaltata,Verticale ed orizzontale,Nuvoloso,Normale,Buona,Ore Diurne,0,0,0,2,NA,NA
1,01/30/2014 16.40.00,Strada Urbana,da specificare,NA,Veicolo in marcia contro ostacolo accidentale,Una carreggiata a doppio senso,Asciutto,Lastricata,Verticale ed orizzontale,Nuvoloso,Normale,Buona,Ore Diurne,0,0,0,1,in pross. intersez. via di ripetta,NA
4,01/30/2014 17.15.00,Strada Urbana,in corrispondenza,del civico n.,Scontro laterale fra veicoli in marcia,Una carreggiata a senso unico di marcia,Bagnato (umidità in atto),Asfaltata,Verticale ed orizzontale,Nuvoloso,Normale,Buona,Ore Diurne,0,0,0,2,NA,1
12,01/30/2014 17.30.00,Strada Urbana,da specificare,NA,Scontro frontale/laterale SX fra veicoli in marcia,Una carreggiata a doppio senso,Bagnato (pioggia),Asfaltata,Verticale,Pioggia in atto,Normale,Buona,Ore Diurne,0,0,0,2,altezza civico 130,NA
23,01/30/2014 17.40.00,Strada Urbana,all'intersezione semaforizzata con,PONTE VITTORIO EMANUELE II,Scontro laterale fra veicoli in marcia,Una carreggiata a senso unico di marcia,Bagnato (pioggia),Asfaltata,Verticale ed orizzontale,Pioggia in atto,Intenso,Buona,Sufficiente,0,0,0,2,NA,NA
8,01/30/2014 17.40.00,Strada Urbana,da specificare,NA,Tamponamento Multiplo,Una carreggiata a doppio senso,Bagnato (pioggia),Asfaltata,Assente,Pioggia in atto,Scarso,Sufficiente,Sufficiente,0,0,0,7,altezza via Allai,NA
8,01/30/2014 17.50.00,Strada Urbana,in prossimità,del civico n. ,Veicolo in marcia contro ostacolo accidentale,Una carreggiata a doppio senso,Bagnato (pioggia),Asfaltata,Verticale,Nuvoloso,Normale,Insufficiente,Inesistente,0,0,0,1,NA,302
16,01/30/2014 18.10.00,Strada Urbana,all'intersezione con,VIA CATERINA FIESCHI,Scontro frontale fra veicoli in marcia,Una carreggiata a doppio senso,Bagnato (pioggia),Asfaltata,Verticale,Nuvoloso,Scarso,Buona,Sufficiente,1,0,0,1,NA,NA
8,01/30/2014 18.30.00,Strada Urbana,in prossimità,del civico n. ,Veicolo in marcia contro ostacolo accidentale,Una carreggiata a doppio senso,Bagnato (pioggia),Asfaltata,Verticale,Nuvoloso,Normale,Insufficiente,Inesistente,0,0,0,2,NA,302A
12,01/30/2014 18.30.00,Comunale extraurbana,da specificare,NA,Veicolo in marcia contro ostacolo accidentale,Una carreggiata a doppio senso,Bagnato (pioggia),Con buche,Verticale ed orizzontale,Pioggia in atto,Scarso,Insufficiente,Inesistente,0,0,0,2,strada vecchia  alt. distributore Tamoil,NA
12,01/30/2014 18.40.00,Comunale extraurbana,da specificare,NA,Veicolo in marcia contro ostacolo accidentale,Una carreggiata a doppio senso,Bagnato (pioggia),Con buche,Verticale ed orizzontale,Pioggia in atto,Scarso,Insufficiente,Inesistente,0,0,0,3,strada vecchia altezza distributore tamoil,NA
12,01/30/2014 18.40.00,Comunale extraurbana,da specificare,NA,Veicolo in marcia contro ostacolo accidentale,Una carreggiata a doppio senso,Bagnato (pioggia),Con buche,Verticale ed orizzontale,Pioggia in atto,Scarso,Insufficiente,Inesistente,0,0,0,1,strada vecchia alt. distributore Tamoil,NA
2,01/30/2014 18.43.00,Strada Urbana,all'intersezione semaforizzata con,VIA DI PONTE SALARIO,Scontro laterale fra veicoli in marcia,Una carreggiata a doppio senso,Asciutto,Asfaltata,Verticale ed orizzontale,Nuvoloso,Normale,Buona,Insufficiente,1,0,0,1,NA,NA
12,01/30/2014 18.50.00,Comunale extraurbana,da specificare,NA,Veicolo in marcia contro ostacolo accidentale,Una carreggiata a doppio senso,Bagnato (pioggia),Con buche,Verticale ed orizzontale,Pioggia in atto,Scarso,Insufficiente,Insufficiente,0,0,0,1,strada vecchia alt. distributore Tamoil,NA
12,01/30/2014 18.50.00,Comunale extraurbana,da specificare,NA,Veicolo in marcia contro ostacolo accidentale,Una carreggiata a doppio senso,Bagnato (pioggia),Con buche,Verticale ed orizzontale,Pioggia in atto,Scarso,Insufficiente,Inesistente,0,0,0,3,strada vecchia  altezza distributore Tamoil,NA
1,01/30/2014 18.50.00,Strada Urbana,in prossimità,del palo luce n.,Tamponamento,Una carreggiata a doppio senso,Bagnato (umidità in atto),Asfaltata,Verticale ed orizzontale,Nuvoloso,Normale,Sufficiente,Sufficiente,0,0,0,1,NA,38
15,01/30/2014 18.50.00,Strada Urbana,all'intersezione semaforizzata con,LUNGOTEVERE DEGLI INVENTORI,Tamponamento,Due carreggiate,Bagnato (umidità in atto),Asfaltata,Verticale ed orizzontale,Nuvoloso,Intenso,Sufficiente,Sufficiente,0,0,0,2,NA,NA
6,01/30/2014 18.50.00,Strada Urbana,all'intersezione con,VIA GIUSEPPE DI VITTORIO,Investimento di pedone,Una carreggiata a doppio senso,Bagnato (pioggia),Asfaltata,Orizzontale,Pioggia in atto,Normale,Sufficiente,Sufficiente,2,0,0,0,NA,NA
12,01/30/2014 18.50.00,Provinciale,in prossimità,della chilometrica ,Veicolo in marcia contro ostacolo accidentale,Una carreggiata a doppio senso,Bagnato (pioggia),Con buche,Verticale ed orizzontale,Pioggia in atto,Normale,Buona,Inesistente,0,0,0,1,NA,16.00
17,01/30/2014 19.00.00,Strada Urbana,in prossimità,del civico n.,Veicolo in marcia contro veicolo in sosta,Due carreggiate,Bagnato (pioggia),Asfaltata,Verticale ed orizzontale,Nuvoloso,Normale,Buona,Ore Diurne,0,0,0,1,NA,80
8,01/30/2014 19.00.00,Strada Urbana,da specificare,NA,Veicolo in marcia contro ostacolo accidentale,Una carreggiata a senso unico di marcia,Bagnato (pioggia),Asfaltata,Assente,Pioggia in atto,Normale,Sufficiente,Sufficiente,0,0,0,2,altezza rampa invers.marcia dir. Tor Vergata,NA
12,01/30/2014 19.00.00,Provinciale,da specificare,NA,Veicolo in marcia contro ostacolo accidentale,Due carreggiate,Bagnato (pioggia),Asfaltata,Orizzontale,Pioggia in atto,Normale,Insufficiente,Insufficiente,0,0,0,2,altezza km 9.550,NA
10,01/30/2014 19.10.00,Strada Urbana,da specificare,NA,Veicolo in marcia contro veicolo in sosta,Una carreggiata a senso unico di marcia,Bagnato (pioggia),Asfaltata,Orizzontale,Pioggia in atto,Scarso,Buona,Sufficiente,0,0,0,2,snc,NA
12,01/30/2014 19.25.00,Comunale extraurbana,da specificare,NA,Veicolo in marcia contro ostacolo accidentale,Una carreggiata a doppio senso,Bagnato (pioggia),Con buche,Verticale ed orizzontale,Pioggia in atto,Scarso,Insufficiente,Inesistente,0,0,0,1,strada vecchia altezza distributore Tamoil,NA
10,01/30/2014 19.30.00,Strada Urbana,all'intersezione semaforizzata con,VIA DI TORRE SPACCATA,Scontro laterale fra veicoli in marcia,Una carreggiata a senso unico di marcia,Bagnato (pioggia),Asfaltata,Verticale ed orizzontale,Pioggia in atto,Intenso,Buona,Sufficiente,0,0,0,2,NA,NA
12,01/30/2014 19.50.00,Comunale extraurbana,da specificare,NA,Veicolo in marcia contro ostacolo accidentale,Una carreggiata a doppio senso,Bagnato (pioggia),Con buche,Verticale ed orizzontale,Pioggia in atto,Scarso,Insufficiente,Inesistente,0,0,0,2,strada vecchia altezza distributore Tamoil,NA
12,01/30/2014 19.50.00,Comunale extraurbana,da specificare,NA,Veicolo in marcia contro ostacolo accidentale,Una carreggiata a doppio senso,Bagnato (pioggia),Con buche,Verticale ed orizzontale,Pioggia in atto,Scarso,Insufficiente,Inesistente,0,0,0,1,strada vecchia altezza distributore Tamoil,NA
20,01/30/2014 20.00.00,Strada Urbana,in prossimità,del civico n.,Veicolo in marcia contro ostacolo fisso,Una carreggiata a doppio senso,Bagnato (umidità in atto),Asfaltata,Verticale ed orizzontale,Nuvoloso,Scarso,Sufficiente,Sufficiente,0,0,0,1,NA,384
8,01/30/2014 20.00.00,Strada Urbana,da specificare,NA,Veicolo in marcia contro ostacolo accidentale,Una carreggiata a senso unico di marcia,Bagnato (pioggia),Asfaltata,Assente,Pioggia in atto,Normale,Sufficiente,Sufficiente,0,0,0,1,rampa invers. marcia direz. via Tor Vergata,NA
8,01/30/2014 20.20.00,Strada Urbana,in prossimità,del civico n. ,Veicolo in marcia contro ostacolo accidentale,Una carreggiata a doppio senso,Bagnato (pioggia),Con buche,Assente,Nuvoloso,Scarso,Sufficiente,Sufficiente,0,0,0,2,NA,187
9,01/30/2014 20.30.00,Strada Urbana,in prossimità,del civico n. ,Investimento di pedone,Una carreggiata a doppio senso,Asciutto,Asfaltata,Verticale ed orizzontale,Nuvoloso,Normale,Sufficiente,Sufficiente,1,0,0,2,NA,101
8,01/30/2014 21.10.00,Strada Urbana,da specificare,NA,Veicolo in marcia contro ostacolo accidentale,Una carreggiata a doppio senso,Bagnato (umidità in atto),Con buche,Assente,Nuvoloso,Scarso,Insufficiente,Inesistente,0,0,0,2,ALT. STAZIONE LA RUSTICA ,NA
4,01/30/2014 22.30.00,Strada Urbana,in corrispondenza,del civico n. ,Veicolo in marcia contro veicoli in sosta,Una carreggiata a doppio senso,Bagnato (pioggia),Asfaltata,Orizzontale,Pioggia in atto,Scarso,Buona,Sufficiente,0,0,0,1,NA,52/e
1,01/30/2014 22.30.00,Strada Urbana,da specificare,NA,Scontro frontale/laterale DX fra veicoli in marcia,Una carreggiata a doppio senso,Bagnato (pioggia),Asfaltata,Orizzontale,Nuvoloso,Scarso,Sufficiente,Sufficiente,0,0,0,2,FRONTE MERCATO TESTACCIO,NA
18,01/30/2014 23.00.00,Strada Urbana,all'intersezione con,VIA FONTEIANA,Scontro frontale fra veicoli in marcia,Una carreggiata a doppio senso,Bagnato (pioggia),Asfaltata,Verticale ed orizzontale,Pioggia in atto,Scarso,Buona,Sufficiente,2,0,0,1,NA,NA
13,01/30/2014 23.05.00,Strada Urbana,all'intersezione con,VIALE DEI COLLI PORTUENSI,Scontro frontale/laterale DX fra veicoli in marcia,Due carreggiate,Bagnato (pioggia),Asfaltata,Verticale ed orizzontale,Pioggia in atto,Intenso,Buona,Sufficiente,1,0,1,0,NA,NA
23,01/31/2014 01.00.00,Strada Urbana,da specificare,NA,Veicolo in marcia contro ostacolo fisso,Due carreggiate,Bagnato (pioggia),Asfaltata,Verticale ed orizzontale,Pioggia in atto,Scarso,Insufficiente,Insufficiente,0,0,0,0,"km. 11,30 direzione Roma Eur",NA
6,01/31/2014 02.30.00,Strada Urbana,in prossimità,del civico n.,Veicolo in marcia contro veicolo in sosta,Una carreggiata a senso unico di marcia,Bagnato (pioggia),Asfaltata,Verticale ed orizzontale,Pioggia in atto,Scarso,Sufficiente,Sufficiente,0,0,0,0,NA,63
4,01/31/2014 02.30.00,Strada Urbana,in prossimità,del civico n.,Veicolo in marcia contro veicoli in sosta,Due carreggiate,Bagnato (pioggia),Asfaltata,Orizzontale,Pioggia in atto,Scarso,Sufficiente,Sufficiente,0,0,0,1,NA,100
12,01/31/2014 03.30.00,Statale,da specificare,NA,Scontro laterale fra veicoli in marcia,Due carreggiate,Bagnato (pioggia),Asfaltata,Verticale ed orizzontale,Pioggia in atto,Scarso,Insufficiente,Inesistente,1,0,0,2,altezza svincolo tor de cenci,NA
1,01/31/2014 04.30.00,Strada Urbana,all'intersezione con,PIAZZA PASQUALE PAOLI,Tamponamento,Una carreggiata a senso unico di marcia,Bagnato (pioggia),Asfaltata,Verticale ed orizzontale,Pioggia in atto,Normale,Buona,Sufficiente,0,0,0,2,NA,NA
19,01/31/2014 06.00.00,Strada Urbana,in prossimità,del civico n.,Veicolo in marcia contro ostacolo accidentale,Una carreggiata a doppio senso,Bagnato (pioggia),Asfaltata,Assente,Pioggia in atto,Scarso,Sufficiente,Sufficiente,0,0,0,1,NA,47
13,01/31/2014 06.00.00,Strada Urbana,in prossimità,del civico n.,Veicolo in marcia contro ostacolo accidentale,Una carreggiata a doppio senso,Bagnato (pioggia),Asfaltata,Assente,Pioggia in atto,Scarso,Sufficiente,Sufficiente,0,0,0,1,NA,33
19,01/31/2014 06.40.00,Strada Urbana,all'intersezione con,VIA DI CASAL DEL MARMO,Scontro laterale fra veicoli in marcia,Una carreggiata a doppio senso,Bagnato (pioggia),Asfaltata,Orizzontale,Pioggia in atto,Intenso,Buona,Ore Diurne,1,0,0,2,NA,NA
20,01/31/2014 06.45.00,Strada Urbana,in corrispondenza,del civico n.,Veicolo in marcia contro ostacolo accidentale,Una carreggiata a doppio senso,Bagnato (pioggia),Asfaltata,Verticale ed orizzontale,Pioggia in atto,Scarso,Insufficiente,Insufficiente,0,0,0,1,NA,17
11,01/31/2014 07.05.00,Strada Urbana,all'intersezione semaforizzata con,VIA DEL PORTO FLUVIALE,Scontro frontale/laterale DX fra veicoli in marcia,Più di due carreggiate,Bagnato (pioggia),Asfaltata,Verticale ed orizzontale,Pioggia in atto,Normale,Buona,Sufficiente,0,0,0,2,NA,NA
20,01/31/2014 07.20.00,Strada Urbana,da specificare,NA,Tamponamento,Due carreggiate,Bagnato (pioggia),Asfaltata,Verticale ed orizzontale,Pioggia in atto,Intenso,Sufficiente,Ore Diurne,1,0,0,3,Altezza Galleria Fleming,NA
19,01/31/2014 07.30.00,Strada Urbana,in prossimità,del civico n.,Investimento di pedone,Una carreggiata a senso unico di marcia,Bagnato (pioggia),Asfaltata,Verticale ed orizzontale,Pioggia in atto,Normale,Sufficiente,Ore Diurne,1,0,0,1,NA,20
4,01/31/2014 07.30.00,Provinciale entro l'abitato,da specificare,NA,Investimento di pedone,Una carreggiata a doppio senso,Bagnato (pioggia),Asfaltata,Verticale ed orizzontale,Pioggia in atto,Normale,Sufficiente,Ore Diurne,1,0,0,1,in prossimità di via Val d'Ossola,NA
17,01/31/2014 08.00.00,Strada Urbana,in corrispondenza,del civico n.,Tamponamento,Due carreggiate,Bagnato (pioggia),Asfaltata,Verticale ed orizzontale,Pioggia in atto,Normale,Buona,Ore Diurne,1,0,0,3,NA,36
7,01/31/2014 08.30.00,Strada Urbana,in prossimità,del palo luce n.,Scontro frontale fra veicoli in marcia,Due carreggiate,Bagnato (pioggia),Asfaltata,Verticale ed orizzontale,Pioggia in atto,Intenso,Buona,Ore Diurne,1,0,0,1,NA,340
10,01/31/2014 09.00.00,Strada Urbana,in prossimità,del palo luce n. ,Scontro frontale fra veicoli in marcia,Due carreggiate,Bagnato (pioggia),Asfaltata,Verticale ed orizzontale,Pioggia in atto,Normale,Buona,Ore Diurne,2,0,0,0,NA,72
1,01/31/2014 09.15.00,Strada Urbana,da specificare,NA,Veicolo in marcia contro ostacolo fisso,Una carreggiata a senso unico di marcia,Bagnato (pioggia),Asfaltata,Verticale ed orizzontale,Pioggia in atto,Scarso,Buona,Ore Diurne,0,0,0,1,IN PROSSIMITA' ALBERO 10,NA
20,01/31/2014 09.30.00,Strada Urbana,da specificare,NA,Veicolo in marcia contro ostacolo fisso,Una carreggiata a senso unico di marcia,Asciutto,Asfaltata,Verticale ed orizzontale,Sereno,Normale,Buona,Sufficiente,1,0,0,0,(direzione VIA PINETA SACCHETTI,NA
5,01/31/2014 09.45.00,Strada Urbana,da specificare,NA,Scontro frontale/laterale SX fra veicoli in marcia,Due carreggiate,Bagnato (pioggia),Asfaltata,Verticale ed orizzontale,Pioggia in atto,Intenso,Buona,Ore Diurne,1,0,0,2,FRONTE CIVICO 374 direzione Lanciani,NA
8,01/31/2014 09.45.00,Strada Urbana,in prossimità,del civico n. ,Veicolo in marcia contro ostacolo accidentale,Due carreggiate,Bagnato (pioggia),Sterrata,Assente,Pioggia in atto,Scarso,Sufficiente,Ore Diurne,0,0,0,1,NA,9
8,01/31/2014 09.55.00,Strada Urbana,in prossimità,del civico n. ,Veicolo in marcia contro ostacolo accidentale,Una carreggiata a doppio senso,Bagnato (pioggia),Con buche,Orizzontale,Pioggia in atto,Normale,Buona,Ore Diurne,0,0,0,1,NA,8
12,01/31/2014 10.00.00,Regionale,da specificare,NA,Fuoriuscita dalla sede stradale,Due carreggiate,Bagnato (pioggia),Con buche,Verticale ed orizzontale,Pioggia in atto,Normale,Sufficiente,Ore Diurne,0,0,0,4,km 13.800 direz. Pomezia,NA
7,01/31/2014 10.10.00,Strada Urbana,all'intersezione con,VIA DELLA SAGGINA,Scontro frontale/laterale SX fra veicoli in marcia,Una carreggiata a doppio senso,Bagnato (pioggia),Asfaltata,Verticale ed orizzontale,Pioggia in atto,Normale,Sufficiente,Ore Diurne,1,0,0,1,NA,NA
4,01/31/2014 10.15.00,Strada Urbana,all'intersezione con,VIA FOSDINOVO,Veicolo in marcia contro veicolo fermo,Due carreggiate,Bagnato (pioggia),Asfaltata,Verticale ed orizzontale,Pioggia in atto,Normale,Buona,Ore Diurne,0,0,0,4,NA,NA
6,01/31/2014 10.30.00,Provinciale entro l'abitato,da specificare,NA,Veicolo in marcia contro ostacolo fisso,Più di due carreggiate,Bagnato (pioggia),Asfaltata,Verticale ed orizzontale,Pioggia in atto,Normale,Sufficiente,Ore Diurne,0,0,0,1,rampa di accesso Tangenziale Est alt. civ. 98,NA
12,01/31/2014 10.30.00,Strada Urbana,da specificare,NA,Veicolo in marcia contro ostacolo accidentale,Una carreggiata a doppio senso,Bagnato (pioggia),Con buche,Assente,Pioggia in atto,Scarso,Sufficiente,Sufficiente,0,0,0,1,dir. laurentina alt.scuola materna pross.via Arena,NA
8,01/31/2014 10.40.00,Strada Urbana,in prossimità,del palo luce n.,Veicolo in marcia contro ostacolo fisso,Due carreggiate,Bagnato (pioggia),Asfaltata,Orizzontale,Pioggia in atto,Normale,Sufficiente,Ore Diurne,1,0,0,0,NA,19
12,01/31/2014 11.30.00,Provinciale,da specificare,NA,Veicolo in marcia contro ostacolo accidentale,Due carreggiate,Bagnato (pioggia),Con buche,Verticale ed orizzontale,Pioggia in atto,Normale,Sufficiente,Ore Diurne,0,0,0,1,50 MT PRIMA SUPERMERCATO 'ELITE' DIR. FUORI ROMA,NA
16,01/31/2014 12.00.00,Strada Urbana,in prossimità,del civico n.,Scontro laterale fra veicoli in marcia,Una carreggiata a doppio senso,Bagnato (pioggia),Asfaltata,Orizzontale,Pioggia in atto,Normale,Buona,Ore Diurne,0,0,0,2,NA,68
5,01/31/2014 12.00.00,Strada Urbana,in prossimità,del civico n.,Investimento di pedone,Più di due carreggiate,Bagnato (pioggia),Asfaltata,Temporanea di cantiere,Pioggia in atto,Normale,Buona,Ore Diurne,1,0,0,2,NA,598
19,01/31/2014 12.00.00,Strada Urbana,da specificare,NA,Veicolo in marcia contro ostacolo fisso,Una carreggiata a senso unico di marcia,Bagnato (umidità in atto),Asfaltata,Orizzontale,Sereno,Intenso,Buona,Ore Diurne,1,0,0,0,m. 10 prima uscita M. Fani E4,NA
12,01/31/2014 12.00.00,Provinciale,in prossimità,della chilometrica ,Veicolo in marcia contro ostacolo accidentale,Una carreggiata a doppio senso,Bagnato (pioggia),Con buche,Verticale ed orizzontale,Pioggia in atto,Normale,Buona,Ore Diurne,0,0,0,1,NA,"11,400"
8,01/31/2014 12.20.00,Strada Urbana,da specificare,NA,Scontro laterale fra veicoli in marcia,Una carreggiata a doppio senso,Bagnato (pioggia),Asfaltata,Assente,Pioggia in atto,Normale,Sufficiente,Ore Diurne,1,0,0,1,50 mt. prima inters. Via Usai dir. Von Suttner,NA
13,01/31/2014 12.30.00,Strada Urbana,all'intersezione con,VIA OTTONE FATTIBONI,Veicolo in marcia contro veicoli in sosta,Due carreggiate,Bagnato (pioggia),Asfaltata,Verticale ed orizzontale,Pioggia in atto,Scarso,Buona,Ore Diurne,2,0,0,0,NA,NA
12,01/31/2014 12.30.00,Provinciale,in prossimità,della chilometrica,Veicolo in marcia contro ostacolo accidentale,Una carreggiata a doppio senso,Bagnato (pioggia),Con buche,Verticale ed orizzontale,Pioggia in atto,Normale,Sufficiente,Ore Diurne,0,0,0,1,NA,16
20,01/31/2014 13.30.00,Strada Urbana,in prossimità,del civico n.,Scontro laterale fra veicoli in marcia,Una carreggiata a doppio senso,Bagnato (pioggia),Asfaltata,Orizzontale,Pioggia in atto,Normale,Sufficiente,Ore Diurne,0,0,0,6,NA,601/a
17,01/31/2014 15.10.00,Strada Urbana,in prossimità,del civico n. ,Scontro frontale/laterale DX fra veicoli in marcia,Una carreggiata a doppio senso,Bagnato (pioggia),Asfaltata,Verticale ed orizzontale,Pioggia in atto,Normale,Sufficiente,Ore Diurne,0,0,0,3,NA,39