Gruppo,DataOraIncidente,Localizzazione1,Localizzazione2,Strada02,NaturaIncidente,TipoStrada,FondoStradale,Pavimentazione,Segnaletica,CondizioneAtmosferica,Traffico,Visibilita,Illuminazione,NUM_FERITI,NUM_RISERVATA,NUM_MORTI,NUM_ILLESI,DaSpecificare,Chilometrica
4,01/31/2014 15.10.00,Strada Urbana,all'intersezione con,VIA VAL SENIO,Scontro laterale fra veicoli in marcia,Una carreggiata a senso unico di marcia,Bagnato (pioggia),Asfaltata,Verticale ed orizzontale,Pioggia in atto,Scarso,Buona,Ore Diurne,0,0,0,3,NA,NA
5,01/31/2014 15.20.00,Strada Urbana,all'intersezione con,VIA SERRAVALLE DI CHIENTI,Scontro frontale/laterale DX fra veicoli in marcia,Una carreggiata a doppio senso,Bagnato (pioggia),Asfaltata,Assente,Pioggia in atto,Scarso,Buona,Ore Diurne,0,0,0,3,NA,NA
11,01/31/2014 15.25.00,Strada Urbana,in corrispondenza,del civico n. ,Scontro frontale/laterale DX fra veicoli in marcia,Una carreggiata a doppio senso,Bagnato (pioggia),Asfaltata,Verticale ed orizzontale,Pioggia in atto,Intenso,Buona,Ore Diurne,0,0,0,2,NA,547
13,01/31/2014 15.25.00,Strada Urbana,all'intersezione con,VIA LORENZO NERUCCI,Scontro frontale/laterale SX fra veicoli in marcia,Una carreggiata a doppio senso,Bagnato (pioggia),Asfaltata,Verticale ed orizzontale,Pioggia in atto,Scarso,Buona,Ore Diurne,0,0,0,3,NA,NA
12,01/31/2014 15.45.00,Provinciale,da specificare,NA,Veicolo in marcia contro ostacolo accidentale,Due carreggiate,Bagnato (pioggia),Con buche,Verticale ed orizzontale,Pioggia in atto,Normale,Sufficiente,Ore Diurne,0,0,0,1,50 mt prima del supermercato Elite dir fuori Roma,NA
11,01/31/2014 16.10.00,Strada Urbana,all'intersezione con,PIAZZA DEL GAZOMETRO,Veicolo in marcia contro veicolo fermo,Più di due carreggiate,Bagnato (pioggia),Asfaltata,Verticale ed orizzontale,Pioggia in atto,Scarso,Buona,Ore Diurne,0,0,0,2,NA,NA
8,01/31/2014 16.50.00,Strada Urbana,da specificare,NA,Veicolo in marcia contro ostacolo accidentale,Una carreggiata a doppio senso,Bagnato (pioggia),Asfaltata,Verticale ed orizzontale,Pioggia in atto,Normale,Sufficiente,Sufficiente,0,0,0,1,altezza civ. 151,NA
12,01/31/2014 17.00.00,Provinciale,da specificare,NA,Veicolo in marcia contro ostacolo accidentale,Due carreggiate,Bagnato (pioggia),Asfaltata,Verticale ed orizzontale,Pioggia in atto,Normale,Sufficiente,Inesistente,0,0,0,1,prossimità cavalcavia di  Spinaceto,NA
13,01/31/2014 17.00.00,Strada Urbana,da specificare,NA,Veicolo in marcia contro ostacolo accidentale,Una carreggiata a doppio senso,Bagnato (pioggia),Asfaltata,Verticale,Pioggia in atto,Normale,Sufficiente,Sufficiente,0,0,0,2,altezza Via G. Gelli,NA
13,01/31/2014 17.00.00,Strada Urbana,all'intersezione con,VIA PADRE MASSARUTI,Scontro frontale/laterale DX fra veicoli in marcia,Due carreggiate,Bagnato (pioggia),Asfaltata,Assente,Sereno,Normale,Buona,Ore Diurne,2,0,0,0,NA,NA
13,01/31/2014 17.05.00,Strada Urbana,da specificare,NA,Veicolo in marcia contro ostacolo accidentale,Una carreggiata a doppio senso,Bagnato (pioggia),Asfaltata,Verticale,Pioggia in atto,Normale,Sufficiente,Sufficiente,0,0,0,1,altezza Via G. Gelli,NA
12,01/31/2014 17.05.00,Provinciale,da specificare,NA,Veicolo in marcia contro ostacolo accidentale,Due carreggiate,Bagnato (pioggia),Asfaltata,Verticale ed orizzontale,Pioggia in atto,Intenso,Insufficiente,Inesistente,0,0,0,2,cavalcavia di Spinaceto alt. rist. Quadrifoglio,NA
8,01/31/2014 17.15.00,Strada Urbana,all'intersezione con,VIA VENETICO,Scontro frontale/laterale DX fra veicoli in marcia,Una carreggiata a doppio senso,Bagnato (pioggia),Asfaltata,Verticale ed orizzontale,Pioggia in atto,Intenso,Sufficiente,Sufficiente,0,0,0,2,NA,NA
4,01/31/2014 17.25.00,Strada Urbana,in prossimità,del civico n.,Investimento di pedone,Una carreggiata a doppio senso,Bagnato (pioggia),Asfaltata,Verticale ed orizzontale,Pioggia in atto,Normale,Sufficiente,Sufficiente,1,0,0,1,NA,12-14
12,01/31/2014 17.30.00,Regionale,da specificare,NA,Veicolo in marcia contro ostacolo fisso,Due carreggiate,Bagnato (pioggia),Asfaltata,Verticale ed orizzontale,Pioggia in atto,Intenso,Insufficiente,Inesistente,0,0,0,1,"km 19,00 direzione Roma centro",NA
12,01/31/2014 17.30.00,Strada Urbana,da specificare,NA,Veicolo in marcia contro ostacolo accidentale,Una carreggiata a doppio senso,Bagnato (pioggia),Con buche,Verticale ed orizzontale,Pioggia in atto,Normale,Insufficiente,Ore Diurne,0,0,0,1,dir. Spinaceto prima dell'incrocio con Via Basile,NA
13,01/31/2014 17.35.00,Strada Urbana,da specificare,NA,Veicolo in marcia contro ostacolo accidentale,Una carreggiata a doppio senso,Bagnato (pioggia),Con buche,Assente,Pioggia in atto,Normale,Sufficiente,Sufficiente,0,0,0,1,altezza Via G. Gelli,NA
1,01/31/2014 17.40.00,Strada Urbana,in prossimità,del civico n.,Infortunio per caduta del veicolo,Più di due carreggiate,Bagnato (pioggia),Strada pavimentata dissestata,Verticale ed orizzontale,Sereno,Normale,Buona,Sufficiente,1,0,0,0,NA,97
15,01/31/2014 17.45.00,Autostrada,da specificare,NA,Veicolo in marcia contro ostacolo accidentale,Due carreggiate,Bagnato (pioggia),Con buche,Orizzontale,Pioggia in atto,Intenso,Insufficiente,Insufficiente,0,0,0,9,prox. km  1 dir. fiumicino,NA
12,01/31/2014 18.00.00,Provinciale,in corrispondenza,della chilometrica ,Veicolo in marcia contro ostacolo fisso,Una carreggiata a doppio senso,Bagnato (pioggia),Strada pavimentata dissestata,Verticale ed orizzontale,Pioggia in atto,Normale,Insufficiente,Inesistente,0,0,0,1,NA,"16,00"
15,01/31/2014 18.00.00,Strada Urbana,da specificare,NA,Veicolo in marcia contro ostacolo accidentale,Una carreggiata a doppio senso,Bagnato (pioggia),Con buche,Verticale,Pioggia in atto,Scarso,Insufficiente,Insufficiente,0,0,0,1,"FRONTE ENTRATA ""IDROMARKET""",NA
15,01/31/2014 18.00.00,Strada Urbana,da specificare,NA,Veicolo in marcia contro ostacolo accidentale,Una carreggiata a doppio senso,Bagnato (pioggia),Con buche,Verticale,Pioggia in atto,Scarso,Insufficiente,Insufficiente,0,0,0,1,fronte entrata Idromarket,NA
6,01/31/2014 18.00.00,Strada Urbana,all'intersezione semaforizzata con,VIA GIROLAMO COCCONI,Tamponamento Multiplo,Due carreggiate,Bagnato (pioggia),Asfaltata,Verticale ed orizzontale,Pioggia in atto,Intenso,Buona,Sufficiente,3,0,0,4,NA,NA
12,01/31/2014 18.00.00,Regionale entro l'abitato,da specificare,NA,Veicolo in marcia contro ostacolo accidentale,Due carreggiate,Bagnato (pioggia),Asfaltata,Verticale ed orizzontale,Pioggia in atto,Normale,Sufficiente,Sufficiente,0,0,0,1,fronte Rhodesia,NA
12,01/31/2014 18.00.00,Strada Urbana,all'intersezione con,VIA RHODESIA,Veicolo in marcia contro ostacolo accidentale,Una carreggiata a doppio senso,Bagnato (pioggia),Asfaltata,Verticale ed orizzontale,Pioggia in atto,Normale,Insufficiente,Insufficiente,0,0,0,1,NA,NA
2,01/31/2014 18.00.00,Strada Urbana,da specificare,NA,Veicolo in marcia contro ostacolo accidentale,Una carreggiata a senso unico di marcia,Bagnato (pioggia),Con buche,Verticale ed orizzontale,Pioggia in atto,Intenso,Sufficiente,Sufficiente,0,0,0,1,sotto caval. Tangenziale direzione Prati Fiscali,NA
12,01/31/2014 18.10.00,Strada Urbana,all'intersezione con,VIA RHODESIA,Veicolo in marcia contro ostacolo accidentale,Due carreggiate,Bagnato (pioggia),Con buche,Verticale ed orizzontale,Pioggia in atto,Normale,Insufficiente,Sufficiente,0,0,0,1,NA,NA
12,01/31/2014 18.10.00,Strada Urbana,da specificare,NA,Veicolo in marcia contro ostacolo accidentale,Due carreggiate,Bagnato (pioggia),Asfaltata,Verticale ed orizzontale,Pioggia in atto,Normale,Sufficiente,Sufficiente,0,0,0,2,fronte Rhodesia,NA
7,01/31/2014 18.10.00,Strada Urbana,in prossimità,del civico n.,Veicolo in marcia contro veicolo in sosta,Due carreggiate,Bagnato (pioggia),Asfaltata,Verticale ed orizzontale,Pioggia in atto,Normale,Buona,Sufficiente,0,0,0,2,NA,834
12,01/31/2014 18.15.00,Provinciale,in corrispondenza,della chilometrica,Veicolo in marcia contro ostacolo fisso,Una carreggiata a doppio senso,Bagnato (pioggia),Con buche,Verticale ed orizzontale,Pioggia in atto,Normale,Sufficiente,Insufficiente,0,0,0,1,NA,1600
20,01/31/2014 18.30.00,Strada Urbana,in prossimità,del palo luce n.,Veicolo in marcia contro veicolo in sosta,Una carreggiata a doppio senso,Bagnato (pioggia),Asfaltata,Orizzontale,Pioggia in atto,Normale,Sufficiente,Sufficiente,0,0,0,1,NA,10
1,01/31/2014 18.30.00,Strada Urbana,in corrispondenza,del civico n.,Veicolo in marcia contro ostacolo accidentale,Una carreggiata a doppio senso,Bagnato (pioggia),Asfaltata,Verticale ed orizzontale,Pioggia in atto,Normale,Sufficiente,Sufficiente,0,0,0,2,NA,169
12,01/31/2014 18.35.00,Provinciale,in prossimità,della chilometrica,Veicolo in marcia contro ostacolo accidentale,Una carreggiata a doppio senso,Bagnato (pioggia),Con buche,Verticale ed orizzontale,Pioggia in atto,Normale,Insufficiente,Inesistente,0,0,0,1,NA,1600
1,01/31/2014 18.45.00,Strada Urbana,all'intersezione semaforizzata con,PIAZZALE OSTIENSE,Scontro laterale fra veicoli in marcia,Una carreggiata a senso unico di marcia,Bagnato (pioggia),Asfaltata,Verticale ed orizzontale,Pioggia in atto,Normale,Buona,Sufficiente,0,0,0,3,NA,NA
12,01/31/2014 18.45.00,Regionale,da specificare,NA,Veicolo in marcia contro ostacolo accidentale,Due carreggiate,Bagnato (pioggia),Con buche,Verticale ed orizzontale,Pioggia in atto,Intenso,Insufficiente,Inesistente,0,0,0,1,"dir. Roma alt. km 20,00 circa",NA
8,01/31/2014 18.50.00,Strada Urbana,da specificare,NA,Veicolo in marcia contro ostacolo accidentale,Una carreggiata a doppio senso,Bagnato (pioggia),Asfaltata,Verticale ed orizzontale,Pioggia in atto,Normale,Insufficiente,Inesistente,0,0,0,1,30 mt. prima del campo nomadi dir. Collatina,NA
12,01/31/2014 18.50.00,Provinciale,in prossimità,della chilometrica,Veicolo in marcia contro ostacolo accidentale,Una carreggiata a doppio senso,Bagnato (pioggia),Con buche,Verticale ed orizzontale,Pioggia in atto,Normale,Insufficiente,Insufficiente,0,0,0,1,NA,16
17,01/31/2014 18.50.00,Strada Urbana,all'intersezione semaforizzata con,VIALE GIOVANNI FALCONE E PAOLO BORSELLINO,Scontro frontale/laterale SX fra veicoli in marcia,Una carreggiata a senso unico di marcia,Bagnato (pioggia),Asfaltata,Verticale ed orizzontale,Pioggia in atto,Normale,Sufficiente,Sufficiente,0,0,0,2,NA,NA
12,01/31/2014 19.00.00,Provinciale entro l'abitato,in corrispondenza,della chilometrica,Veicolo in marcia contro ostacolo accidentale,Una carreggiata a doppio senso,Bagnato (pioggia),Con buche,Verticale ed orizzontale,Pioggia in atto,Normale,Insufficiente,Inesistente,0,0,0,1,NA,16
18,01/31/2014 19.00.00,Statale entro l'abitato,in prossimità,del civico n. ,Veicolo in marcia contro ostacolo accidentale,Una carreggiata a doppio senso,Bagnato (pioggia),Con buche,Verticale ed orizzontale,Pioggia in atto,Normale,Sufficiente,Sufficiente,0,0,0,2,NA,670
7,01/31/2014 19.00.00,Strada Urbana,in prossimità,del palo luce n. ,Tamponamento,Una carreggiata a senso unico di marcia,Bagnato (pioggia),Asfaltata,Orizzontale,Pioggia in atto,Intenso,Buona,Sufficiente,1,0,0,2,NA,166
8,01/31/2014 19.00.00,Strada Urbana,da specificare,NA,Veicolo in marcia contro ostacolo accidentale,Una carreggiata a doppio senso,Bagnato (pioggia),Asfaltata,Verticale ed orizzontale,Pioggia in atto,Normale,Insufficiente,Inesistente,0,0,0,1,30 mt. prima campo nomadi dir. Collatina,NA
12,01/31/2014 19.00.00,Regionale,in prossimità,della chilometrica ,Veicolo in marcia contro ostacolo accidentale,Due carreggiate,Bagnato (pioggia),Asfaltata,Verticale ed orizzontale,Pioggia in atto,Intenso,Insufficiente,Inesistente,0,0,0,1,NA,"20,00"
5,01/31/2014 19.00.00,Strada Urbana,in corrispondenza,del civico n.,Scontro frontale/laterale DX fra veicoli in marcia,Una carreggiata a doppio senso,Bagnato (pioggia),Asfaltata,Orizzontale,Pioggia in atto,Normale,Sufficiente,Sufficiente,0,0,0,2,NA,1155
18,01/31/2014 19.00.00,Strada Urbana,in corrispondenza,del civico n.,Investimento di pedone,Una carreggiata a doppio senso,Bagnato (pioggia),Asfaltata,Verticale ed orizzontale,Pioggia in atto,Normale,Buona,Sufficiente,1,0,0,1,NA,184
8,01/31/2014 19.05.00,Strada Urbana,da specificare,NA,Veicolo in marcia contro ostacolo accidentale,Una carreggiata a doppio senso,Bagnato (pioggia),Asfaltata,Verticale ed orizzontale,Pioggia in atto,Normale,Insufficiente,Inesistente,0,0,0,1,30 mt. prima del campo nomadi dir. Collatina,NA
8,01/31/2014 19.10.00,Strada Urbana,da specificare,NA,Veicolo in marcia contro ostacolo accidentale,Una carreggiata a doppio senso,Bagnato (pioggia),Strada pavimentata dissestata,Verticale,Pioggia in atto,Scarso,Sufficiente,Sufficiente,0,0,0,2,altezza  palo luce 26,NA
12,01/31/2014 19.25.00,Regionale,da specificare,NA,Veicolo in marcia contro ostacolo fisso,Due carreggiate,Bagnato (pioggia),Asfaltata,Verticale ed orizzontale,Pioggia in atto,Normale,Sufficiente,Sufficiente,0,0,0,1,tra uscita V. Pratica di Mare e V. Pontina vecchia,NA
12,01/31/2014 19.30.00,Regionale,da specificare,NA,Veicolo in marcia contro ostacolo accidentale,Due carreggiate,Bagnato (pioggia),Con buche,Verticale ed orizzontale,Pioggia in atto,Intenso,Insufficiente,Inesistente,0,0,0,1,"direzione Roma centro altezza km. 20,00 circa",NA
12,01/31/2014 19.30.00,Provinciale,da specificare,NA,Veicolo in marcia contro ostacolo accidentale,Due carreggiate,Bagnato (pioggia),Asfaltata,Verticale ed orizzontale,Pioggia in atto,Normale,Sufficiente,Sufficiente,0,0,0,1,altezza via Carlo Linati direzione G.R.A.,NA
12,01/31/2014 19.40.00,Regionale,da specificare,NA,Veicolo in marcia contro ostacolo accidentale,Due carreggiate,Bagnato (pioggia),Asfaltata,Verticale ed orizzontale,Pioggia in atto,Normale,Insufficiente,Insufficiente,0,0,0,0,dir. Roma centro 100 mt prima svincolo G.R.A ,NA
12,01/31/2014 19.45.00,Regionale,da specificare,NA,Veicolo in marcia contro ostacolo accidentale,Due carreggiate,Bagnato (pioggia),Asfaltata,Orizzontale,Pioggia in atto,Normale,Sufficiente,Sufficiente,0,0,0,0,dir. Roma centro alt. Pratica di Mare,NA
12,01/31/2014 19.45.00,Provinciale entro l'abitato,da specificare,NA,Veicolo in marcia contro ostacolo accidentale,Due carreggiate,Bagnato (pioggia),Con buche,Verticale ed orizzontale,Pioggia in atto,Normale,Sufficiente,Inesistente,0,0,0,1,"altezza ""La Ventola"" dir. Roma ",NA
17,01/31/2014 19.50.00,Strada Urbana,in prossimità,del civico n.,Investimento di pedone,Due carreggiate,Bagnato (pioggia),Asfaltata,Verticale ed orizzontale,Pioggia in atto,Normale,Insufficiente,Inesistente,1,0,0,1,NA,6
12,01/31/2014 19.50.00,Provinciale,da specificare,NA,Veicolo in marcia contro ostacolo accidentale,Due carreggiate,Bagnato (pioggia),Con buche,Verticale ed orizzontale,Pioggia in atto,Normale,Sufficiente,Sufficiente,0,0,0,1,altezza via Carlo Linati direzione G.R.A.,NA
12,01/31/2014 20.00.00,Provinciale,da specificare,NA,Veicolo in marcia contro ostacolo accidentale,Due carreggiate,Bagnato (pioggia),Con buche,Verticale ed orizzontale,Pioggia in atto,Normale,Sufficiente,Sufficiente,0,0,0,2,altezza via carlo linati direzione G.R.A.,NA
12,01/31/2014 20.00.00,Regionale,da specificare,NA,Veicolo in marcia contro ostacolo fisso,Due carreggiate,Bagnato (pioggia),Con buche,Verticale ed orizzontale,Pioggia in atto,Normale,Insufficiente,Insufficiente,0,0,0,1,DIR. ROMA CENTRO FINE CAVALCAVIA SPINACETO,NA
12,01/31/2014 20.00.00,Regionale,in prossimità,della chilometrica,Veicolo in marcia contro ostacolo accidentale,Due carreggiate,Bagnato (pioggia),Con buche,Verticale ed orizzontale,Pioggia in atto,Intenso,Insufficiente,Inesistente,0,0,0,0,NA,20
12,01/31/2014 20.00.00,Regionale,da specificare,NA,Veicolo in marcia contro ostacolo accidentale,Due carreggiate,Bagnato (pioggia),Con buche,Verticale ed orizzontale,Pioggia in atto,Intenso,Insufficiente,Inesistente,0,0,0,1,"direzione roma centro altezza km. 20,00 circa",NA
8,01/31/2014 20.00.00,Strada Urbana,in prossimità,del civico n. ,Veicolo in marcia contro ostacolo accidentale,Una carreggiata a doppio senso,Bagnato (pioggia),Asfaltata,Verticale,Pioggia in atto,Scarso,Buona,Sufficiente,0,0,0,1,NA,163
8,01/31/2014 20.00.00,Strada Urbana,in prossimità,del civico n.,Scontro frontale/laterale SX fra veicoli in marcia,Una carreggiata a doppio senso,Bagnato (pioggia),Asfaltata,Verticale ed orizzontale,Pioggia in atto,Normale,Buona,Sufficiente,1,0,0,0,NA,1747
12,01/31/2014 20.15.00,Strada Urbana,all'intersezione con,VIA DEL CASALE DI VALLERANO,Scontro laterale fra veicoli in marcia,Due carreggiate,Bagnato (pioggia),Asfaltata,Verticale ed orizzontale,Pioggia in atto,Normale,Sufficiente,Insufficiente,0,0,0,2,NA,NA
1,01/31/2014 20.15.00,Strada Urbana,in prossimità,del civico n.,Investimento di pedone,Una carreggiata a senso unico di marcia,Bagnato (pioggia),In cubetti di porfido,Verticale ed orizzontale,Pioggia in atto,Normale,Sufficiente,Sufficiente,1,0,0,1,NA,3
12,01/31/2014 20.25.00,Strada Urbana,da specificare,NA,Veicolo in marcia contro ostacolo accidentale,Due carreggiate,Bagnato (pioggia),Con buche,Verticale ed orizzontale,Pioggia in atto,Normale,Sufficiente,Sufficiente,0,0,0,1,altezza via Carlo  Linati  direzione G.R.A.,NA
12,01/31/2014 20.30.00,Strada Urbana,da specificare,NA,Veicolo in marcia contro ostacolo accidentale,Una carreggiata a doppio senso,Bagnato (pioggia),Asfaltata,Verticale ed orizzontale,Pioggia in atto,Normale,Insufficiente,Sufficiente,0,0,0,1,POCO PRIMA DELL'INCROCIO CON VIA MARGARETH MEAD,NA
12,01/31/2014 21.00.00,Regionale entro l'abitato,in prossimità,della chilometrica,Veicolo in marcia contro ostacolo accidentale,Due carreggiate,Bagnato (pioggia),Con buche,Verticale ed orizzontale,Pioggia in atto,Normale,Insufficiente,Insufficiente,0,0,0,1,NA,1400
12,01/31/2014 21.00.00,Regionale entro l'abitato,da specificare,NA,Veicolo in marcia contro ostacolo accidentale,Due carreggiate,Bagnato (pioggia),Con buche,Verticale ed orizzontale,Pioggia in atto,Normale,Insufficiente,Insufficiente,0,0,0,2,dir. Pomezia prox. km 14.00,NA
7,01/31/2014 21.05.00,Strada Urbana,all'intersezione con,VIA RENATO BIROLLI,Scontro frontale/laterale DX fra veicoli in marcia,Una carreggiata a doppio senso,Bagnato (pioggia),Asfaltata,Orizzontale,Pioggia in atto,Scarso,Sufficiente,Sufficiente,0,0,0,2,NA,NA
12,01/31/2014 21.10.00,Provinciale,in prossimità,del civico n.,Veicolo in marcia contro ostacolo accidentale,Una carreggiata a doppio senso,Bagnato (pioggia),Con buche,Verticale ed orizzontale,Nuvoloso,Normale,Sufficiente,Sufficiente,0,0,0,1,NA,964
4,01/31/2014 21.30.00,Strada Urbana,in prossimità,del civico n. ,Veicolo in marcia contro ostacolo accidentale,Una carreggiata a senso unico di marcia,Bagnato (pioggia),Con buche,Assente,Pioggia in atto,Normale,Sufficiente,Sufficiente,0,0,0,1,NA,180
13,01/31/2014 21.50.00,Strada Urbana,da specificare,NA,Veicolo in marcia contro ostacolo accidentale,Una carreggiata a senso unico di marcia,Bagnato (pioggia),Asfaltata,Verticale ed orizzontale,Pioggia in atto,Scarso,Sufficiente,Sufficiente,0,0,0,1,altezza imprecisata,NA
5,01/31/2014 21.50.00,Strada Urbana,da specificare,NA,Veicolo in marcia contro ostacolo fisso,Una carreggiata a senso unico di marcia,Asciutto,Asfaltata,Orizzontale,Sereno,Scarso,Buona,Sufficiente,0,0,0,2,tra Monti Tiburtini e Nomentana,NA
12,01/31/2014 22.10.00,Provinciale,da specificare,NA,Veicolo in marcia contro ostacolo accidentale,Due carreggiate,Bagnato (pioggia),Asfaltata,Verticale ed orizzontale,Pioggia in atto,Normale,Insufficiente,Insufficiente,0,0,0,1,DIREZIONE FUORI ROMA POCO DOPO USCITA G.R.A.,NA
12,01/31/2014 22.20.00,Strada Urbana,in prossimità,della chilometrica ,Veicolo in marcia contro ostacolo accidentale,Una carreggiata a doppio senso,Bagnato (pioggia),Asfaltata,Orizzontale,Pioggia in atto,Normale,Insufficiente,Insufficiente,0,0,0,1,NA,"11,500"
8,01/31/2014 22.20.00,Strada Urbana,da specificare,NA,Veicolo in marcia contro ostacolo accidentale,Due carreggiate,Bagnato (pioggia),Asfaltata,Verticale ed orizzontale,Pioggia in atto,Scarso,Buona,Sufficiente,0,0,0,2,alt. cavalcavia Casilina  dir. Viale Oxford,NA
9,01/31/2014 22.20.00,Strada Urbana,in corrispondenza,del civico n.,Investimento di pedone,Una carreggiata a doppio senso,Bagnato (pioggia),Asfaltata,Verticale ed orizzontale,Pioggia in atto,Scarso,Sufficiente,Sufficiente,1,0,0,1,NA,6
12,01/31/2014 22.30.00,Provinciale,in prossimità,della chilometrica,Veicolo in marcia contro ostacolo accidentale,Una carreggiata a doppio senso,Bagnato (pioggia),Asfaltata,Orizzontale,Pioggia in atto,Normale,Insufficiente,Insufficiente,0,0,0,1,NA,11.5
23,01/31/2014 23.10.00,Strada Urbana,all'intersezione semaforizzata con,PIAZZA DI CINECITTA',Veicolo in marcia contro ostacolo fisso,Due carreggiate,Bagnato (pioggia),Asfaltata,Verticale ed orizzontale,Pioggia in atto,Scarso,Buona,Sufficiente,0,0,0,3,NA,NA
13,01/31/2014 23.30.00,Strada Urbana,da specificare,NA,Veicolo in marcia contro ostacolo accidentale,Una carreggiata a doppio senso,Bagnato (pioggia),Con buche,Assente,Pioggia in atto,Scarso,Sufficiente,Sufficiente,0,0,0,2,pross. via Q. Giglioli,NA
17,01/31/2014 23.35.00,Strada Urbana,in prossimità,del civico n.,Veicolo in marcia contro ostacolo accidentale,Una carreggiata a senso unico di marcia,Bagnato (pioggia),Con buche,Verticale ed orizzontale,Pioggia in atto,Scarso,Sufficiente,Sufficiente,0,0,0,3,NA,40
12,02/01/2014 00.15.00,Strada Urbana,da specificare,NA,Veicolo in marcia contro ostacolo accidentale,Una carreggiata a senso unico di marcia,Bagnato (pioggia),Asfaltata,Verticale ed orizzontale,Pioggia in atto,Scarso,Sufficiente,Sufficiente,0,0,0,1,laterale dir. Spinaceto alt v. Tumiati,NA
23,02/01/2014 00.30.00,Strada Urbana,da specificare,NA,Veicolo in marcia contro ostacolo accidentale,Una carreggiata a doppio senso,Bagnato (pioggia),Con buche,Verticale ed orizzontale,Pioggia in atto,Scarso,Sufficiente,Sufficiente,0,0,0,1,in prossimità di Via del Collettore Primario,NA
23,02/01/2014 00.30.00,Strada Urbana,da specificare,NA,Veicolo in marcia contro ostacolo accidentale,Una carreggiata a doppio senso,Bagnato (pioggia),Con buche,Verticale ed orizzontale,Pioggia in atto,Scarso,Sufficiente,Sufficiente,0,0,0,1,in prossimità di Via del Collettore Primario,NA
23,02/01/2014 00.30.00,Strada Urbana,da specificare,NA,Veicolo in marcia contro ostacolo accidentale,Una carreggiata a doppio senso,Bagnato (pioggia),Con buche,Verticale ed orizzontale,Pioggia in atto,Scarso,Sufficiente,Sufficiente,0,0,0,1,in prossimità di Via del Collettore Primario,NA
16,02/01/2014 01.15.00,Strada Urbana,in corrispondenza,del civico n.,Scontro frontale/laterale SX fra veicoli in marcia,Una carreggiata a doppio senso,Bagnato (pioggia),Asfaltata,Verticale ed orizzontale,Pioggia in atto,Scarso,Sufficiente,Sufficiente,2,0,0,2,NA,49
1,02/01/2014 01.45.00,Strada Urbana,in prossimità,del civico n.,Veicolo in marcia contro ostacolo accidentale,Una carreggiata a senso unico di marcia,Bagnato (pioggia),Con buche,Verticale ed orizzontale,Pioggia in atto,Scarso,Buona,Sufficiente,0,0,0,2,NA,152
6,02/01/2014 02.00.00,Strada Urbana,all'intersezione semaforizzata con,VIALE PALMIRO TOGLIATTI,Scontro frontale/laterale DX fra veicoli in marcia,Più di due carreggiate,Bagnato (pioggia),Asfaltata,Verticale ed orizzontale,Pioggia in atto,Scarso,Sufficiente,Sufficiente,1,0,0,2,NA,NA
23,02/01/2014 02.15.00,Strada Urbana,in prossimità,del palo luce n.,Veicolo in marcia contro ostacolo accidentale,Due carreggiate,Bagnato (pioggia),Asfaltata,Orizzontale,Pioggia in atto,Scarso,Sufficiente,Sufficiente,0,0,0,1,NA,376
23,02/01/2014 02.16.00,Strada Urbana,in prossimità,del palo luce n.,Veicolo in marcia contro ostacolo accidentale,Due carreggiate,Bagnato (pioggia),Asfaltata,Orizzontale,Pioggia in atto,Scarso,Sufficiente,Sufficiente,1,0,0,0,NA,376
12,02/01/2014 02.25.00,Strada Urbana,da specificare,NA,Veicolo in marcia contro ostacolo fisso,Una carreggiata a senso unico di marcia,Bagnato (pioggia),Asfaltata,Verticale ed orizzontale,Pioggia in atto,Scarso,Buona,Sufficiente,0,0,0,1,"direzione Fiumicino, altezza Ponte del Tevere",NA
12,02/01/2014 02.25.00,Strada Urbana,da specificare,NA,Veicolo in marcia contro ostacolo fisso,Una carreggiata a senso unico di marcia,Bagnato (pioggia),Asfaltata,Verticale ed orizzontale,Pioggia in atto,Scarso,Buona,Sufficiente,0,0,0,1,dir. Fiumicino alt. ponte sul Tevere,NA
9,02/01/2014 03.00.00,Strada Urbana,all'intersezione con,VIA ORAZIO RAIMONDO,Scontro frontale/laterale SX fra veicoli in marcia,Una carreggiata a doppio senso,Bagnato (pioggia),Asfaltata,Verticale ed orizzontale,Pioggia in atto,Scarso,Sufficiente,Sufficiente,4,0,0,1,NA,NA