Gruppo,DataOraIncidente,Localizzazione1,Localizzazione2,Strada02,NaturaIncidente,TipoStrada,FondoStradale,Pavimentazione,Segnaletica,CondizioneAtmosferica,Traffico,Visibilita,Illuminazione,NUM_FERITI,NUM_RISERVATA,NUM_MORTI,NUM_ILLESI,DaSpecificare,Chilometrica
11,02/01/2014 03.15.00,Strada Urbana,in prossimità,del civico n.,Veicolo in marcia contro ostacolo accidentale,Una carreggiata a doppio senso,Bagnato (umidità in atto),Asfaltata,Verticale ed orizzontale,Nuvoloso,Scarso,Sufficiente,Sufficiente,0,0,0,3,NA,198
13,02/01/2014 03.20.00,Strada Urbana,in prossimità,del civico n.,Veicolo in marcia contro ostacolo accidentale,Una carreggiata a doppio senso,Bagnato (pioggia),Asfaltata,Verticale ed orizzontale,Sereno,Scarso,Sufficiente,Sufficiente,0,0,0,3,NA,284
23,02/01/2014 04.00.00,Strada Urbana,in prossimità,del civico n.,Veicolo in marcia contro ostacolo accidentale,Una carreggiata a doppio senso,Bagnato (umidità in atto),Asfaltata,Assente,Nuvoloso,Scarso,Sufficiente,Inesistente,0,0,0,2,NA,92
3,02/01/2014 04.00.00,Strada Urbana,all'intersezione con,VIA POGGI D'ORO,Scontro frontale/laterale SX fra veicoli in marcia,Una carreggiata a senso unico di marcia,Bagnato (umidità in atto),Asfaltata,Verticale ed orizzontale,Nuvoloso,Scarso,Buona,Sufficiente,0,0,0,5,NA,NA
19,02/01/2014 04.40.00,Strada Urbana,in prossimità,del civico n. ,Veicolo in marcia contro ostacolo accidentale,Una carreggiata a doppio senso,Bagnato (pioggia),Asfaltata,Orizzontale,Pioggia in atto,Normale,Insufficiente,Insufficiente,0,0,0,1,NA,10822
12,02/01/2014 04.40.00,Strada Urbana,all'intersezione con,VIA CRISTOFORO COLOMBO,Investimento di pedone,Più di due carreggiate,Bagnato (umidità in atto),Asfaltata,Verticale ed orizzontale,Nuvoloso,Scarso,Buona,Sufficiente,2,0,0,3,NA,NA
2,02/01/2014 05.00.00,Strada Urbana,da specificare,NA,Veicolo in marcia contro ostacolo fisso,Due carreggiate,Bagnato (umidità in atto),Asfaltata,Verticale ed orizzontale,Nuvoloso,Scarso,Sufficiente,Sufficiente,0,0,0,2,Corso d'Italia direzione Piazza Fiume,NA
2,02/01/2014 05.00.00,Strada Urbana,da specificare,NA,Veicolo in marcia contro veicoli in arresto,Due carreggiate,Bagnato (pioggia),Asfaltata,Verticale ed orizzontale,Pioggia in atto,Normale,Buona,Sufficiente,3,0,0,0,Corso d'Italia dir. Piazza Fiume,NA
13,02/01/2014 05.00.00,Strada Urbana,da specificare,NA,Veicolo in marcia contro ostacolo accidentale,Una carreggiata a doppio senso,Bagnato (umidità in atto),Asfaltata,Verticale ed orizzontale,Nuvoloso,Scarso,Sufficiente,Inesistente,0,0,0,1,"Km 15,900 della Via del Mare",NA
13,02/01/2014 05.00.00,Strada Urbana,da specificare,NA,Veicolo in marcia contro ostacolo accidentale,Una carreggiata a doppio senso,Bagnato (pioggia),Asfaltata,Verticale ed orizzontale,Pioggia in atto,Scarso,Insufficiente,Insufficiente,0,0,0,1,"Km 15,900 della Via del Mare",NA
13,02/01/2014 05.05.00,Strada Urbana,da specificare,NA,Veicolo in marcia contro ostacolo accidentale,Una carreggiata a doppio senso,Bagnato (umidità in atto),Asfaltata,Verticale ed orizzontale,Nuvoloso,Scarso,Insufficiente,Insufficiente,0,0,0,1,"Km 15,900 della Via del Mare",NA
13,02/01/2014 05.05.00,Strada Urbana,da specificare,NA,Veicolo in marcia contro ostacolo accidentale,Una carreggiata a doppio senso,Bagnato (pioggia),Asfaltata,Verticale ed orizzontale,Pioggia in atto,Scarso,Insufficiente,Insufficiente,0,0,0,1,"Km 15,900 della via del mare",NA
13,02/01/2014 05.10.00,Strada Urbana,da specificare,NA,Veicolo in marcia contro ostacolo accidentale,Una carreggiata a doppio senso,Bagnato (pioggia),Asfaltata,Verticale ed orizzontale,Pioggia in atto,Scarso,Insufficiente,Insufficiente,0,0,0,1,"Km 15,900 della Via del Mare",NA
8,02/01/2014 05.30.00,Strada Urbana,da specificare,NA,Veicolo in marcia contro ostacolo accidentale,Una carreggiata a senso unico di marcia,Bagnato (pioggia),Con buche,Verticale ed orizzontale,Pioggia in atto,Scarso,Sufficiente,Sufficiente,0,0,0,1,prossimita viale della Sorbona dir. PTV,NA
12,02/01/2014 05.45.00,Strada Urbana,all'intersezione semaforizzata con,VIALE AMERICA,Veicolo in marcia contro ostacolo fisso,Due carreggiate,Bagnato (pioggia),Asfaltata,Verticale ed orizzontale,Pioggia in atto,Scarso,Sufficiente,Sufficiente,2,0,0,0,NA,NA
1,02/01/2014 05.45.00,Strada Urbana,da specificare,NA,Scontro laterale fra veicoli in marcia,Una carreggiata a doppio senso,Bagnato (pioggia),Asfaltata,Verticale ed orizzontale,Pioggia in atto,Scarso,Buona,Sufficiente,1,0,0,1,IN CORRISPONDENZA PIAZZA PORTA METRONIA,NA
6,02/01/2014 06.10.00,Strada Urbana,all'intersezione semaforizzata con,VIA TOR DE' SCHIAVI,Scontro frontale/laterale SX fra veicoli in marcia,Più di due carreggiate,Bagnato (pioggia),Asfaltata,Verticale ed orizzontale,Nuvoloso,Normale,Sufficiente,Sufficiente,1,0,0,1,NA,NA
11,02/01/2014 06.30.00,Strada Urbana,all'intersezione semaforizzata con,PIAZZA DEI NAVIGATORI,Veicolo in marcia contro ostacolo fisso,Più di due carreggiate,Bagnato (pioggia),Asfaltata,Verticale ed orizzontale,Nuvoloso,Normale,Buona,Sufficiente,0,0,0,1,NA,NA
13,02/01/2014 06.30.00,Strada Urbana,in corrispondenza,del civico n.,Veicolo in marcia contro ostacolo accidentale,Una carreggiata a senso unico di marcia,Bagnato (pioggia),Con buche,Assente,Nuvoloso,Scarso,Buona,Sufficiente,0,0,0,2,NA,2161
11,02/01/2014 07.00.00,Strada Urbana,all'intersezione semaforizzata con,VIA ATTILIO AMBROSINI,Scontro frontale/laterale SX fra veicoli in marcia,Due carreggiate,Bagnato (pioggia),Asfaltata,Verticale ed orizzontale,Pioggia in atto,Scarso,Buona,Ore Diurne,0,0,0,2,NA,NA
8,02/01/2014 07.00.00,Strada Urbana,da specificare,NA,Veicolo in marcia contro ostacolo accidentale,Una carreggiata a doppio senso,Bagnato (pioggia),Con buche,Assente,Nuvoloso,Scarso,Sufficiente,Sufficiente,0,0,0,1,ca 200mt prima del civico 69,NA
5,02/01/2014 07.40.00,Strada Urbana,da specificare,NA,Veicolo in marcia contro ostacolo fisso,Due carreggiate,Bagnato (umidità in atto),Asfaltata,Verticale ed orizzontale,Nuvoloso,Normale,Buona,Ore Diurne,1,0,0,1,altezza mercato via Comte,NA
12,02/01/2014 08.00.00,Comunale extraurbana,in prossimità,della chilometrica,Veicolo in marcia contro ostacolo accidentale,Una carreggiata a doppio senso,Bagnato (pioggia),Con buche,Verticale ed orizzontale,Pioggia in atto,Normale,Buona,Ore Diurne,0,0,0,1,NA,12.9
18,02/01/2014 08.40.00,Strada Urbana,all'intersezione con,VIA VEZIO CRISAFULLI,Scontro laterale fra veicoli in marcia,Una carreggiata a doppio senso,Bagnato (pioggia),Asfaltata,Verticale ed orizzontale,Pioggia in atto,Normale,Buona,Ore Diurne,0,0,0,3,NA,NA
8,02/01/2014 09.00.00,Strada Urbana,da specificare,NA,Scontro laterale fra veicoli in marcia,Una carreggiata a senso unico di marcia,Bagnato (umidità in atto),Asfaltata,Verticale ed orizzontale,Nuvoloso,Scarso,Buona,Ore Diurne,0,0,0,2,altezza ufficio postale,NA
1,02/01/2014 09.00.00,Strada Urbana,all'intersezione con,PIAZZA DELLA CONSOLAZIONE,Veicolo in marcia contro ostacolo fisso,Una carreggiata a senso unico di marcia,Bagnato (pioggia),In cubetti di porfido,Verticale ed orizzontale,Pioggia in atto,Scarso,Buona,Ore Diurne,0,0,0,1,NA,NA
18,02/01/2014 09.00.00,Strada Urbana,all'intersezione semaforizzata con,VIA DI TORREVECCHIA,Scontro laterale fra veicoli in marcia,Due carreggiate,Bagnato (umidità in atto),Asfaltata,Verticale ed orizzontale,Nuvoloso,Normale,Sufficiente,Ore Diurne,0,0,0,2,NA,NA
13,02/01/2014 09.00.00,Strada Urbana,in corrispondenza,del civico n.,Veicolo in marcia contro ostacolo accidentale,Una carreggiata a senso unico di marcia,Bagnato (pioggia),Con buche,Assente,Nuvoloso,Normale,Buona,Ore Diurne,0,0,0,1,NA,21
8,02/01/2014 09.15.00,Strada Urbana,all'intersezione con,VIA FANTINO TAGLIETTI,Scontro frontale/laterale DX fra veicoli in marcia,Una carreggiata a senso unico di marcia,Bagnato (umidità in atto),Asfaltata,Verticale,Nuvoloso,Scarso,Sufficiente,Sufficiente,0,0,0,3,NA,NA
2,02/01/2014 09.15.00,Strada Urbana,in corrispondenza,del palo luce n.,Veicolo in marcia contro ostacolo accidentale,Due carreggiate,Bagnato (umidità in atto),Con buche,Orizzontale,Nuvoloso,Normale,Buona,Ore Diurne,0,0,0,1,NA,4
2,02/01/2014 09.17.00,Strada Urbana,in corrispondenza,del palo luce n.,Veicolo in marcia contro ostacolo accidentale,Due carreggiate,Bagnato (umidità in atto),Con buche,Orizzontale,Nuvoloso,Normale,Buona,Ore Diurne,0,0,0,2,NA,4
2,02/01/2014 09.18.00,Strada Urbana,in corrispondenza,del palo luce n.,Veicolo in marcia contro ostacolo accidentale,Due carreggiate,Bagnato (umidità in atto),Con buche,Orizzontale,Nuvoloso,Normale,Buona,Ore Diurne,0,0,0,1,NA,4
2,02/01/2014 09.20.00,Strada Urbana,in corrispondenza,del civico n.,Veicolo in marcia contro ostacolo accidentale,Due carreggiate,Bagnato (umidità in atto),Con buche,Orizzontale,Nuvoloso,Normale,Buona,Ore Diurne,0,0,0,1,NA,4
1,02/01/2014 09.20.00,Strada Urbana,all'intersezione semaforizzata con,PONTE PRINCIPE AMEDEO SAVOIA AOSTA,Tamponamento Multiplo,Una carreggiata a doppio senso,Bagnato (umidità in atto),Asfaltata,Verticale ed orizzontale,Nuvoloso,Normale,Buona,Ore Diurne,3,0,0,3,NA,NA
7,02/01/2014 09.30.00,Strada Urbana,in prossimità,del civico n. ,Veicolo in marcia contro ostacolo accidentale,Una carreggiata a doppio senso,Bagnato (pioggia),Con buche,Assente,Nuvoloso,Normale,Buona,Ore Diurne,0,0,0,1,NA,77
12,02/01/2014 10.00.00,Regionale entro l'abitato,da specificare,NA,Veicolo in marcia contro ostacolo accidentale,Due carreggiate,Bagnato (pioggia),Con buche,Verticale ed orizzontale,Pioggia in atto,Normale,Buona,Ore Diurne,0,0,0,1,"km 19,200 dir. Pomezia (la Ventola)",NA
20,02/01/2014 10.00.00,Strada Urbana,in prossimità,del civico n.,Veicolo in marcia contro ostacolo accidentale,Una carreggiata a doppio senso,Bagnato (pioggia),Asfaltata,Verticale ed orizzontale,Nuvoloso,Normale,Buona,Ore Diurne,0,0,0,2,NA,F.C. 270
20,02/01/2014 10.00.00,Strada Urbana,in prossimità,del civico n.,Veicolo in marcia contro ostacolo accidentale,Una carreggiata a doppio senso,Bagnato (pioggia),Asfaltata,Verticale ed orizzontale,Nuvoloso,Normale,Buona,Ore Diurne,0,0,0,1,NA,f.c. 270
2,02/01/2014 10.05.00,Strada Urbana,in corrispondenza,del civico n.,Veicolo in marcia contro ostacolo accidentale,Due carreggiate,Bagnato (umidità in atto),Con buche,Orizzontale,Sereno,Normale,Buona,Ore Diurne,0,0,0,1,NA,4
2,02/01/2014 10.15.00,Strada Urbana,in corrispondenza,del civico n.,Veicolo in marcia contro ostacolo accidentale,Due carreggiate,Bagnato (umidità in atto),Con buche,Orizzontale,Sereno,Normale,Buona,Ore Diurne,0,0,0,1,NA,4
10,02/01/2014 10.15.00,Strada Urbana,da specificare,NA,Veicolo in marcia contro ostacolo accidentale,Una carreggiata a doppio senso,Bagnato (pioggia),Asfaltata,Assente,Nuvoloso,Normale,Buona,Ore Diurne,0,0,0,1,fronte civico 137,NA
12,02/01/2014 10.30.00,Statale entro l'abitato,in prossimità,della chilometrica,Veicolo in marcia contro ostacolo accidentale,Due carreggiate,Bagnato (pioggia),Con buche,Verticale ed orizzontale,Pioggia in atto,Normale,Buona,Ore Diurne,0,0,0,1,NA,13
1,02/01/2014 10.30.00,Strada Urbana,in prossimità,del civico n.,Investimento di pedone,Una carreggiata a senso unico di marcia,Bagnato (umidità in atto),In cubetti di porfido,Verticale ed orizzontale,Nuvoloso,Normale,Buona,Ore Diurne,0,0,0,2,NA,3
12,02/01/2014 11.00.00,Strada Urbana,da specificare,NA,Veicolo in marcia contro ostacolo accidentale,Due carreggiate,Bagnato (pioggia),Asfaltata,Verticale ed orizzontale,Pioggia in atto,Normale,Buona,Ore Diurne,0,0,0,1,sottovia Laurentina dir. via C. Colombo,NA
4,02/01/2014 11.00.00,Strada Urbana,in prossimità,del civico n. ,Veicolo in marcia contro ostacolo accidentale,Una carreggiata a senso unico di marcia,Bagnato (pioggia),Asfaltata,Temporanea di cantiere,Nuvoloso,Normale,Buona,Ore Diurne,0,0,0,1,NA,180
16,02/01/2014 11.00.00,Strada Urbana,in prossimità,del civico n. ,Veicolo in marcia contro ostacolo accidentale,Una carreggiata a doppio senso,Bagnato (pioggia),Asfaltata,Orizzontale,Pioggia in atto,Normale,Sufficiente,Ore Diurne,0,0,0,1,NA,60
12,02/01/2014 11.00.00,Strada Urbana,da specificare,NA,Veicolo in marcia contro ostacolo accidentale,Una carreggiata a senso unico di marcia,Bagnato (pioggia),Con buche,Verticale ed orizzontale,Pioggia in atto,Normale,Buona,Ore Diurne,0,0,0,1,altezza ingresso parcheggio Metro Laurentina,NA
8,02/01/2014 11.00.00,Strada Urbana,in prossimità,del civico n.,Veicolo in marcia contro ostacolo accidentale,Una carreggiata a doppio senso,Asciutto,Con buche,Verticale ed orizzontale,Nuvoloso,Normale,Buona,Ore Diurne,0,0,0,1,NA,81
19,02/01/2014 11.00.00,Strada Urbana,all'intersezione con,VIA SEBASTIANO VINCI,Veicolo in marcia contro ostacolo fisso,Una carreggiata a doppio senso,Bagnato (pioggia),Asfaltata,Orizzontale,Pioggia in atto,Normale,Buona,Ore Diurne,0,0,0,1,NA,NA
16,02/01/2014 11.05.00,Strada Urbana,in prossimità,del civico n. ,Veicolo in marcia contro ostacolo accidentale,Una carreggiata a doppio senso,Bagnato (pioggia),Asfaltata,Orizzontale,Pioggia in atto,Normale,Sufficiente,Ore Diurne,0,0,0,1,NA,60
16,02/01/2014 11.10.00,Strada Urbana,in prossimità,del civico n. ,Veicolo in marcia contro ostacolo accidentale,Una carreggiata a doppio senso,Bagnato (pioggia),Asfaltata,Orizzontale,Pioggia in atto,Intenso,Sufficiente,Ore Diurne,0,0,0,1,NA,60
5,02/01/2014 11.10.00,Strada Urbana,all'intersezione con,VIA POPILIA,Scontro frontale/laterale SX fra veicoli in marcia,Una carreggiata a doppio senso,Bagnato (umidità in atto),Asfaltata,Verticale ed orizzontale,Pioggia in atto,Scarso,Buona,Ore Diurne,1,0,0,2,NA,NA
17,02/01/2014 11.30.00,Strada Urbana,all'intersezione con,VIA DELLA CAMILLUCCIA,Scontro laterale fra veicoli in marcia,Una carreggiata a senso unico di marcia,Bagnato (pioggia),Asfaltata,Orizzontale,Nuvoloso,Intenso,Buona,Ore Diurne,0,0,0,3,NA,NA
8,02/01/2014 12.00.00,Strada Urbana,in prossimità,del civico n. ,Veicolo in marcia contro ostacolo accidentale,Una carreggiata a doppio senso,Bagnato (pioggia),Con buche,Assente,Nuvoloso,Normale,Buona,Ore Diurne,0,0,0,1,NA,59
12,02/01/2014 12.10.00,Regionale,da specificare,NA,Scontro laterale fra veicoli in marcia,Due carreggiate,Bagnato (pioggia),Con buche,Verticale ed orizzontale,Pioggia in atto,Normale,Buona,Ore Diurne,0,0,0,2,"direzione roma centro alt. km. 25,800",NA
5,02/01/2014 12.10.00,Strada Urbana,all'intersezione con,VIA DI TOR CERVARA,Scontro laterale fra veicoli in marcia,Una carreggiata a doppio senso,Asciutto,Asfaltata,Verticale,Nuvoloso,Normale,Buona,Ore Diurne,1,0,0,1,NA,NA
8,02/01/2014 12.15.00,Strada Urbana,in prossimità,del civico n. ,Veicolo in marcia contro ostacolo accidentale,Una carreggiata a doppio senso,Bagnato (pioggia),Con buche,Verticale ed orizzontale,Nuvoloso,Normale,Buona,Ore Diurne,0,0,0,1,NA,81
11,02/01/2014 12.20.00,Strada Urbana,all'intersezione con,VIA DEI CADUTI SENZA CROCE,Scontro frontale/laterale DX fra veicoli in marcia,Due carreggiate,Bagnato (pioggia),Asfaltata,Verticale ed orizzontale,Pioggia in atto,Scarso,Buona,Ore Diurne,0,0,0,3,NA,NA
8,02/01/2014 12.30.00,Provinciale,da specificare,NA,Veicolo in marcia contro ostacolo fisso,Una carreggiata a doppio senso,Asciutto,Con buche,Verticale ed orizzontale,Nuvoloso,Scarso,Buona,Ore Diurne,0,0,0,1,"altezza km. 0,500",NA
1,02/01/2014 12.30.00,Strada Urbana,in prossimità,del civico n.,Scontro laterale fra veicoli in marcia,Una carreggiata a senso unico di marcia,Bagnato (pioggia),In cubetti di porfido,Verticale ed orizzontale,Pioggia in atto,Scarso,Buona,Ore Diurne,0,0,0,2,NA,45
10,02/01/2014 12.30.00,Strada Urbana,in prossimità,del civico n.,Veicolo in marcia contro veicolo arresto,Due carreggiate,Asciutto,Asfaltata,Verticale ed orizzontale,Sereno,Normale,Buona,Ore Diurne,0,0,0,2,NA,1009
8,02/01/2014 12.45.00,Provinciale,da specificare,NA,Veicolo in marcia contro ostacolo fisso,Una carreggiata a doppio senso,Asciutto,Con buche,Verticale ed orizzontale,Nuvoloso,Scarso,Buona,Ore Diurne,0,0,0,1,"altezza km0,500",NA
1,02/01/2014 13.00.00,Strada Urbana,all'intersezione semaforizzata con,VIALE DELLA PIRAMIDE CESTIA,Veicolo in marcia contro veicolo in sosta,Una carreggiata a senso unico di marcia,Bagnato (pioggia),Asfaltata,Verticale ed orizzontale,Pioggia in atto,Normale,Buona,Ore Diurne,0,0,0,1,NA,NA
12,02/01/2014 13.00.00,Strada Urbana,da specificare,NA,Veicolo in marcia contro ostacolo accidentale,Una carreggiata a doppio senso,Bagnato (pioggia),Con buche,Verticale ed orizzontale,Pioggia in atto,Normale,Insufficiente,Sufficiente,0,0,0,1,prossimità via Eroi difesa di Roma ,NA
1,02/01/2014 13.10.00,Strada Urbana,all'intersezione con,VIA CAIROLI,Scontro frontale/laterale SX fra veicoli in marcia,Una carreggiata a senso unico di marcia,Bagnato (pioggia),Asfaltata,Verticale ed orizzontale,Nuvoloso,Normale,Buona,Ore Diurne,1,0,0,1,NA,NA
19,02/01/2014 13.20.00,Strada Urbana,in corrispondenza,del civico n. ,Scontro frontale/laterale SX fra veicoli in marcia,Una carreggiata a doppio senso,Bagnato (umidità in atto),Asfaltata,Orizzontale,Nuvoloso,Normale,Buona,Ore Diurne,1,0,0,2,NA,619.A
1,02/01/2014 13.30.00,Strada Urbana,in prossimità,del civico n.,Veicolo in marcia contro veicoli in sosta,Una carreggiata a senso unico di marcia,Bagnato (pioggia),Acciotolata,Verticale ed orizzontale,Pioggia in atto,Normale,Buona,Ore Diurne,0,0,0,1,NA,fc/31
12,02/01/2014 13.30.00,Strada Urbana,da specificare,NA,Veicolo in marcia contro ostacolo accidentale,Una carreggiata a senso unico di marcia,Bagnato (pioggia),Asfaltata,Verticale ed orizzontale,Nuvoloso,Scarso,Buona,Ore Diurne,0,0,0,1,sottovia Laurentina dir. V.C.Colombo,NA
9,02/01/2014 13.30.00,Strada Urbana,in corrispondenza,del civico n.,Veicolo in marcia contro veicolo in sosta,Una carreggiata a doppio senso,Bagnato (pioggia),Asfaltata,Assente,Pioggia in atto,Scarso,Buona,Ore Diurne,0,0,0,1,NA,12
8,02/01/2014 13.30.00,Strada Urbana,in corrispondenza,del civico n. ,Veicolo in marcia contro ostacolo accidentale,Una carreggiata a doppio senso,Bagnato (pioggia),Strada pavimentata dissestata,Assente,Nuvoloso,Scarso,Buona,Ore Diurne,0,0,0,1,NA,56
8,02/01/2014 13.40.00,Provinciale,da specificare,NA,Veicolo in marcia contro ostacolo fisso,Una carreggiata a doppio senso,Asciutto,Con buche,Verticale ed orizzontale,Nuvoloso,Scarso,Buona,Ore Diurne,0,0,0,1,"altezza km 0,500",NA
19,02/01/2014 13.50.00,Strada Urbana,in corrispondenza,del civico n.,Scontro frontale fra veicoli in marcia,Una carreggiata a doppio senso,Bagnato (pioggia),Asfaltata,Verticale ed orizzontale,Pioggia in atto,Normale,Buona,Ore Diurne,1,0,0,1,NA,262
12,02/01/2014 14.20.00,Regionale,in prossimità,della chilometrica,Veicolo in marcia contro ostacolo accidentale,Due carreggiate,Bagnato (pioggia),Con buche,Verticale ed orizzontale,Pioggia in atto,Normale,Buona,Ore Diurne,0,0,0,1,NA,13.8
12,02/01/2014 14.20.00,Regionale,in prossimità,della chilometrica,Veicolo in marcia contro ostacolo accidentale,Due carreggiate,Bagnato (pioggia),Con buche,Verticale ed orizzontale,Pioggia in atto,Intenso,Buona,Ore Diurne,0,0,0,1,NA,13.8
8,02/01/2014 14.20.00,Provinciale,da specificare,NA,Veicolo in marcia contro ostacolo fisso,Una carreggiata a doppio senso,Asciutto,Con buche,Verticale ed orizzontale,Nuvoloso,Scarso,Buona,Ore Diurne,0,0,0,1,"altezza km 0,500",NA
4,02/01/2014 14.20.00,Provinciale entro l'abitato,in prossimità,del civico n. ,Investimento di pedone,Una carreggiata a doppio senso,Bagnato (pioggia),Asfaltata,Orizzontale,Nuvoloso,Normale,Buona,Ore Diurne,0,0,0,3,NA,468/a
13,02/01/2014 14.30.00,Strada Urbana,da specificare,NA,Veicolo in marcia contro ostacolo accidentale,Una carreggiata a doppio senso,Bagnato (pioggia),Asfaltata,Verticale,Pioggia in atto,Scarso,Buona,Ore Diurne,0,0,0,1,in prossimità di Via Giulio Quirino Giglioli,NA
18,02/01/2014 14.30.00,Strada Urbana,in prossimità,del civico n.,Veicolo in marcia contro ostacolo accidentale,Due carreggiate,Bagnato (pioggia),Con buche,Verticale ed orizzontale,Pioggia in atto,Normale,Buona,Ore Diurne,0,0,0,2,NA,561
18,02/01/2014 14.30.00,Strada Urbana,in prossimità,del civico n.,Veicolo in marcia contro ostacolo accidentale,Due carreggiate,Bagnato (pioggia),Con buche,Verticale ed orizzontale,Pioggia in atto,Normale,Buona,Ore Diurne,0,0,0,1,NA,561
10,02/01/2014 14.30.00,Strada Urbana,all'intersezione semaforizzata con,VIA QUINTO PUBLICIO,Scontro frontale/laterale DX fra veicoli in marcia,Due carreggiate,Asciutto,Asfaltata,Verticale ed orizzontale,Nuvoloso,Scarso,Buona,Ore Diurne,1,0,0,1,NA,NA
9,02/01/2014 14.30.00,Strada Urbana,in prossimità,del civico n.,Scontro frontale/laterale SX fra veicoli in marcia,Una carreggiata a doppio senso,Bagnato (pioggia),Asfaltata,Orizzontale,Pioggia in atto,Scarso,Buona,Ore Diurne,0,0,0,3,NA,124
12,02/01/2014 14.50.00,Regionale,da specificare,NA,Veicolo in marcia contro ostacolo accidentale,Due carreggiate,Bagnato (pioggia),Asfaltata,Verticale ed orizzontale,Pioggia in atto,Normale,Buona,Ore Diurne,0,0,0,2,"direzione Pomezia in prox della km 13,800",NA
20,02/01/2014 15.00.00,Strada Urbana,da specificare,NA,Fuoriuscita dalla sede stradale,Una carreggiata a senso unico di marcia,Bagnato (pioggia),Asfaltata,Verticale ed orizzontale,Nuvoloso,Scarso,Sufficiente,Ore Diurne,1,0,0,0,altezza km 1.3,NA
9,02/01/2014 15.00.00,Strada Urbana,in corrispondenza,del civico n.,Tamponamento,Due carreggiate,Bagnato (pioggia),Asfaltata,Assente,Pioggia in atto,Normale,Sufficiente,Ore Diurne,0,0,0,3,NA,654
19,02/01/2014 15.05.00,Strada Urbana,in prossimità,del civico n. ,Veicolo in marcia contro ostacolo accidentale,Una carreggiata a doppio senso,Bagnato (pioggia),Con buche,Orizzontale,Pioggia in atto,Normale,Buona,Ore Diurne,0,0,0,1,NA,580
4,02/01/2014 15.10.00,Statale entro l'abitato,da specificare,NA,Veicolo in marcia contro ostacolo accidentale,Due carreggiate,Asciutto,Con buche,Orizzontale,Nuvoloso,Normale,Buona,Ore Diurne,0,0,0,2,"c.a. 30 mt dopo via Prati Fiscali, direzione Rieti",NA
11,02/01/2014 15.30.00,Strada Urbana,all'intersezione con,VIA FRANCESCO PASSINO,Scontro frontale fra veicoli in marcia,Due carreggiate,Bagnato (pioggia),Asfaltata,Verticale ed orizzontale,Nuvoloso,Scarso,Buona,Ore Diurne,0,0,0,3,NA,NA
2,02/01/2014 15.30.00,Strada Urbana,da specificare,NA,Veicolo in marcia contro ostacolo fisso,Una carreggiata a doppio senso,Bagnato (umidità in atto),Asfaltata,Temporanea di cantiere,Nuvoloso,Scarso,Buona,Ore Diurne,0,0,0,1,alt. via Polonia,NA
13,02/01/2014 15.40.00,Strada Urbana,da specificare,NA,Veicolo in marcia contro ostacolo accidentale,Una carreggiata a doppio senso,Bagnato (pioggia),Asfaltata,Verticale ed orizzontale,Nuvoloso,Normale,Sufficiente,Ore Diurne,0,0,0,1,in prossimità di Via dei Pescatori,NA
19,02/01/2014 15.50.00,Strada Urbana,in prossimità,del civico n. ,Scontro laterale fra veicoli in marcia,Una carreggiata a doppio senso,Bagnato (pioggia),Asfaltata,Assente,Pioggia in atto,Scarso,Buona,Ore Diurne,0,0,0,3,NA,73
12,02/01/2014 16.05.00,Provinciale entro l'abitato,da specificare,NA,Veicolo in marcia contro ostacolo accidentale,Due carreggiate,Bagnato (pioggia),Con buche,Verticale ed orizzontale,Pioggia in atto,Normale,Buona,Ore Diurne,0,0,0,3,km 9.500,NA
4,02/01/2014 16.10.00,Strada Urbana,in prossimità,del civico n.,Scontro laterale fra veicoli in marcia,Una carreggiata a senso unico di marcia,Asciutto,Asfaltata,Assente,Nuvoloso,Scarso,Buona,Ore Diurne,1,0,0,1,NA,10
8,02/01/2014 16.10.00,Strada Urbana,da specificare,NA,Veicolo in marcia contro ostacolo accidentale,Una carreggiata a doppio senso,Bagnato (umidità in atto),Asfaltata,Verticale ed orizzontale,Nuvoloso,Normale,Buona,Ore Diurne,0,0,0,1,100 mt prima del civico 81,NA
12,02/01/2014 16.15.00,Strada Urbana,in prossimità,del civico n.,Veicolo in marcia contro ostacolo accidentale,Una carreggiata a doppio senso,Bagnato (pioggia),Asfaltata,Orizzontale,Pioggia in atto,Normale,Buona,Sufficiente,0,0,0,2,NA,121
19,02/01/2014 16.20.00,Strada Urbana,all'intersezione con,VIA ROMEO RODRIGUEZ PEREIRA,Tamponamento,Una carreggiata a doppio senso,Bagnato (pioggia),Asfaltata,Orizzontale,Pioggia in atto,Normale,Buona,Sufficiente,1,0,0,1,NA,NA
13,02/01/2014 16.30.00,Altra strada,da specificare,NA,Investimento di pedone,Due carreggiate,Bagnato (pioggia),Asfaltata,Assente,Pioggia in atto,Scarso,Buona,Ore Diurne,1,0,0,1,"interno area privata parcheggio ""Risparmio Casa""",NA