Gruppo,DataOraIncidente,Localizzazione1,Localizzazione2,Strada02,NaturaIncidente,TipoStrada,FondoStradale,Pavimentazione,Segnaletica,CondizioneAtmosferica,Traffico,Visibilita,Illuminazione,NUM_FERITI,NUM_RISERVATA,NUM_MORTI,NUM_ILLESI,DaSpecificare,Chilometrica
8,02/02/2014 06.15.00,Strada Urbana,da specificare,NA,Veicolo in marcia contro ostacolo accidentale,Una carreggiata a doppio senso,Bagnato (pioggia),Strada pavimentata dissestata,Verticale,Pioggia in atto,Normale,Buona,Sufficiente,1,0,0,0,altezza Via Salemi,NA
4,02/02/2014 06.15.00,Statale entro l'abitato,da specificare,NA,Veicolo in marcia contro ostacolo accidentale,Due carreggiate,Bagnato (pioggia),Con buche,Orizzontale,Pioggia in atto,Scarso,Sufficiente,Ore Diurne,0,0,0,1,in prossimità di via Prato della Signora,NA
6,02/02/2014 06.45.00,Provinciale entro l'abitato,all'intersezione semaforizzata con,VIA PRENESTINA,Scontro frontale/laterale DX fra veicoli in marcia,Più di due carreggiate,Bagnato (pioggia),Asfaltata,Verticale ed orizzontale,Pioggia in atto,Scarso,Sufficiente,Sufficiente,2,0,0,0,NA,NA
4,02/02/2014 08.00.00,Strada Urbana,all'intersezione con,VIA DEI PRATI FISCALI,Veicolo in marcia contro ostacolo fisso,Due carreggiate,Bagnato (pioggia),Con buche,Orizzontale,Pioggia in atto,Scarso,Buona,Ore Diurne,0,0,0,1,NA,NA
3,02/02/2014 08.45.00,Strada Urbana,all'intersezione con,VIALE DELL'UNIVERSITA',Scontro frontale/laterale DX fra veicoli in marcia,Una carreggiata a doppio senso,Bagnato (pioggia),Asfaltata,Verticale ed orizzontale,Pioggia in atto,Scarso,Buona,Ore Diurne,0,0,0,2,NA,NA
8,02/02/2014 08.50.00,Strada Urbana,in corrispondenza,del civico n.,Veicolo in marcia contro ostacolo accidentale,Una carreggiata a senso unico di marcia,Bagnato (pioggia),Con buche,Verticale ed orizzontale,Pioggia in atto,Scarso,Buona,Ore Diurne,0,0,0,4,NA,55
17,02/02/2014 09.30.00,Strada Urbana,all'intersezione con,VIA GERMANICO,Scontro frontale/laterale SX fra veicoli in marcia,Una carreggiata a senso unico di marcia,Bagnato (pioggia),Asfaltata,Verticale ed orizzontale,Pioggia in atto,Scarso,Sufficiente,Ore Diurne,0,0,0,2,NA,NA
8,02/02/2014 10.00.00,Strada Urbana,in prossimità,del civico n. ,Veicolo in marcia contro ostacolo accidentale,Una carreggiata a senso unico di marcia,Bagnato (pioggia),In cubetti di porfido,Orizzontale,Pioggia in atto,Normale,Buona,Ore Diurne,0,0,0,1,NA,21
12,02/02/2014 10.00.00,Provinciale,in prossimità,del civico n.,Veicolo in marcia contro ostacolo accidentale,Una carreggiata a doppio senso,Bagnato (pioggia),Con buche,Temporanea di cantiere,Pioggia in atto,Scarso,Sufficiente,Ore Diurne,0,0,0,1,NA,15
10,02/02/2014 10.40.00,Statale entro l'abitato,in corrispondenza,del civico n. ,Scontro laterale fra veicoli in marcia,Due carreggiate,Bagnato (pioggia),Asfaltata,Assente,Pioggia in atto,Scarso,Sufficiente,Ore Diurne,0,0,0,2,NA,853
13,02/02/2014 11.00.00,Strada Urbana,in corrispondenza,del civico n.,Scontro laterale fra veicoli in marcia,Una carreggiata a senso unico di marcia,Bagnato (pioggia),Asfaltata,Verticale ed orizzontale,Pioggia in atto,Scarso,Buona,Ore Diurne,0,0,0,2,NA,303
12,02/02/2014 11.40.00,Strada Urbana,da specificare,NA,Veicolo in marcia contro ostacolo accidentale,Una carreggiata a doppio senso,Bagnato (pioggia),Con buche,Verticale ed orizzontale,Pioggia in atto,Normale,Buona,Ore Diurne,0,0,0,2,"fronte civico, 15",NA
9,02/02/2014 11.45.00,Strada Urbana,da specificare,NA,Scontro laterale fra veicoli in marcia,Due carreggiate,Bagnato (pioggia),Asfaltata,Verticale ed orizzontale,Pioggia in atto,Normale,Buona,Ore Diurne,1,0,0,1,prossimità fronte 8,NA
8,02/02/2014 11.55.00,Strada Urbana,da specificare,NA,Veicolo in marcia contro ostacolo accidentale,Una carreggiata a doppio senso,Bagnato (pioggia),Asfaltata,Assente,Pioggia in atto,Normale,Buona,Ore Diurne,0,0,0,3,prima del campo nomadi direzione via noale,NA
13,02/02/2014 13.00.00,Strada Urbana,in corrispondenza,del civico n.,Veicolo in marcia contro veicolo fermo,Una carreggiata a doppio senso,Bagnato (pioggia),Asfaltata,Verticale ed orizzontale,Pioggia in atto,Normale,Buona,Ore Diurne,0,0,0,5,NA,153
8,02/02/2014 13.20.00,Strada Urbana,da specificare,NA,Scontro laterale fra veicoli in marcia,Due carreggiate,Bagnato (pioggia),Asfaltata,Verticale ed orizzontale,Pioggia in atto,Normale,Buona,Ore Diurne,0,0,0,3,dir. gra tra via quaglia e inversione di marcia,NA
10,02/02/2014 13.30.00,Strada Urbana,all'intersezione con,VIA MARIO BROGLIO,Scontro frontale/laterale DX fra veicoli in marcia,Una carreggiata a doppio senso,Bagnato (pioggia),Asfaltata,Verticale ed orizzontale,Pioggia in atto,Scarso,Buona,Ore Diurne,3,0,0,0,NA,NA
11,02/02/2014 13.50.00,Strada Urbana,all'intersezione con,VIA GALBA,Scontro frontale/laterale SX fra veicoli in marcia,Due carreggiate,Bagnato (pioggia),Asfaltata,Verticale ed orizzontale,Pioggia in atto,Scarso,Sufficiente,Ore Diurne,4,0,0,0,NA,NA
12,02/02/2014 14.15.00,Strada Urbana,da specificare,NA,Veicolo in marcia contro ostacolo accidentale,Due carreggiate,Bagnato (pioggia),Asfaltata,Verticale ed orizzontale,Pioggia in atto,Normale,Insufficiente,Ore Diurne,0,0,0,1,BIVIO MOSTACCIANO ALTEZZA VIA Maestrini ,NA
13,02/02/2014 14.45.00,Strada Urbana,all'intersezione con,VIA CESARE LAURENTI,Scontro frontale/laterale SX fra veicoli in marcia,Una carreggiata a doppio senso,Bagnato (pioggia),Asfaltata,Verticale ed orizzontale,Pioggia in atto,Scarso,Sufficiente,Ore Diurne,0,0,0,3,NA,NA
13,02/02/2014 14.45.00,Strada Urbana,in corrispondenza,del civico n.,Veicolo in marcia contro veicolo in sosta,Una carreggiata a doppio senso,Bagnato (pioggia),Asfaltata,Assente,Pioggia in atto,Scarso,Sufficiente,Ore Diurne,0,0,0,1,NA,460
12,02/02/2014 14.58.00,Strada Urbana,da specificare,NA,Veicolo in marcia contro veicolo fermo,Una carreggiata a doppio senso,Bagnato (pioggia),Asfaltata,Orizzontale,Pioggia in atto,Normale,Buona,Ore Diurne,0,0,0,7,altezza via pianeta terra civ. 46,NA
13,02/02/2014 15.00.00,Strada Urbana,all'intersezione con,VIA MARCELLO PUCCI BONCAMBI,Scontro frontale/laterale SX fra veicoli in marcia,Più di due carreggiate,Bagnato (pioggia),Asfaltata,Verticale ed orizzontale,Pioggia in atto,Normale,Buona,Ore Diurne,0,0,0,6,NA,NA
19,02/02/2014 15.15.00,Strada Urbana,da specificare,NA,Scontro laterale fra veicoli in marcia,Una carreggiata a senso unico di marcia,Bagnato (pioggia),Asfaltata,Verticale ed orizzontale,Pioggia in atto,Normale,Buona,Ore Diurne,0,0,0,4,ALTEZZA ROTATORIA LATO VIA SAPPADA,NA
9,02/02/2014 15.30.00,Strada Urbana,all'intersezione con,VIA LUSITANIA,Scontro frontale/laterale SX fra veicoli in marcia,Una carreggiata a doppio senso,Bagnato (pioggia),Asfaltata,Verticale ed orizzontale,Pioggia in atto,Scarso,Buona,Ore Diurne,0,0,0,4,NA,NA
4,02/02/2014 16.15.00,Strada Urbana,da specificare,NA,Veicolo in marcia contro ostacolo accidentale,Due carreggiate,Asciutto,Asfaltata,Verticale ed orizzontale,Nuvoloso,Normale,Buona,Ore Diurne,0,0,0,1,50 mt prima del civico n. 396,NA
2,02/02/2014 16.30.00,Strada Urbana,in corrispondenza,del civico n.,Tamponamento,Una carreggiata a senso unico di marcia,Bagnato (pioggia),Asfaltata,Verticale ed orizzontale,Pioggia in atto,Scarso,Sufficiente,Sufficiente,0,0,0,3,NA,6
2,02/02/2014 17.00.00,Strada Urbana,da specificare,NA,Veicolo in marcia contro ostacolo fisso,Due carreggiate,Bagnato (umidità in atto),Asfaltata,Orizzontale,Pioggia in atto,Normale,Sufficiente,Sufficiente,2,0,0,0,tunnel,NA
5,02/02/2014 17.10.00,Strada Urbana,da specificare,NA,Tamponamento,Due carreggiate,Bagnato (pioggia),Asfaltata,Verticale ed orizzontale,Pioggia in atto,Normale,Sufficiente,Sufficiente,2,0,0,1,pross. svincolo entrata via di Portonaccio,NA
3,02/02/2014 17.20.00,Strada Urbana,da specificare,NA,Veicolo in marcia contro ostacolo accidentale,Una carreggiata a senso unico di marcia,Bagnato (pioggia),Asfaltata,Verticale ed orizzontale,Pioggia in atto,Scarso,Sufficiente,Sufficiente,0,0,0,0,COMPLANARE. ACC CIMITERO CHE INTERS. V. TIBURTINA,NA
1,02/02/2014 17.20.00,Strada Urbana,in prossimità,del palo luce n.,Investimento di pedone,Una carreggiata a doppio senso,Bagnato (pioggia),Acciotolata,Orizzontale,Pioggia in atto,Scarso,Sufficiente,Sufficiente,1,0,0,1,NA,27
7,02/02/2014 17.45.00,Strada Urbana,all'intersezione con,VIA PRENESTINA,Tamponamento Multiplo,Due carreggiate,Bagnato (pioggia),Con buche,Verticale,Pioggia in atto,Normale,Sufficiente,Sufficiente,0,0,0,4,NA,NA
8,02/02/2014 17.50.00,Strada Urbana,da specificare,NA,Veicolo in marcia contro ostacolo accidentale,Due carreggiate,Bagnato (pioggia),Con buche,Verticale ed orizzontale,Pioggia in atto,Normale,Buona,Sufficiente,0,0,0,2,dir. GRA 100 m prima dell'uscita per via Torrenova,NA
10,02/02/2014 18.00.00,Comunale extraurbana,da specificare,NA,Veicolo in marcia contro ostacolo accidentale,Una carreggiata a senso unico di marcia,Bagnato (pioggia),Asfaltata,Verticale ed orizzontale,Pioggia in atto,Normale,Buona,Insufficiente,0,0,0,1,rampa uscita GRA direzione Tuscolana,NA
10,02/02/2014 18.00.00,Comunale extraurbana,da specificare,NA,Veicolo in marcia contro ostacolo accidentale,Una carreggiata a senso unico di marcia,Bagnato (pioggia),Asfaltata,Verticale ed orizzontale,Pioggia in atto,Normale,Insufficiente,Insufficiente,0,0,0,1,rampa uscita gra dir via tuscolana,NA
10,02/02/2014 18.00.00,Comunale extraurbana,da specificare,NA,Veicolo in marcia contro ostacolo accidentale,Una carreggiata a senso unico di marcia,Bagnato (pioggia),Asfaltata,Verticale ed orizzontale,Pioggia in atto,Normale,Insufficiente,Insufficiente,0,0,0,1,rampa uscita GRA dir via Tuscolana,NA
10,02/02/2014 18.15.00,Comunale extraurbana,da specificare,NA,Veicolo in marcia contro ostacolo accidentale,Una carreggiata a senso unico di marcia,Bagnato (pioggia),Asfaltata,Verticale ed orizzontale,Pioggia in atto,Intenso,Insufficiente,Insufficiente,0,0,0,1,rampa uscita GRA via Tuscolana,NA
10,02/02/2014 18.20.00,Comunale extraurbana,da specificare,NA,Veicolo in marcia contro ostacolo accidentale,Una carreggiata a senso unico di marcia,Bagnato (pioggia),Asfaltata,Verticale ed orizzontale,Pioggia in atto,Normale,Insufficiente,Insufficiente,0,0,0,1,rampa uscita GRA direzione Tuscolana,NA
10,02/02/2014 18.30.00,Comunale extraurbana,da specificare,NA,Veicolo in marcia contro ostacolo accidentale,Una carreggiata a senso unico di marcia,Bagnato (pioggia),Asfaltata,Verticale ed orizzontale,Pioggia in atto,Intenso,Insufficiente,Insufficiente,0,0,0,1,rampa di uscita GRA direzione via Tuscolana ,NA
7,02/02/2014 18.30.00,Strada Urbana,da specificare,NA,Veicolo in marcia contro ostacolo accidentale,Una carreggiata a doppio senso,Bagnato (pioggia),Asfaltata,Verticale ed orizzontale,Pioggia in atto,Normale,Insufficiente,Insufficiente,0,0,0,1,dopo G.R.A. dir. Roma Centro altezza civico 1082,NA
8,02/02/2014 18.30.00,Strada Urbana,da specificare,NA,Veicolo in marcia contro ostacolo accidentale,Due carreggiate,Bagnato (pioggia),Asfaltata,Verticale ed orizzontale,Pioggia in atto,Normale,Sufficiente,Sufficiente,0,0,0,3,dir. GRA 100 m prima dell'uscita via di Torrenova,NA
13,02/02/2014 18.30.00,Strada Urbana,in prossimità,del civico n.,Veicolo in marcia contro ostacolo accidentale,Una carreggiata a doppio senso,Bagnato (pioggia),Con buche,Orizzontale,Pioggia in atto,Normale,Sufficiente,Sufficiente,0,0,0,1,NA,1017
7,02/02/2014 18.35.00,Strada Urbana,da specificare,NA,Veicolo in marcia contro ostacolo accidentale,Una carreggiata a doppio senso,Bagnato (pioggia),Asfaltata,Verticale ed orizzontale,Pioggia in atto,Normale,Buona,Insufficiente,0,0,0,1,ALTEZZA CIV. 1082,NA
1,02/02/2014 18.35.00,Strada Urbana,in prossimità,del civico n.,Investimento di pedone,Una carreggiata a senso unico di marcia,Bagnato (pioggia),In cubetti di porfido,Verticale ed orizzontale,Pioggia in atto,Normale,Sufficiente,Sufficiente,1,0,0,1,NA,3
7,02/02/2014 18.40.00,Strada Urbana,da specificare,NA,Veicolo in marcia contro ostacolo accidentale,Una carreggiata a doppio senso,Bagnato (pioggia),Asfaltata,Assente,Pioggia in atto,Normale,Insufficiente,Insufficiente,0,0,0,1,DOPO G.R.A. DIR. LONGONI,NA
12,02/02/2014 18.40.00,Strada Urbana,in prossimità,del civico n.,Veicolo in marcia contro ostacolo accidentale,Una carreggiata a doppio senso,Bagnato (pioggia),Con buche,Verticale ed orizzontale,Pioggia in atto,Normale,Insufficiente,Insufficiente,0,0,0,4,NA,197
7,02/02/2014 18.45.00,Strada Urbana,da specificare,NA,Veicolo in marcia contro ostacolo accidentale,Una carreggiata a doppio senso,Bagnato (pioggia),Asfaltata,Verticale ed orizzontale,Pioggia in atto,Normale,Buona,Insufficiente,0,0,0,1,ALTEZZA CIV. 1082,NA
7,02/02/2014 18.45.00,Strada Urbana,in prossimità,del civico n.,Veicolo in marcia contro ostacolo accidentale,Una carreggiata a doppio senso,Bagnato (pioggia),Asfaltata,Verticale ed orizzontale,Pioggia in atto,Normale,Insufficiente,Insufficiente,0,0,0,1,NA,1082
7,02/02/2014 18.45.00,Strada Urbana,da specificare,NA,Veicolo in marcia contro ostacolo accidentale,Una carreggiata a doppio senso,Bagnato (pioggia),Asfaltata,Verticale ed orizzontale,Pioggia in atto,Normale,Insufficiente,Insufficiente,0,0,0,1,altezza civ. 1082,NA
15,02/02/2014 18.45.00,Strada Urbana,all'intersezione semaforizzata con,PONTE GUGLIELMO MARCONI,Scontro laterale fra veicoli in marcia,Una carreggiata a doppio senso,Bagnato (pioggia),Asfaltata,Verticale ed orizzontale,Pioggia in atto,Normale,Sufficiente,Ore Diurne,0,0,0,3,NA,NA
7,02/02/2014 18.50.00,Strada Urbana,da specificare,NA,Veicolo in marcia contro ostacolo accidentale,Una carreggiata a doppio senso,Bagnato (pioggia),Asfaltata,Verticale ed orizzontale,Pioggia in atto,Normale,Insufficiente,Insufficiente,0,0,0,1,altezza G.R.A.,NA
7,02/02/2014 18.50.00,Strada Urbana,da specificare,NA,Veicolo in marcia contro ostacolo accidentale,Una carreggiata a doppio senso,Bagnato (pioggia),Asfaltata,Verticale ed orizzontale,Pioggia in atto,Normale,Insufficiente,Insufficiente,0,0,0,1,altezza civ. 1082,NA
8,02/02/2014 19.00.00,Strada Urbana,in prossimità,del civico n.,Veicolo in marcia contro ostacolo accidentale,Una carreggiata a doppio senso,Bagnato (pioggia),Strada pavimentata dissestata,Assente,Pioggia in atto,Scarso,Insufficiente,Insufficiente,0,0,0,2,NA,122
13,02/02/2014 19.10.00,Strada Urbana,in corrispondenza,del civico n.,Veicolo in marcia contro ostacolo accidentale,Una carreggiata a doppio senso,Bagnato (pioggia),Con buche,Orizzontale,Pioggia in atto,Normale,Sufficiente,Sufficiente,0,0,0,2,NA,1017
7,02/02/2014 19.20.00,Strada Urbana,in prossimità,del civico n.,Veicolo in marcia contro ostacolo accidentale,Una carreggiata a doppio senso,Bagnato (pioggia),Asfaltata,Verticale ed orizzontale,Pioggia in atto,Normale,Sufficiente,Sufficiente,0,0,0,3,NA,1082
12,02/02/2014 19.45.00,Strada Urbana,da specificare,NA,Veicolo in marcia contro ostacolo accidentale,Una carreggiata a senso unico di marcia,Bagnato (pioggia),Asfaltata,Verticale ed orizzontale,Pioggia in atto,Normale,Sufficiente,Sufficiente,0,0,0,1," 100 mt. prima alt fermata bus ""Gigliozzi"" 706",NA
10,02/02/2014 19.45.00,Strada Urbana,all'intersezione con,VIA TUSCOLANA,Veicolo in marcia contro ostacolo accidentale,Una carreggiata a doppio senso,Bagnato (pioggia),Asfaltata,Verticale ed orizzontale,Pioggia in atto,Normale,Sufficiente,Sufficiente,0,0,0,1,NA,NA
20,02/02/2014 19.45.00,Strada Urbana,da specificare,NA,Investimento di pedone,Una carreggiata a doppio senso,Bagnato (pioggia),Asfaltata,Orizzontale,Pioggia in atto,Normale,Sufficiente,Sufficiente,1,0,0,2,corrispondenza Largo G. Belloni ,NA
13,02/02/2014 20.00.00,Strada Urbana,da specificare,NA,Scontro frontale/laterale DX fra veicoli in marcia,Due carreggiate,Bagnato (pioggia),Asfaltata,Assente,Pioggia in atto,Intenso,Buona,Sufficiente,0,0,0,8,prossimità Via dei Romagnoli,NA
20,02/02/2014 20.00.00,Strada Urbana,da specificare,NA,Veicolo in marcia contro ostacolo accidentale,Due carreggiate,Bagnato (pioggia),Asfaltata,Orizzontale,Pioggia in atto,Scarso,Sufficiente,Sufficiente,0,0,0,2,dir. Salaria prossimità distributore ESSO,NA
8,02/02/2014 20.00.00,Strada Urbana,da specificare,NA,Fuoriuscita dalla sede stradale,Una carreggiata a doppio senso,Bagnato (pioggia),Asfaltata,Verticale ed orizzontale,Pioggia in atto,Scarso,Sufficiente,Insufficiente,0,0,0,1,100 m dopo via arischia direzione corcolle,NA
7,02/02/2014 20.00.00,Strada Urbana,all'intersezione con,VIA DELLE ROSE,Scontro frontale/laterale DX fra veicoli in marcia,Una carreggiata a doppio senso,Bagnato (pioggia),Asfaltata,Verticale ed orizzontale,Pioggia in atto,Scarso,Sufficiente,Insufficiente,3,0,0,0,NA,NA
7,02/02/2014 20.20.00,Strada Urbana,da specificare,NA,Veicolo in marcia contro ostacolo accidentale,Una carreggiata a doppio senso,Bagnato (pioggia),Asfaltata,Verticale ed orizzontale,Pioggia in atto,Normale,Insufficiente,Insufficiente,0,0,0,1,altezza civ. 1082,NA
4,02/02/2014 20.20.00,Strada Urbana,in corrispondenza,del civico n. ,Veicolo in marcia contro ostacolo accidentale,Una carreggiata a doppio senso,Bagnato (pioggia),Con buche,Orizzontale,Pioggia in atto,Normale,Buona,Insufficiente,0,0,0,1,NA,56
6,02/02/2014 20.30.00,Strada Urbana,in prossimità,del civico n. ,Investimento di pedone,Una carreggiata a senso unico di marcia,Bagnato (pioggia),Asfaltata,Assente,Pioggia in atto,Scarso,Insufficiente,Insufficiente,1,0,0,1,NA,68
13,02/02/2014 20.30.00,Strada Urbana,da specificare,NA,Veicolo in marcia contro ostacolo accidentale,Due carreggiate,Bagnato (pioggia),Asfaltata,Verticale ed orizzontale,Pioggia in atto,Normale,Insufficiente,Inesistente,0,0,0,1,pross. via di Tor Boacciana,NA
12,02/02/2014 20.54.00,Strada Urbana,da specificare,NA,Veicolo in marcia contro ostacolo accidentale,Una carreggiata a doppio senso,Bagnato (pioggia),Con buche,Verticale ed orizzontale,Pioggia in atto,Normale,Sufficiente,Sufficiente,0,0,0,1,nel tratto tra Vigna Murata e L. Gaurico,NA
8,02/02/2014 21.00.00,Strada Urbana,in corrispondenza,del civico n. ,Veicolo in marcia contro ostacolo accidentale,Una carreggiata a doppio senso,Bagnato (pioggia),Asfaltata,Verticale ed orizzontale,Pioggia in atto,Scarso,Insufficiente,Insufficiente,0,0,0,1,NA,81
8,02/02/2014 21.00.00,Strada Urbana,in corrispondenza,del civico n. ,Veicolo in marcia contro ostacolo accidentale,Una carreggiata a doppio senso,Bagnato (pioggia),Asfaltata,Verticale ed orizzontale,Pioggia in atto,Scarso,Insufficiente,Insufficiente,1,0,0,1,NA,81
8,02/02/2014 21.00.00,Strada Urbana,in corrispondenza,del civico n. ,Veicolo in marcia contro ostacolo accidentale,Una carreggiata a doppio senso,Bagnato (pioggia),Asfaltata,Verticale ed orizzontale,Pioggia in atto,Scarso,Insufficiente,Insufficiente,0,0,0,2,NA,81
11,02/02/2014 21.30.00,Strada Urbana,all'intersezione semaforizzata con,VIA DI GROTTA PERFETTA,Scontro laterale fra veicoli in marcia,Più di due carreggiate,Bagnato (pioggia),Asfaltata,Verticale ed orizzontale,Pioggia in atto,Normale,Buona,Sufficiente,0,0,0,2,NA,NA
8,02/02/2014 21.30.00,Strada Urbana,in corrispondenza,del civico n. ,Veicolo in marcia contro ostacolo accidentale,Una carreggiata a doppio senso,Bagnato (pioggia),Asfaltata,Verticale ed orizzontale,Pioggia in atto,Scarso,Sufficiente,Sufficiente,0,0,0,1,NA,86
17,02/02/2014 21.40.00,Strada Urbana,all'intersezione semaforizzata con,VIALE DELLE MILIZIE,Veicolo in marcia contro ostacolo fisso,Più di due carreggiate,Bagnato (pioggia),Asfaltata,Orizzontale,Pioggia in atto,Normale,Buona,Sufficiente,0,0,0,1,NA,NA
12,02/02/2014 21.50.00,Strada Urbana,in corrispondenza,del civico n.,Veicolo in marcia contro ostacolo accidentale,Una carreggiata a doppio senso,Bagnato (pioggia),Con buche,Verticale ed orizzontale,Pioggia in atto,Scarso,Sufficiente,Sufficiente,0,0,0,3,NA,87b
12,02/02/2014 22.00.00,Strada Urbana,da specificare,NA,Veicolo in marcia contro ostacolo accidentale,Una carreggiata a doppio senso,Bagnato (pioggia),Asfaltata,Verticale ed orizzontale,Pioggia in atto,Scarso,Sufficiente,Sufficiente,0,0,0,1,altezza  supermercato TODIS,NA
13,02/02/2014 22.45.00,Provinciale,da specificare,NA,Veicolo in marcia contro ostacolo accidentale,Una carreggiata a doppio senso,Bagnato (pioggia),Asfaltata,Verticale ed orizzontale,Pioggia in atto,Scarso,Sufficiente,Sufficiente,0,0,0,1,tratto compreso tra Via Fiumalbo e Via di Malafede,NA
12,02/02/2014 23.00.00,Strada Urbana,in prossimità,del civico n. ,Veicolo in marcia contro ostacolo accidentale,Una carreggiata a doppio senso,Bagnato (pioggia),Asfaltata,Orizzontale,Pioggia in atto,Scarso,Sufficiente,Sufficiente,0,0,0,2,NA,201
12,02/02/2014 23.20.00,Strada Urbana,in corrispondenza,del civico n. ,Veicolo in marcia contro ostacolo accidentale,Una carreggiata a senso unico di marcia,Bagnato (pioggia),Asfaltata,Verticale,Pioggia in atto,Scarso,Insufficiente,Insufficiente,0,0,0,2,NA,40
12,02/02/2014 23.25.00,Strada Urbana,da specificare,NA,Veicolo in marcia contro ostacolo accidentale,Due carreggiate,Bagnato (pioggia),Con buche,Verticale ed orizzontale,Pioggia in atto,Normale,Sufficiente,Insufficiente,0,0,0,1,altezza laterale mostacciano,NA
16,02/02/2014 23.25.00,Strada Urbana,in prossimità,del civico n. ,Veicolo in marcia contro ostacolo accidentale,Due carreggiate,Bagnato (pioggia),Asfaltata,Verticale ed orizzontale,Pioggia in atto,Scarso,Buona,Sufficiente,0,0,0,2,NA,126
17,02/02/2014 23.30.00,Strada Urbana,da specificare,NA,Veicolo in marcia contro ostacolo fisso,Una carreggiata a doppio senso,Bagnato (pioggia),Strada pavimentata dissestata,Verticale ed orizzontale,Pioggia in atto,Normale,Buona,Sufficiente,0,0,0,1,fronte nr. civ. 26/A,NA
23,02/02/2014 23.30.00,Strada Urbana,in prossimità,della chilometrica,Infortunio per caduta del veicolo,Più di due carreggiate,Bagnato (pioggia),Asfaltata,Verticale ed orizzontale,Pioggia in atto,Scarso,Insufficiente,Insufficiente,1,0,0,0,NA,13.25
8,02/02/2014 23.30.00,Provinciale entro l'abitato,in corrispondenza,del civico n. ,Veicolo in marcia contro ostacolo accidentale,Una carreggiata a doppio senso,Bagnato (pioggia),Asfaltata,Verticale ed orizzontale,Pioggia in atto,Scarso,Insufficiente,Inesistente,0,0,0,1,NA,1815
16,02/02/2014 23.40.00,Strada Urbana,in prossimità,del civico n. ,Veicolo in marcia contro ostacolo accidentale,Una carreggiata a doppio senso,Bagnato (pioggia),Asfaltata,Verticale ed orizzontale,Pioggia in atto,Scarso,Buona,Sufficiente,0,0,0,2,NA,235
1,02/03/2014 00.03.00,Strada Urbana,all'intersezione con,VIA GALILEI,Scontro frontale/laterale SX fra veicoli in marcia,Una carreggiata a doppio senso,Bagnato (pioggia),Asfaltata,Verticale ed orizzontale,Pioggia in atto,Scarso,Sufficiente,Sufficiente,0,0,0,2,NA,NA
9,02/03/2014 00.05.00,Strada Urbana,all'intersezione semaforizzata con,VIA DELLA STAZIONE DI CIAMPINO,Scontro frontale/laterale DX fra veicoli in marcia,Due carreggiate,Bagnato (pioggia),Asfaltata,Verticale ed orizzontale,Pioggia in atto,Scarso,Insufficiente,Inesistente,3,0,0,2,NA,NA
7,02/03/2014 00.05.00,Strada Urbana,in prossimità,del palo luce n.,Veicolo in marcia contro ostacolo accidentale,Due carreggiate,Bagnato (umidità in atto),Asfaltata,Orizzontale,Pioggia in atto,Normale,Buona,Sufficiente,0,0,0,1,NA,52
7,02/03/2014 00.45.00,Strada Urbana,in prossimità,del palo luce n.,Veicolo in marcia contro ostacolo accidentale,Due carreggiate,Bagnato (umidità in atto),Asfaltata,Orizzontale,Pioggia in atto,Normale,Buona,Sufficiente,0,0,0,1,NA,52
12,02/03/2014 01.00.00,Strada Urbana,in corrispondenza,del civico n. ,Veicolo in marcia contro ostacolo fisso,Una carreggiata a doppio senso,Bagnato (pioggia),Con buche,Verticale ed orizzontale,Pioggia in atto,Normale,Sufficiente,Sufficiente,0,0,0,2,NA,195
2,02/03/2014 02.00.00,Strada Urbana,da specificare,NA,Veicolo in marcia contro veicolo fermo,Una carreggiata a doppio senso,Bagnato (pioggia),Asfaltata,Verticale ed orizzontale,Pioggia in atto,Scarso,Buona,Sufficiente,5,0,0,1,DIR. VIA SALARIA FR. DISTRIBUTORE ESSO,NA
7,02/03/2014 04.40.00,Strada Urbana,all'intersezione semaforizzata con,VIA DEI PLATANI,Veicolo in marcia contro veicolo arresto,Due carreggiate,Bagnato (pioggia),Asfaltata,Verticale ed orizzontale,Pioggia in atto,Scarso,Buona,Sufficiente,3,0,0,0,NA,NA
9,02/03/2014 05.30.00,Strada Urbana,in prossimità,del palo luce n.,Veicolo in marcia contro ostacolo accidentale,Una carreggiata a doppio senso,Asciutto,Asfaltata,Assente,Nuvoloso,Normale,Buona,Ore Diurne,0,0,0,1,NA,86