Gruppo,DataOraIncidente,Localizzazione1,Localizzazione2,Strada02,NaturaIncidente,TipoStrada,FondoStradale,Pavimentazione,Segnaletica,CondizioneAtmosferica,Traffico,Visibilita,Illuminazione,NUM_FERITI,NUM_RISERVATA,NUM_MORTI,NUM_ILLESI,DaSpecificare,Chilometrica
9,02/05/2014 00.05.00,Strada Urbana,all'intersezione con,VIA DI PORTA FURBA,Scontro frontale/laterale SX fra veicoli in marcia,Due carreggiate,Asciutto,Asfaltata,Verticale ed orizzontale,Nuvoloso,Scarso,Sufficiente,Sufficiente,1,0,0,2,NA,NA
3,02/05/2014 00.33.00,Strada Urbana,da specificare,NA,Veicolo in marcia contro ostacolo fisso,Una carreggiata a senso unico di marcia,Bagnato (umidità in atto),Asfaltata,Verticale ed orizzontale,Nuvoloso,Scarso,Insufficiente,Insufficiente,0,0,0,1,dir. s. giovanni altezza imbocco A24,NA
8,02/05/2014 06.00.00,Strada Urbana,all'intersezione con,VIA DEL CORVIO,Scontro frontale/laterale DX fra veicoli in marcia,Una carreggiata a doppio senso,Bagnato (pioggia),Asfaltata,Verticale,Nuvoloso,Scarso,Buona,Insufficiente,1,0,0,1,NA,NA
19,02/05/2014 06.35.00,Strada Urbana,da specificare,NA,Tamponamento,Due carreggiate,Bagnato (pioggia),Asfaltata,Verticale ed orizzontale,Pioggia in atto,Intenso,Buona,Sufficiente,0,0,0,2,altezza Via F. Marconi,NA
10,02/05/2014 06.50.00,Strada Urbana,da specificare,NA,Veicolo in marcia contro ostacolo fisso,Una carreggiata a senso unico di marcia,Bagnato (pioggia),Asfaltata,Orizzontale,Pioggia in atto,Normale,Buona,Ore Diurne,0,0,0,2,Dir. Roma corsia laterale Via di Torrespaccata,NA
1,02/05/2014 06.50.00,Strada Urbana,all'intersezione semaforizzata con,VIA CAVOUR,Tamponamento,Due carreggiate,Bagnato (pioggia),Acciotolata,Verticale ed orizzontale,Pioggia in atto,Normale,Buona,Ore Diurne,0,0,0,2,NA,NA
15,02/05/2014 07.15.00,Strada Urbana,in prossimità,del civico n. ,Veicolo in marcia contro ostacolo accidentale,Una carreggiata a doppio senso,Bagnato (pioggia),Con buche,Orizzontale,Pioggia in atto,Normale,Buona,Ore Diurne,0,0,0,2,NA,881
15,02/05/2014 07.15.00,Strada Urbana,in prossimità,del civico n. ,Veicolo in marcia contro ostacolo accidentale,Una carreggiata a doppio senso,Bagnato (pioggia),Con buche,Orizzontale,Pioggia in atto,Normale,Buona,Ore Diurne,0,0,0,1,NA,881
15,02/05/2014 07.15.00,Strada Urbana,da specificare,NA,Veicolo in marcia contro ostacolo accidentale,Una carreggiata a doppio senso,Bagnato (pioggia),Con buche,Orizzontale,Pioggia in atto,Normale,Sufficiente,Ore Diurne,0,0,0,2,in prossimità del civico 881,NA
15,02/05/2014 07.15.00,Strada Urbana,da specificare,NA,Veicolo in marcia contro ostacolo accidentale,Una carreggiata a doppio senso,Bagnato (pioggia),Con buche,Orizzontale,Pioggia in atto,Normale,Sufficiente,Ore Diurne,0,0,0,1,in prossimità del civico 881,NA
13,02/05/2014 07.45.00,Strada Urbana,all'intersezione con,VIA DI ACILIA,Investimento di pedone,Una carreggiata a doppio senso,Bagnato (pioggia),Asfaltata,Assente,Nuvoloso,Normale,Buona,Ore Diurne,1,0,0,0,NA,NA
12,02/05/2014 07.45.00,Strada Urbana,da specificare,NA,Veicolo in marcia contro ostacolo accidentale,Una carreggiata a doppio senso,Bagnato (pioggia),Asfaltata,Orizzontale,Pioggia in atto,Normale,Buona,Ore Diurne,0,0,0,1,direzione via Laurentina prossimità rotatoria,NA
18,02/05/2014 07.45.00,Strada Urbana,all'intersezione con,VIA DELLA MAGLIANELLA,Scontro laterale fra veicoli in marcia,Una carreggiata a senso unico di marcia,Bagnato (pioggia),Asfaltata,Verticale ed orizzontale,Pioggia in atto,Normale,Buona,Ore Diurne,0,0,0,2,NA,NA
8,02/05/2014 08.00.00,Strada Urbana,da specificare,NA,Veicolo in marcia contro ostacolo accidentale,Una carreggiata a doppio senso,Bagnato (pioggia),Con buche,Assente,Pioggia in atto,Normale,Sufficiente,Ore Diurne,0,0,0,1,50 mt. prima incrocio v. Cipolletti dir.Tiburtina,NA
17,02/05/2014 08.20.00,Strada Urbana,all'intersezione con,VIA DEI GRACCHI,Veicolo in marcia contro ostacolo accidentale,Una carreggiata a senso unico di marcia,Bagnato (pioggia),Asfaltata,Verticale ed orizzontale,Pioggia in atto,Normale,Buona,Ore Diurne,0,0,0,2,NA,NA
8,02/05/2014 08.30.00,Strada Urbana,all'intersezione con,VIA CAMPI SALENTINA,Veicolo in marcia contro ostacolo accidentale,Una carreggiata a doppio senso,Bagnato (pioggia),Con buche,Assente,Pioggia in atto,Normale,Buona,Ore Diurne,0,0,0,1,NA,NA
4,02/05/2014 08.30.00,Strada Urbana,in corrispondenza,del palo luce n. ,Scontro laterale fra veicoli in marcia,Una carreggiata a doppio senso,Bagnato (pioggia),Asfaltata,Verticale,Nuvoloso,Normale,Buona,Ore Diurne,0,0,0,4,NA,14
6,02/05/2014 08.30.00,Strada Urbana,in prossimità,del civico n. ,Scontro laterale fra veicoli in marcia,Più di due carreggiate,Asciutto,Asfaltata,Verticale ed orizzontale,Nuvoloso,Intenso,Buona,Ore Diurne,1,0,0,1,NA,135A
9,02/05/2014 08.40.00,Strada Urbana,da specificare,NA,Tamponamento Multiplo,Una carreggiata a doppio senso,Bagnato (pioggia),Asfaltata,Assente,Nuvoloso,Intenso,Buona,Ore Diurne,1,0,0,3,fronte VIA CERRETO DI SPOLETO,NA
5,02/05/2014 08.50.00,Strada Urbana,in prossimità,del palo luce n.,Tamponamento Multiplo,Due carreggiate,Bagnato (pioggia),Asfaltata,Verticale ed orizzontale,Pioggia in atto,Normale,Sufficiente,Ore Diurne,0,0,0,4,NA,6
2,02/05/2014 08.50.00,Strada Urbana,all'intersezione con,VIA NOVARA,Scontro frontale/laterale SX fra veicoli in marcia,Una carreggiata a senso unico di marcia,Bagnato (pioggia),In cubetti di porfido,Verticale ed orizzontale,Pioggia in atto,Scarso,Buona,Ore Diurne,1,0,0,1,NA,NA
20,02/05/2014 09.00.00,Strada Urbana,in corrispondenza,del civico n.,Tamponamento,Una carreggiata a doppio senso,Bagnato (pioggia),Asfaltata,Verticale ed orizzontale,Pioggia in atto,Intenso,Sufficiente,Ore Diurne,1,0,0,1,NA,551
10,02/05/2014 09.15.00,Strada Urbana,in corrispondenza,del civico n.,Investimento di pedone,Una carreggiata a senso unico di marcia,Bagnato (pioggia),Asfaltata,Verticale ed orizzontale,Pioggia in atto,Normale,Buona,Ore Diurne,1,0,0,1,NA,22
5,02/05/2014 09.45.00,Strada Urbana,all'intersezione semaforizzata con,VIA GUGLIELMO IOZZIA,Scontro frontale/laterale DX fra veicoli in marcia,Due carreggiate,Bagnato (pioggia),Asfaltata,Verticale ed orizzontale,Nuvoloso,Normale,Buona,Ore Diurne,0,0,0,2,NA,NA
8,02/05/2014 10.00.00,Strada Urbana,da specificare,NA,Veicolo in marcia contro ostacolo accidentale,Una carreggiata a doppio senso,Bagnato (pioggia),Con buche,Assente,Pioggia in atto,Normale,Sufficiente,Ore Diurne,0,0,0,1,prossimità via Alberobello direzione via Bitonto,NA
8,02/05/2014 10.00.00,Strada Urbana,da specificare,NA,Scontro laterale fra veicoli in marcia,Due carreggiate,Bagnato (pioggia),Asfaltata,Verticale ed orizzontale,Pioggia in atto,Normale,Buona,Ore Diurne,0,0,0,3,alt via Torrenova dir GRA,NA
18,02/05/2014 10.00.00,Statale entro l'abitato,da specificare,NA,Tamponamento,Una carreggiata a doppio senso,Bagnato (pioggia),Asfaltata,Verticale,Nuvoloso,Normale,Buona,Ore Diurne,1,0,0,2,cavalcavia via Arangio Ruiz,NA
15,02/05/2014 11.00.00,Strada Urbana,da specificare,NA,Veicolo in marcia contro ostacolo accidentale,Una carreggiata a doppio senso,Bagnato (pioggia),Asfaltata,Orizzontale,Pioggia in atto,Scarso,Buona,Ore Diurne,0,0,0,1,in corrispondenza del fronte civico 1175,NA
20,02/05/2014 11.30.00,Regionale,in corrispondenza,del palo luce n.,Veicolo in marcia contro ostacolo accidentale,Due carreggiate,Bagnato (pioggia),Asfaltata,Verticale ed orizzontale,Pioggia in atto,Intenso,Buona,Ore Diurne,0,0,0,1,NA,41
20,02/05/2014 11.50.00,Strada Urbana,da specificare,NA,Tamponamento,Due carreggiate,Bagnato (pioggia),Asfaltata,Verticale ed orizzontale,Nuvoloso,Normale,Buona,Ore Diurne,0,0,0,2,Pross. rampa accesso da Flaminia dir. fuori Roma,NA
1,02/05/2014 11.50.00,Strada Urbana,in prossimità,del civico n.,Investimento di pedone,Due carreggiate,Bagnato (pioggia),Asfaltata,Orizzontale,Nuvoloso,Scarso,Buona,Ore Diurne,1,0,0,1,NA,39
6,02/05/2014 12.00.00,Strada Urbana,in corrispondenza,del civico n.,Scontro laterale fra veicoli in marcia,Una carreggiata a senso unico di marcia,Bagnato (umidità in atto),Asfaltata,Orizzontale,Nuvoloso,Normale,Buona,Ore Diurne,0,0,0,3,NA,78
16,02/05/2014 12.10.00,Strada Urbana,all'intersezione con,VIA PORTUENSE,Scontro laterale fra veicoli in marcia,Una carreggiata a senso unico di marcia,Bagnato (umidità in atto),Asfaltata,Assente,Nuvoloso,Normale,Buona,Ore Diurne,0,0,0,2,NA,NA
7,02/05/2014 12.15.00,Strada Urbana,da specificare,NA,Veicolo in marcia contro ostacolo accidentale,Una carreggiata a doppio senso,Bagnato (pioggia),Asfaltata,Verticale ed orizzontale,Pioggia in atto,Normale,Buona,Ore Diurne,0,0,0,1,sotto il cavalcavia GRA,NA
7,02/05/2014 12.25.00,Strada Urbana,da specificare,NA,Veicolo in marcia contro ostacolo accidentale,Una carreggiata a senso unico di marcia,Bagnato (pioggia),Asfaltata,Assente,Nuvoloso,Scarso,Buona,Ore Diurne,0,0,0,1,fronte  palo ACEA 5,NA
4,02/05/2014 13.00.00,Provinciale entro l'abitato,in prossimità,del civico n. ,Veicolo in marcia contro veicolo fermo,Una carreggiata a doppio senso,Bagnato (pioggia),Asfaltata,Orizzontale,Nuvoloso,Normale,Buona,Ore Diurne,0,0,0,1,NA,558
8,02/05/2014 13.15.00,Strada Urbana,in prossimità,del civico n. ,Veicolo in marcia contro ostacolo accidentale,Più di due carreggiate,Asciutto,Asfaltata,Verticale ed orizzontale,Nuvoloso,Normale,Buona,Ore Diurne,0,0,0,2,NA,165
9,02/05/2014 13.25.00,Strada Urbana,in prossimità,del civico n.,Investimento di pedone,Una carreggiata a senso unico di marcia,Bagnato (pioggia),Asfaltata,Orizzontale,Pioggia in atto,Normale,Buona,Ore Diurne,1,0,0,1,NA,68
17,02/05/2014 13.50.00,Strada Urbana,all'intersezione con,VIA MONTE SANTO,Scontro frontale/laterale DX fra veicoli in marcia,Due carreggiate,Asciutto,Asfaltata,Verticale ed orizzontale,Nuvoloso,Scarso,Buona,Ore Diurne,0,0,0,2,NA,NA
20,02/05/2014 13.50.00,Strada Urbana,all'intersezione con,PIAZZALE DELLA FARNESINA,Scontro frontale/laterale DX fra veicoli in marcia,Due carreggiate,Asciutto,Asfaltata,Verticale ed orizzontale,Nuvoloso,Normale,Buona,Ore Diurne,0,0,0,2,NA,NA
23,02/05/2014 14.00.00,Strada Urbana,da specificare,NA,Veicolo in marcia contro ostacolo accidentale,Una carreggiata a senso unico di marcia,Bagnato (pioggia),Con buche,Verticale ed orizzontale,Pioggia in atto,Scarso,Buona,Ore Diurne,0,0,0,1,stazione alle spalle curva lato destro,NA
1,02/05/2014 14.00.00,Strada Urbana,all'intersezione con,VIA PASTRENGO,Scontro laterale fra veicoli in marcia,Una carreggiata a senso unico di marcia,Asciutto,Asfaltata,Verticale ed orizzontale,Nuvoloso,Normale,Buona,Ore Diurne,1,0,0,1,NA,NA
12,02/05/2014 14.05.00,Regionale,da specificare,NA,Veicolo in marcia contro ostacolo accidentale,Due carreggiate,Asciutto,Asfaltata,Verticale ed orizzontale,Nuvoloso,Normale,Buona,Ore Diurne,0,0,0,1,altezza G.R.A.,NA
12,02/05/2014 14.20.00,Comunale extraurbana,da specificare,NA,Veicolo in marcia contro ostacolo accidentale,Una carreggiata a senso unico di marcia,Asciutto,Con buche,Verticale ed orizzontale,Nuvoloso,Normale,Buona,Ore Diurne,0,0,0,2,alt. immissione  lat. C.Colombo dir. Roma,NA
7,02/05/2014 14.30.00,Strada Urbana,in prossimità,del civico n.,Veicolo in marcia contro ostacolo accidentale,Due carreggiate,Asciutto,Asfaltata,Orizzontale,Nuvoloso,Normale,Buona,Ore Diurne,0,0,0,2,NA,657
19,02/05/2014 14.30.00,Strada Urbana,in prossimità,del civico n. ,Veicolo in marcia contro veicolo in sosta,Una carreggiata a doppio senso,Asciutto,Asfaltata,Assente,Nuvoloso,Normale,Buona,Ore Diurne,0,0,0,0,NA,12
4,02/05/2014 14.35.00,Strada Urbana,in prossimità,del civico n.,Veicolo in marcia contro ostacolo accidentale,Una carreggiata a doppio senso,Bagnato (pioggia),Asfaltata,Orizzontale,Nuvoloso,Normale,Buona,Ore Diurne,0,0,0,1,NA,340
12,02/05/2014 14.45.00,Strada Urbana,da specificare,NA,Veicolo in marcia contro ostacolo fisso,Una carreggiata a doppio senso,Bagnato (umidità in atto),Asfaltata,Verticale ed orizzontale,Nuvoloso,Normale,Buona,Ore Diurne,0,0,0,1,VECCHIA DIR. LATINA 300 MT DOPO IL CIV. 690,NA
1,02/05/2014 14.50.00,Strada Urbana,all'intersezione con,VIA GIOVANNI GIOLITTI,Scontro laterale fra veicoli in marcia,Una carreggiata a senso unico di marcia,Asciutto,Asfaltata,Verticale ed orizzontale,Nuvoloso,Intenso,Buona,Ore Diurne,0,0,0,3,NA,NA
4,02/05/2014 14.50.00,Strada Urbana,all'intersezione con,VIA DOMENICO COMPARETTI,Scontro laterale fra veicoli in marcia,Una carreggiata a senso unico di marcia,Asciutto,Asfaltata,Verticale ed orizzontale,Nuvoloso,Normale,Buona,Ore Diurne,1,0,0,1,NA,NA
2,02/05/2014 15.00.00,Strada Urbana,in corrispondenza,del civico n.,Scontro frontale/laterale DX fra veicoli in marcia,Una carreggiata a doppio senso,Bagnato (pioggia),Asfaltata,Verticale ed orizzontale,Nuvoloso,Normale,Buona,Ore Diurne,1,0,0,1,NA,21
12,02/05/2014 15.20.00,Provinciale,da specificare,NA,Veicolo in marcia contro ostacolo accidentale,Una carreggiata a doppio senso,Bagnato (pioggia),Con buche,Verticale,Pioggia in atto,Normale,Buona,Ore Diurne,0,0,0,2,"direzione Ardea km 11,500",NA
1,02/05/2014 15.20.00,Strada Urbana,all'intersezione con,VIA PASQUALE VILLARI,Scontro frontale/laterale SX fra veicoli in marcia,Una carreggiata a doppio senso,Asciutto,Asfaltata,Verticale ed orizzontale,Nuvoloso,Normale,Buona,Ore Diurne,0,0,0,2,NA,NA
16,02/05/2014 15.25.00,Strada Urbana,da specificare,NA,Scontro laterale fra veicoli in marcia,Una carreggiata a senso unico di marcia,Asciutto,Asfaltata,Verticale ed orizzontale,Nuvoloso,Intenso,Buona,Ore Diurne,0,0,0,2,in prossimità C.ne Gianicolense,NA
13,02/05/2014 15.30.00,Strada Urbana,da specificare,NA,Veicolo in marcia contro ostacolo accidentale,Una carreggiata a doppio senso,Bagnato (umidità in atto),Asfaltata,Assente,Nuvoloso,Normale,Buona,Ore Diurne,0,0,0,1,in prossimità di VIA S. GASBARRA,NA
6,02/05/2014 15.40.00,Strada Urbana,all'intersezione con,VIA STEFANO COLONNA,Tamponamento,Una carreggiata a doppio senso,Asciutto,Asfaltata,Orizzontale,Nuvoloso,Normale,Buona,Ore Diurne,1,0,0,1,NA,NA
15,02/05/2014 15.45.00,Strada Urbana,da specificare,NA,Veicolo in marcia contro ostacolo accidentale,Una carreggiata a doppio senso,Bagnato (umidità in atto),Asfaltata,Orizzontale,Nuvoloso,Scarso,Buona,Ore Diurne,0,0,0,1,prox. Sheraton Golf Hotel,NA
10,02/05/2014 15.45.00,Statale entro l'abitato,in prossimità,del palo luce n. ,Tamponamento Multiplo,Due carreggiate,Asciutto,Asfaltata,Orizzontale,Nuvoloso,Normale,Buona,Ore Diurne,1,0,0,2,NA,380
1,02/05/2014 15.50.00,Strada Urbana,in prossimità,del civico n.,Scontro frontale/laterale SX fra veicoli in marcia,Una carreggiata a senso unico di marcia,Asciutto,In cubetti di porfido,Verticale ed orizzontale,Nuvoloso,Normale,Buona,Ore Diurne,0,0,0,2,NA,48/50
8,02/05/2014 16.00.00,Strada Urbana,da specificare,NA,Veicolo in marcia contro ostacolo accidentale,Una carreggiata a doppio senso,Bagnato (umidità in atto),Asfaltata,Verticale ed orizzontale,Nuvoloso,Normale,Buona,Ore Diurne,0,0,0,1,100 mt. dopo civico 402 direzione Polense,NA
11,02/05/2014 16.00.00,Strada Urbana,da specificare,NA,Tamponamento,Più di due carreggiate,Asciutto,Asfaltata,Verticale ed orizzontale,Nuvoloso,Normale,Buona,Ore Diurne,0,0,0,4,fronte civico 348,NA
8,02/05/2014 16.00.00,Strada Urbana,da specificare,NA,Veicolo in marcia contro ostacolo accidentale,Una carreggiata a senso unico di marcia,Asciutto,Asfaltata,Verticale ed orizzontale,Nuvoloso,Normale,Sufficiente,Ore Diurne,0,0,0,2,pross. rampa invers.marcia palo ACEA 68,NA
15,02/05/2014 16.40.00,Strada Urbana,da specificare,NA,Scontro laterale fra veicoli in marcia,Una carreggiata a doppio senso,Bagnato (umidità in atto),Asfaltata,Orizzontale,Nuvoloso,Intenso,Buona,Ore Diurne,0,0,0,3,prox. civico 248,NA
4,02/05/2014 16.40.00,Strada Urbana,all'intersezione semaforizzata con,VIALE TITINA DE FILIPPO,Scontro frontale/laterale SX fra veicoli in marcia,Una carreggiata a doppio senso,Asciutto,Asfaltata,Verticale ed orizzontale,Nuvoloso,Normale,Buona,Ore Diurne,0,0,0,3,NA,NA
8,02/05/2014 16.45.00,Strada Urbana,da specificare,NA,Veicolo in marcia contro ostacolo accidentale,Una carreggiata a doppio senso,Bagnato (umidità in atto),Asfaltata,Verticale ed orizzontale,Nuvoloso,Normale,Buona,Ore Diurne,0,0,0,1,100 mt. dopo civico 402 direzione Polense,NA
11,02/05/2014 16.50.00,Strada Urbana,in corrispondenza,del civico n.,Investimento di pedone,Una carreggiata a doppio senso,Asciutto,Asfaltata,Verticale ed orizzontale,Nuvoloso,Normale,Buona,Ore Diurne,2,0,0,0,NA,39
4,02/05/2014 17.00.00,Statale entro l'abitato,all'intersezione con,VIA MONTEVARCHI,Veicolo in marcia contro ostacolo accidentale,Due carreggiate,Bagnato (pioggia),Con buche,Orizzontale,Nuvoloso,Normale,Buona,Ore Diurne,0,0,0,1,NA,NA
5,02/05/2014 17.00.00,Strada Urbana,all'intersezione con,VIA ALFREDO COMANDINI,Veicolo in marcia contro ostacolo accidentale,Una carreggiata a doppio senso,Asciutto,Asfaltata,Orizzontale,Sereno,Normale,Buona,Ore Diurne,0,0,0,2,NA,NA
6,02/05/2014 17.20.00,Strada Urbana,all'intersezione con,VIA CHECCO DURANTE,Scontro frontale/laterale SX fra veicoli in marcia,Una carreggiata a doppio senso,Asciutto,Asfaltata,Verticale ed orizzontale,Nuvoloso,Normale,Sufficiente,Sufficiente,0,0,0,2,NA,NA
18,02/05/2014 17.20.00,Strada Urbana,all'intersezione con,VIA DAVIDE GIORDANO,Scontro frontale/laterale DX fra veicoli in marcia,Due carreggiate,Bagnato (umidità in atto),Asfaltata,Verticale ed orizzontale,Nuvoloso,Scarso,Buona,Ore Diurne,1,0,0,2,NA,NA
13,02/05/2014 17.30.00,Strada Urbana,da specificare,NA,Veicolo in marcia contro ostacolo accidentale,Una carreggiata a doppio senso,Bagnato (umidità in atto),Asfaltata,Orizzontale,Nuvoloso,Normale,Insufficiente,Ore Diurne,0,0,0,2,carreggiata di destra dir. P.za Segantini,NA
9,02/05/2014 17.30.00,Strada Urbana,all'intersezione con,PIAZZA CAMERINO,Investimento di pedone,Due carreggiate,Bagnato (pioggia),Asfaltata,Verticale ed orizzontale,Pioggia in atto,Normale,Buona,Sufficiente,1,0,0,1,NA,NA
1,02/05/2014 17.40.00,Strada Urbana,in prossimità,del civico n.,Infortunio per sola frenata improvvisa,Una carreggiata a doppio senso,Bagnato (pioggia),In cubetti di porfido,Verticale ed orizzontale,Nuvoloso,Normale,Buona,Sufficiente,0,0,0,1,NA,129
20,02/05/2014 18.00.00,Strada Urbana,in prossimità,del civico n.,Tamponamento,Una carreggiata a doppio senso,Bagnato (pioggia),Asfaltata,Verticale ed orizzontale,Pioggia in atto,Normale,Buona,Sufficiente,1,0,0,1,NA,265
8,02/05/2014 18.10.00,Strada Urbana,in corrispondenza,del civico n.,Investimento di pedone,Più di due carreggiate,Bagnato (pioggia),Asfaltata,Verticale ed orizzontale,Pioggia in atto,Normale,Sufficiente,Sufficiente,1,0,0,1,NA,326
6,02/05/2014 18.15.00,Strada Urbana,in corrispondenza,del civico n.,Investimento di pedone,Una carreggiata a doppio senso,Bagnato (pioggia),Asfaltata,Orizzontale,Pioggia in atto,Intenso,Sufficiente,Sufficiente,0,1,0,2,NA,112
8,02/05/2014 18.15.00,Strada Urbana,in corrispondenza,del palo luce n.,Tamponamento,Due carreggiate,Bagnato (pioggia),Asfaltata,Verticale ed orizzontale,Nuvoloso,Intenso,Sufficiente,Sufficiente,2,0,0,1,NA,56
16,02/05/2014 18.30.00,Strada Urbana,in prossimità,del civico n.,Scontro frontale/laterale SX fra veicoli in marcia,Una carreggiata a senso unico di marcia,Bagnato (pioggia),Asfaltata,Verticale ed orizzontale,Nuvoloso,Normale,Sufficiente,Sufficiente,1,0,0,1,NA,274
4,02/05/2014 18.30.00,Strada Urbana,da specificare,NA,Veicolo in marcia contro ostacolo accidentale,Due carreggiate,Bagnato (pioggia),Con buche,Assente,Pioggia in atto,Normale,Sufficiente,Sufficiente,1,0,0,0,sotto cavalcavia salaria direzione p.le jonio,NA
8,02/05/2014 19.00.00,Strada Urbana,da specificare,NA,Veicolo in marcia contro ostacolo accidentale,Una carreggiata a doppio senso,Asciutto,Asfaltata,Verticale ed orizzontale,Sereno,Normale,Insufficiente,Inesistente,0,0,0,1,altezza inters.via Pretoro direz. Corcolle,NA
7,02/05/2014 19.00.00,NA,da specificare,NA,Veicolo in marcia contro ostacolo accidentale,NA,NA,NA,NA,NA,NA,NA,NA,0,0,0,0,"fronte ingresso area ""ESSO"" direzione Tiburtina",NA
13,02/05/2014 19.05.00,Strada Urbana,in corrispondenza,del civico n.,Investimento di pedone,Una carreggiata a doppio senso,Bagnato (pioggia),Asfaltata,Orizzontale,Pioggia in atto,Normale,Insufficiente,Insufficiente,1,0,0,1,NA,6
11,02/05/2014 19.15.00,Strada Urbana,da specificare,NA,Scontro laterale fra veicoli in marcia,Una carreggiata a senso unico di marcia,Bagnato (pioggia),Asfaltata,Orizzontale,Pioggia in atto,Intenso,Buona,Insufficiente,1,0,0,1,100 mt prima del civ. 28,NA
12,02/05/2014 19.30.00,Strada Urbana,da specificare,NA,Veicolo in marcia contro ostacolo accidentale,Due carreggiate,Bagnato (umidità in atto),Asfaltata,Verticale ed orizzontale,Nuvoloso,Normale,Sufficiente,Sufficiente,0,0,0,1,civ. 100 prossimita' area di parcheggio,NA
20,02/05/2014 19.30.00,Strada Urbana,in prossimità,del civico n.,Investimento di pedone,Una carreggiata a doppio senso,Bagnato (pioggia),Asfaltata,Temporanea di cantiere,Pioggia in atto,Intenso,Sufficiente,Sufficiente,1,0,0,1,NA,34
1,02/05/2014 19.30.00,Strada Urbana,da specificare,NA,Scontro laterale fra veicoli in marcia,Una carreggiata a doppio senso,Bagnato (pioggia),In cubetti di porfido,Verticale ed orizzontale,Pioggia in atto,Intenso,Sufficiente,Sufficiente,0,0,0,5,intersezione VIA DEL TEATRO MARCELLO,NA
19,02/05/2014 19.40.00,Strada Urbana,in prossimità,del civico n.,Investimento di pedone,Una carreggiata a doppio senso,Bagnato (pioggia),Asfaltata,Orizzontale,Pioggia in atto,Normale,Sufficiente,Sufficiente,2,0,0,0,NA,79
19,02/05/2014 19.45.00,Strada Urbana,in corrispondenza,del civico n. ,Investimento di pedone,Una carreggiata a doppio senso,Bagnato (pioggia),Asfaltata,Orizzontale,Pioggia in atto,Normale,Buona,Sufficiente,1,0,0,1,NA,283
4,02/05/2014 20.05.00,Strada Urbana,in prossimità,del civico n.,Scontro frontale/laterale SX fra veicoli in marcia,Una carreggiata a doppio senso,Bagnato (pioggia),Asfaltata,Verticale ed orizzontale,Pioggia in atto,Normale,Sufficiente,Sufficiente,1,0,0,5,NA,1412
5,02/05/2014 20.15.00,Strada Urbana,in prossimità,del civico n.,Investimento di pedone,Una carreggiata a senso unico di marcia,Bagnato (pioggia),Asfaltata,Orizzontale,Pioggia in atto,Scarso,Buona,Sufficiente,1,0,0,1,NA,30
23,02/05/2014 20.20.00,Strada Urbana,all'intersezione con,VIA UMBERTO GIORDANO,Scontro frontale/laterale SX fra veicoli in marcia,Più di due carreggiate,Bagnato (pioggia),Asfaltata,Assente,Pioggia in atto,Normale,Insufficiente,Insufficiente,0,0,0,6,NA,NA
16,02/05/2014 20.30.00,Strada Urbana,in prossimità,del civico n.,Scontro laterale fra veicoli in marcia,Due carreggiate,Bagnato (pioggia),Asfaltata,Verticale ed orizzontale,Pioggia in atto,Intenso,Sufficiente,Sufficiente,1,0,0,3,NA,202
13,02/05/2014 20.40.00,Strada Urbana,da specificare,NA,Veicolo in marcia contro ostacolo fisso,Una carreggiata a doppio senso,Bagnato (pioggia),Asfaltata,Assente,Pioggia in atto,Scarso,Sufficiente,Sufficiente,0,0,0,1,altezza Via Cima Vallona,NA
2,02/05/2014 20.45.00,Strada Urbana,da specificare,NA,Veicolo in marcia contro ostacolo accidentale,Due carreggiate,Bagnato (pioggia),Con buche,Verticale ed orizzontale,Nuvoloso,Normale,Buona,Sufficiente,0,0,0,1,all'altezza ponte via del Foro Italico (dir. GRA),NA
13,02/05/2014 20.50.00,Strada Urbana,in prossimità,del civico n.,Scontro laterale fra veicoli in marcia,Una carreggiata a doppio senso,Bagnato (pioggia),Asfaltata,Assente,Pioggia in atto,Scarso,Buona,Sufficiente,0,0,0,4,NA,169
10,02/05/2014 21.40.00,Strada Urbana,all'intersezione con,VIA GIUSEPPE SAREDO,Scontro frontale/laterale DX fra veicoli in marcia,Una carreggiata a doppio senso,Bagnato (pioggia),Asfaltata,Verticale ed orizzontale,Pioggia in atto,Normale,Sufficiente,Sufficiente,0,0,0,5,NA,NA
13,02/05/2014 22.00.00,Strada Urbana,da specificare,NA,Ribaltamento senza urto contro ostacolo fisso,Una carreggiata a doppio senso,Bagnato (pioggia),Asfaltata,Assente,Pioggia in atto,Scarso,Sufficiente,Sufficiente,1,0,0,0,alt. Via De Gubernatis,NA
8,02/05/2014 22.00.00,Strada Urbana,in corrispondenza,del civico n. ,Veicolo in marcia contro ostacolo accidentale,Una carreggiata a doppio senso,Bagnato (pioggia),Asfaltata,Verticale,Nuvoloso,Normale,Sufficiente,Sufficiente,0,0,0,2,NA,350
4,02/05/2014 22.15.00,Strada Urbana,da specificare,NA,Veicolo in marcia contro ostacolo accidentale,Una carreggiata a doppio senso,Bagnato (pioggia),Asfaltata,Verticale ed orizzontale,Pioggia in atto,Normale,Sufficiente,Sufficiente,1,0,0,0,altezza rotatoria,NA