Gruppo,DataOraIncidente,Localizzazione1,Localizzazione2,Strada02,NaturaIncidente,TipoStrada,FondoStradale,Pavimentazione,Segnaletica,CondizioneAtmosferica,Traffico,Visibilita,Illuminazione,NUM_FERITI,NUM_RISERVATA,NUM_MORTI,NUM_ILLESI,DaSpecificare,Chilometrica
7,02/05/2014 23.00.00,Strada Urbana,da specificare,NA,Veicolo in marcia contro ostacolo accidentale,Una carreggiata a doppio senso,Bagnato (pioggia),Con buche,Orizzontale,Pioggia in atto,Scarso,Sufficiente,Sufficiente,0,0,0,1,dir. G.R.A. 30/50 metri prima di Pzza C. de Cupis,NA
4,02/05/2014 23.00.00,Statale entro l'abitato,da specificare,NA,Veicolo in marcia contro ostacolo accidentale,Una carreggiata a senso unico di marcia,Bagnato (pioggia),Con buche,Assente,Pioggia in atto,Scarso,Insufficiente,Insufficiente,0,0,0,1,via cortona,NA
1,02/05/2014 23.00.00,Strada Urbana,in prossimità,del civico n.,Veicolo in marcia contro ostacolo accidentale,Una carreggiata a doppio senso,Bagnato (pioggia),Asfaltata,Verticale ed orizzontale,Pioggia in atto,Normale,Sufficiente,Sufficiente,0,0,0,2,NA,101
12,02/05/2014 23.25.00,Strada Urbana,da specificare,NA,Veicolo in marcia contro ostacolo fisso,Una carreggiata a senso unico di marcia,Bagnato (pioggia),Con buche,Verticale,Pioggia in atto,Scarso,Insufficiente,Inesistente,1,0,0,0,alt rampa viadotto direz. Fiumicino (zona Marconi),NA
2,02/05/2014 23.50.00,Strada Urbana,in corrispondenza,del civico n.,Veicolo in marcia contro ostacolo fisso,Più di due carreggiate,Bagnato (pioggia),Asfaltata,Verticale ed orizzontale,Pioggia in atto,Scarso,Buona,Sufficiente,0,1,0,0,NA,347
3,02/06/2014 00.10.00,Strada Urbana,da specificare,NA,Veicolo in marcia contro ostacolo accidentale,Una carreggiata a doppio senso,Bagnato (pioggia),Con buche,Verticale ed orizzontale,Pioggia in atto,Scarso,Sufficiente,Sufficiente,0,0,0,1,dopo inters Via Ponte Salario,NA
4,02/06/2014 00.10.00,Strada Urbana,in prossimità,del civico n.,Veicolo in marcia contro ostacolo fisso,Più di due carreggiate,Asciutto,Asfaltata,Orizzontale,Sereno,Scarso,Buona,Sufficiente,0,0,0,1,NA,156
12,02/06/2014 00.27.00,Strada Urbana,da specificare,NA,Veicolo in marcia contro ostacolo fisso,Una carreggiata a senso unico di marcia,Bagnato (pioggia),Con buche,Verticale ed orizzontale,Pioggia in atto,Scarso,Sufficiente,Sufficiente,0,0,0,1,PROSSIMITA' V. M. R. TANCREDI,NA
13,02/06/2014 00.45.00,Strada Urbana,in corrispondenza,del civico n.,Veicolo in marcia contro ostacolo accidentale,Una carreggiata a doppio senso,Bagnato (pioggia),Asfaltata,Verticale,Nuvoloso,Scarso,Buona,Sufficiente,0,0,0,1,NA,10
5,02/06/2014 01.00.00,Strada Urbana,da specificare,NA,Veicolo in marcia contro ostacolo fisso,Una carreggiata a doppio senso,Bagnato (pioggia),Asfaltata,Verticale ed orizzontale,Pioggia in atto,Scarso,Sufficiente,Sufficiente,0,0,0,1,PONTE FERROVIA PORTONACCIO,NA
18,02/06/2014 01.00.00,Strada Urbana,da specificare,NA,Veicolo in marcia contro ostacolo accidentale,Una carreggiata a doppio senso,Bagnato (pioggia),Con buche,Orizzontale,Pioggia in atto,Scarso,Sufficiente,Sufficiente,0,0,0,2,prossimità via Campomorone,NA
13,02/06/2014 02.30.00,Strada Urbana,in prossimità,del civico n.,Veicolo in marcia contro ostacolo accidentale,Una carreggiata a doppio senso,Bagnato (pioggia),Asfaltata,Assente,Nuvoloso,Scarso,Buona,Sufficiente,0,0,0,2,NA,10
8,02/06/2014 04.30.00,Provinciale entro l'abitato,in prossimità,del civico n. ,Veicolo in marcia contro ostacolo accidentale,Una carreggiata a doppio senso,Bagnato (umidità in atto),Con buche,Orizzontale,Nuvoloso,Scarso,Buona,Sufficiente,0,0,0,1,NA,1194
11,02/06/2014 04.30.00,Strada Urbana,in prossimità,del palo luce n.,Veicolo in marcia contro veicolo in sosta,Una carreggiata a doppio senso,Bagnato (pioggia),Asfaltata,Verticale ed orizzontale,Pioggia in atto,Normale,Sufficiente,Sufficiente,0,0,0,0,NA,n°15
4,02/06/2014 04.50.00,Strada Urbana,all'intersezione con,VIA GRAZIA DELEDDA,Veicolo in marcia contro ostacolo accidentale,Una carreggiata a doppio senso,Bagnato (pioggia),Con buche,Orizzontale,Nuvoloso,Scarso,Buona,Insufficiente,0,0,0,1,NA,NA
8,02/06/2014 06.00.00,Strada Urbana,da specificare,NA,Veicolo in marcia contro ostacolo accidentale,Una carreggiata a doppio senso,Bagnato (pioggia),Asfaltata,Verticale,Nuvoloso,Scarso,Insufficiente,Insufficiente,0,0,0,1,altezza via Cervicati,NA
2,02/06/2014 06.35.00,Strada Urbana,in prossimità,del civico n.,Veicolo in marcia contro ostacolo accidentale,Una carreggiata a doppio senso,Bagnato (umidità in atto),Asfaltata,Verticale ed orizzontale,Sereno,Scarso,Buona,Ore Diurne,0,0,0,1,NA,18
15,02/06/2014 06.50.00,Strada Urbana,da specificare,NA,Tamponamento Multiplo,Una carreggiata a doppio senso,Bagnato (umidità in atto),Asfaltata,Orizzontale,Nuvoloso,Normale,Sufficiente,Sufficiente,0,0,0,3,fronte civico 760,NA
12,02/06/2014 06.50.00,Provinciale,da specificare,NA,Veicolo in marcia contro ostacolo accidentale,Una carreggiata a doppio senso,Bagnato (pioggia),Con buche,Verticale ed orizzontale,Pioggia in atto,Intenso,Sufficiente,Ore Diurne,0,0,0,1,prossimità V. Spregamore direzione Roma,NA
16,02/06/2014 07.10.00,Strada Urbana,in prossimità,del palo luce n.,Veicolo in marcia contro ostacolo accidentale,Una carreggiata a doppio senso,Bagnato (pioggia),Asfaltata,Orizzontale,Nuvoloso,Normale,Buona,Ore Diurne,0,0,0,1,NA,35 Acea
18,02/06/2014 07.30.00,Strada Urbana,in prossimità,del civico n.,Veicolo in marcia contro ostacolo accidentale,Una carreggiata a doppio senso,Bagnato (pioggia),Con buche,Verticale ed orizzontale,Nuvoloso,Normale,Buona,Ore Diurne,0,0,0,1,NA,37
19,02/06/2014 07.30.00,Strada Urbana,in prossimità,del civico n.,Tamponamento,Una carreggiata a doppio senso,Bagnato (pioggia),Asfaltata,Verticale ed orizzontale,Pioggia in atto,Intenso,Buona,Ore Diurne,1,0,0,1,NA,250
23,02/06/2014 07.45.00,Strada Urbana,all'intersezione semaforizzata con,VIA OROPA,Veicolo in marcia contro ostacolo accidentale,Più di due carreggiate,Asciutto,Asfaltata,Verticale ed orizzontale,Nuvoloso,Intenso,Buona,Ore Diurne,2,0,0,0,NA,NA
4,02/06/2014 07.55.00,Strada Urbana,da specificare,NA,Veicolo in marcia contro ostacolo accidentale,Due carreggiate,Bagnato (umidità in atto),Con buche,Orizzontale,Nuvoloso,Normale,Buona,Ore Diurne,0,0,0,1,sotto il primo ponte ferroviario dir. viale Jonio,NA
5,02/06/2014 08.00.00,Strada Urbana,all'intersezione semaforizzata con,VIA DELLE CASE ROSSE,Scontro frontale/laterale SX fra veicoli in marcia,Una carreggiata a doppio senso,Asciutto,Asfaltata,Verticale ed orizzontale,Nuvoloso,Normale,Buona,Ore Diurne,1,0,0,2,NA,NA
1,02/06/2014 08.05.00,Strada Urbana,in corrispondenza,del civico n.,Veicolo in marcia contro ostacolo accidentale,Una carreggiata a senso unico di marcia,Bagnato (umidità in atto),Acciotolata,Verticale ed orizzontale,Nuvoloso,Scarso,Buona,Ore Diurne,0,0,0,1,NA,36
8,02/06/2014 08.15.00,Strada Urbana,in prossimità,del civico n. ,Veicolo in marcia contro ostacolo accidentale,Una carreggiata a senso unico di marcia,Bagnato (pioggia),Con buche,Orizzontale,Nuvoloso,Normale,Sufficiente,Ore Diurne,0,0,0,2,NA,53
19,02/06/2014 08.15.00,Strada Urbana,all'intersezione con,VIA VINCENZO VIARA DE RICCI,Scontro frontale/laterale DX fra veicoli in marcia,Una carreggiata a doppio senso,Bagnato (umidità in atto),Asfaltata,Orizzontale,Nuvoloso,Normale,Buona,Ore Diurne,0,0,0,2,NA,NA
8,02/06/2014 08.50.00,Statale entro l'abitato,in corrispondenza,del palo luce n.,Scontro frontale/laterale SX fra veicoli in marcia,Una carreggiata a doppio senso,Asciutto,Asfaltata,Verticale ed orizzontale,Nuvoloso,Normale,Buona,Ore Diurne,3,0,0,1,NA,824
10,02/06/2014 09.05.00,Strada Urbana,in prossimità,del civico n.,Veicolo in marcia contro ostacolo fisso,Una carreggiata a doppio senso,Bagnato (umidità in atto),Asfaltata,Verticale ed orizzontale,Nuvoloso,Intenso,Buona,Ore Diurne,0,0,0,1,NA,37
7,02/06/2014 09.05.00,Strada Urbana,all'intersezione con,VIA EMILIO LONGONI,Scontro laterale fra veicoli in marcia,Una carreggiata a senso unico di marcia,Bagnato (pioggia),Asfaltata,Verticale ed orizzontale,Pioggia in atto,Intenso,Buona,Ore Diurne,0,0,0,2,NA,NA
4,02/06/2014 09.10.00,Strada Urbana,da specificare,NA,Veicolo in marcia contro ostacolo accidentale,Due carreggiate,Bagnato (umidità in atto),Con buche,Orizzontale,Nuvoloso,Normale,Buona,Ore Diurne,0,0,0,1,sotto il primo ponte ferroviario dir. viale Jonio,NA
2,02/06/2014 09.10.00,Strada Urbana,all'intersezione semaforizzata con,PIAZZALE FLAMINIO,Scontro laterale fra veicoli in marcia,Due carreggiate,Bagnato (umidità in atto),Asfaltata,Verticale ed orizzontale,Sereno,Intenso,Buona,Ore Diurne,1,0,0,1,NA,NA
4,02/06/2014 09.15.00,Strada Urbana,da specificare,NA,Veicolo in marcia contro ostacolo accidentale,Due carreggiate,Bagnato (umidità in atto),Con buche,Orizzontale,Nuvoloso,Normale,Buona,Ore Diurne,0,0,0,1,sotto il primo ponte ferroviario dir. V.le Jonio,NA
8,02/06/2014 09.30.00,Statale entro l'abitato,in prossimità,del civico n.,Scontro laterale fra veicoli in marcia,Una carreggiata a doppio senso,Asciutto,Asfaltata,Verticale ed orizzontale,Sereno,Intenso,Buona,Ore Diurne,0,0,0,3,NA,1670
8,02/06/2014 09.30.00,Strada Urbana,in corrispondenza,del palo luce n. ,Veicolo in marcia contro ostacolo accidentale,Una carreggiata a senso unico di marcia,Bagnato (pioggia),Con buche,Assente,Nuvoloso,Normale,Sufficiente,Ore Diurne,0,0,0,1,NA,1
11,02/06/2014 09.30.00,Strada Urbana,in corrispondenza,del civico n. ,Scontro laterale fra veicoli in marcia,Una carreggiata a senso unico di marcia,Bagnato (umidità in atto),Asfaltata,Verticale,Sereno,Normale,Buona,Ore Diurne,0,0,0,3,NA,137
10,02/06/2014 09.30.00,Strada Urbana,in prossimità,del civico n. ,Veicolo in marcia contro ostacolo accidentale,Una carreggiata a doppio senso,Asciutto,Asfaltata,Assente,Sereno,Normale,Buona,Ore Diurne,0,0,0,1,NA,16
9,02/06/2014 09.40.00,Strada Urbana,all'intersezione con,VIA ROCCA DI PAPA,Scontro frontale/laterale DX fra veicoli in marcia,Una carreggiata a doppio senso,Asciutto,Asfaltata,Verticale ed orizzontale,Sereno,Normale,Buona,Ore Diurne,1,0,0,2,NA,NA
18,02/06/2014 09.40.00,Comunale extraurbana,da specificare,NA,Fuoriuscita dalla sede stradale,Una carreggiata a doppio senso,Bagnato (umidità in atto),Asfaltata,Verticale ed orizzontale,Sereno,Scarso,Buona,Ore Diurne,0,0,0,1,in prossimita' di Via Corrado Barbagallo,NA
3,02/06/2014 10.00.00,Strada Urbana,all'intersezione semaforizzata con,VIALE DELL'UNIVERSITA',Scontro frontale/laterale DX fra veicoli in marcia,Più di due carreggiate,Bagnato (umidità in atto),Asfaltata,Verticale ed orizzontale,Sereno,Scarso,Buona,Ore Diurne,1,0,0,2,NA,NA
15,02/06/2014 10.00.00,Comunale extraurbana,in prossimità,del palo luce n. ,Veicolo in marcia contro ostacolo accidentale,Una carreggiata a doppio senso,Bagnato (pioggia),Asfaltata,Orizzontale,Nuvoloso,Scarso,Buona,Ore Diurne,0,0,0,1,NA,189
20,02/06/2014 10.05.00,Provinciale entro l'abitato,all'intersezione con,VIA QUERO,Scontro frontale/laterale DX fra veicoli in marcia,Una carreggiata a doppio senso,Asciutto,Asfaltata,Verticale ed orizzontale,Sereno,Normale,Buona,Ore Diurne,1,0,0,1,NA,NA
15,02/06/2014 10.05.00,Strada Urbana,all'intersezione con,VIA SARZANA,Scontro frontale/laterale SX fra veicoli in marcia,Una carreggiata a doppio senso,Asciutto,Asfaltata,Verticale ed orizzontale,Nuvoloso,Normale,Buona,Ore Diurne,0,0,0,3,NA,NA
18,02/06/2014 10.10.00,Strada Urbana,in corrispondenza,del civico n.,Veicolo in marcia contro veicolo fermo,Una carreggiata a senso unico di marcia,Asciutto,Asfaltata,Verticale ed orizzontale,Nuvoloso,Scarso,Buona,Ore Diurne,1,0,0,1,NA,356
18,02/06/2014 10.15.00,Comunale extraurbana,da specificare,NA,Veicolo in marcia contro ostacolo fisso,Una carreggiata a doppio senso,Bagnato (umidità in atto),Asfaltata,Verticale ed orizzontale,Sereno,Scarso,Buona,Ore Diurne,1,0,0,0,in prossimita' di Via Corrado Barbagallo,NA
11,02/06/2014 10.15.00,Strada Urbana,da specificare,NA,Tamponamento Multiplo,Più di due carreggiate,Asciutto,Asfaltata,Verticale ed orizzontale,Sereno,Normale,Buona,Ore Diurne,0,0,0,4,in prossimità P.zza dei Navigatori,NA
17,02/06/2014 10.20.00,Strada Urbana,in prossimità,del civico n.,Scontro laterale fra veicoli in marcia,Una carreggiata a senso unico di marcia,Asciutto,Asfaltata,Verticale ed orizzontale,Sereno,Normale,Buona,Ore Diurne,0,0,0,2,NA,11
1,02/06/2014 10.20.00,Strada Urbana,all'intersezione con,VIA CAIROLI,Scontro frontale/laterale DX fra veicoli in marcia,Una carreggiata a doppio senso,Asciutto,Asfaltata,Verticale ed orizzontale,Sereno,Normale,Buona,Ore Diurne,2,0,0,0,NA,NA
5,02/06/2014 10.40.00,Strada Urbana,all'intersezione semaforizzata con,VIA GIUSEPPE GAGLIANI CAPUTO,Veicolo in marcia contro ostacolo fisso,Due carreggiate,Asciutto,Asfaltata,Verticale ed orizzontale,Nuvoloso,Scarso,Buona,Ore Diurne,0,0,0,1,NA,NA
5,02/06/2014 10.45.00,Strada Urbana,in prossimità,del civico n. ,Scontro laterale fra veicoli in marcia,Una carreggiata a doppio senso,Asciutto,Asfaltata,Orizzontale,Sereno,Normale,Buona,Ore Diurne,0,0,0,3,NA,1051
7,02/06/2014 10.45.00,Strada Urbana,da specificare,NA,Veicolo in marcia contro ostacolo accidentale,Una carreggiata a senso unico di marcia,Bagnato (pioggia),Asfaltata,Assente,Sereno,Normale,Buona,Ore Diurne,0,0,0,1,in prossimità di Largo Piccola Lourdes,NA
8,02/06/2014 10.50.00,Strada Urbana,in prossimità,del civico n.,Veicolo in marcia contro veicolo in sosta,Una carreggiata a doppio senso,Asciutto,Asfaltata,Verticale ed orizzontale,Sereno,Normale,Buona,Ore Diurne,0,0,0,1,NA,149
8,02/06/2014 11.00.00,Provinciale entro l'abitato,in prossimità,della chilometrica,Tamponamento,Una carreggiata a doppio senso,Asciutto,Asfaltata,Orizzontale,Sereno,Normale,Sufficiente,Ore Diurne,1,0,0,1,NA,20
7,02/06/2014 11.00.00,Strada Urbana,all'intersezione semaforizzata con,VIALE DEI ROMANISTI,Scontro frontale/laterale SX fra veicoli in marcia,Due carreggiate,Asciutto,Asfaltata,Verticale ed orizzontale,Sereno,Normale,Buona,Ore Diurne,0,0,0,4,NA,NA
19,02/06/2014 11.30.00,Strada Urbana,all'intersezione con,VIA CASTEGGIO,Scontro frontale/laterale SX fra veicoli in marcia,Una carreggiata a doppio senso,Asciutto,Asfaltata,Verticale ed orizzontale,Sereno,Scarso,Buona,Ore Diurne,0,0,0,3,NA,NA
12,02/06/2014 11.30.00,Strada Urbana,da specificare,NA,Veicolo in marcia contro veicolo in sosta,Una carreggiata a doppio senso,Asciutto,Asfaltata,Verticale ed orizzontale,Nuvoloso,Scarso,Buona,Ore Diurne,0,0,0,1,in corrispondenza parcheggio del dipartimento IX,NA
8,02/06/2014 11.30.00,Strada Urbana,in corrispondenza,del palo luce n.,Tamponamento,Due carreggiate,Asciutto,Asfaltata,Verticale ed orizzontale,Nuvoloso,Normale,Buona,Ore Diurne,1,0,0,1,NA,64
7,02/06/2014 11.40.00,Strada Urbana,all'intersezione con,VIA FILIPPO ARENA,Scontro frontale/laterale SX fra veicoli in marcia,Una carreggiata a doppio senso,Asciutto,Asfaltata,Verticale ed orizzontale,Nuvoloso,Normale,Buona,Ore Diurne,0,0,0,6,NA,NA
13,02/06/2014 11.45.00,Strada Urbana,all'intersezione con,CORSO REGINA MARIA PIA,Scontro frontale/laterale SX fra veicoli in marcia,Una carreggiata a doppio senso,Asciutto,Asfaltata,Verticale ed orizzontale,Sereno,Normale,Buona,Ore Diurne,0,0,0,2,NA,NA
13,02/06/2014 12.00.00,Strada Urbana,all'intersezione con,VIA DELL'APPAGLIATORE,Scontro laterale fra veicoli in marcia,Due carreggiate,Asciutto,Asfaltata,Verticale ed orizzontale,Sereno,Normale,Buona,Ore Diurne,0,0,0,2,NA,NA
18,02/06/2014 12.15.00,Strada Urbana,in prossimità,del civico n.,Scontro laterale fra veicoli in marcia,Due carreggiate,Asciutto,Asfaltata,Verticale ed orizzontale,Sereno,Normale,Buona,Ore Diurne,0,0,0,2,NA,327
10,02/06/2014 12.15.00,Strada Urbana,da specificare,NA,Veicolo in marcia contro ostacolo accidentale,Una carreggiata a doppio senso,Asciutto,Asfaltata,Verticale ed orizzontale,Sereno,Scarso,Buona,Ore Diurne,0,0,0,1,all'altezza di Via R.Guruzian dir. Via E. Giulioli,NA
12,02/06/2014 12.30.00,Provinciale,da specificare,NA,Scontro frontale fra veicoli in marcia,Due carreggiate,Asciutto,Asfaltata,Verticale ed orizzontale,Sereno,Intenso,Buona,Ore Diurne,0,0,0,1,civ. 885 direzione Roma centro,NA
7,02/06/2014 12.30.00,Strada Urbana,in prossimità,del civico n. ,Tamponamento Multiplo,Due carreggiate,Asciutto,Asfaltata,Verticale ed orizzontale,Nuvoloso,Intenso,Buona,Ore Diurne,0,0,0,3,NA,489
8,02/06/2014 12.40.00,Strada Urbana,all'intersezione semaforizzata con,VIA DELLE GHIANDAIE,Veicolo in marcia contro ostacolo accidentale,Due carreggiate,Asciutto,Con buche,Verticale ed orizzontale,Sereno,Normale,Buona,Ore Diurne,0,0,0,1,NA,NA
8,02/06/2014 13.00.00,Strada Urbana,all'intersezione con,VIA TRAPPETO,Scontro frontale/laterale DX fra veicoli in marcia,Una carreggiata a doppio senso,Asciutto,Asfaltata,Assente,Sereno,Normale,Buona,Ore Diurne,1,0,0,1,NA,NA
2,02/06/2014 13.20.00,Strada Urbana,all'intersezione con,VIALE ETIOPIA,Scontro laterale fra veicoli in marcia,Una carreggiata a doppio senso,Asciutto,Asfaltata,Verticale,Nuvoloso,Normale,Buona,Ore Diurne,1,0,0,1,NA,NA
11,02/06/2014 13.45.00,Strada Urbana,in corrispondenza,del civico n.,Veicolo in marcia contro ostacolo accidentale,Una carreggiata a doppio senso,Asciutto,Asfaltata,Assente,Sereno,Scarso,Buona,Ore Diurne,0,0,0,1,NA,23
20,02/06/2014 13.50.00,Strada Urbana,da specificare,NA,Scontro laterale fra veicoli in marcia,Due carreggiate,Asciutto,Asfaltata,Temporanea di cantiere,Sereno,Intenso,Buona,Ore Diurne,0,0,0,2,prossimità galleria Fleming direzione Gemelli,NA
4,02/06/2014 14.00.00,Strada Urbana,in prossimità,del civico n. ,Veicolo in marcia contro ostacolo accidentale,Due carreggiate,Asciutto,Con buche,Verticale ed orizzontale,Sereno,Normale,Buona,Ore Diurne,0,0,0,1,NA,11/13
8,02/06/2014 14.00.00,Strada Urbana,da specificare,NA,Veicolo in marcia contro ostacolo accidentale,Due carreggiate,Asciutto,Asfaltata,Orizzontale,Sereno,Normale,Buona,Ore Diurne,0,0,0,2,in prox cavalcavia Anderloni,NA
12,02/06/2014 14.00.00,Strada Urbana,da specificare,NA,Veicolo in marcia contro ostacolo accidentale,Una carreggiata a doppio senso,Asciutto,Asfaltata,Orizzontale,Sereno,Normale,Buona,Ore Diurne,0,0,0,1,"snc, direzione Via di Decima, alt. palo luce n. 70",NA
4,02/06/2014 14.10.00,Strada Urbana,in prossimità,del civico n. ,Veicolo in marcia contro ostacolo accidentale,Una carreggiata a doppio senso,Asciutto,Asfaltata,Orizzontale,Sereno,Normale,Buona,Ore Diurne,0,0,0,1,NA,25
8,02/06/2014 14.10.00,Strada Urbana,in prossimità,del palo luce n. ,Veicolo in marcia contro ostacolo accidentale,Una carreggiata a senso unico di marcia,Sdrucciolevole (fango),Strada pavimentata dissestata,Assente,Sereno,Scarso,Sufficiente,Ore Diurne,0,0,0,2,NA,2
15,02/06/2014 14.30.00,Strada Urbana,in corrispondenza,del civico n.,Veicolo in marcia contro ostacolo accidentale,Due carreggiate,Asciutto,Asfaltata,Verticale ed orizzontale,Sereno,Normale,Buona,Ore Diurne,1,0,0,0,NA,156
16,02/06/2014 14.40.00,Strada Urbana,all'intersezione con,VIA CAMILLO DE LELLIS,Scontro frontale/laterale SX fra veicoli in marcia,Una carreggiata a doppio senso,Asciutto,Asfaltata,Assente,Sereno,Normale,Buona,Ore Diurne,0,0,0,2,NA,NA
8,02/06/2014 14.40.00,Strada Urbana,da specificare,NA,Veicolo in marcia contro ostacolo accidentale,Due carreggiate,Asciutto,Asfaltata,Orizzontale,Sereno,Normale,Buona,Ore Diurne,0,0,0,2,alt. cavalcavia Anderloni,NA
7,02/06/2014 15.05.00,Strada Urbana,all'intersezione con,VIA VINCENZO CESATI,Scontro frontale/laterale DX fra veicoli in marcia,Due carreggiate,Asciutto,Asfaltata,Verticale ed orizzontale,Sereno,Normale,Buona,Ore Diurne,0,0,0,3,NA,NA
13,02/06/2014 15.05.00,Strada Urbana,in prossimità,del civico n.,Veicolo in marcia contro ostacolo accidentale,Una carreggiata a doppio senso,Asciutto,Asfaltata,Verticale ed orizzontale,Sereno,Normale,Buona,Ore Diurne,0,0,0,1,NA,150
8,02/06/2014 15.30.00,Strada Urbana,da specificare,NA,Veicolo in marcia contro ostacolo accidentale,Due carreggiate,Asciutto,Asfaltata,Verticale,Sereno,Normale,Buona,Ore Diurne,0,0,0,1,altezza civico 165/F,NA
1,02/06/2014 15.30.00,Strada Urbana,da specificare,NA,Veicolo in marcia contro veicolo in sosta,Una carreggiata a senso unico di marcia,Asciutto,Asfaltata,Verticale ed orizzontale,Sereno,Scarso,Buona,Ore Diurne,0,0,0,1,prossimità Via Abruzzi,NA
9,02/06/2014 16.00.00,Strada Urbana,in prossimità,del civico n.,Scontro frontale fra veicoli in marcia,Due carreggiate,Asciutto,Asfaltata,Verticale ed orizzontale,Sereno,Normale,Buona,Ore Diurne,0,0,0,2,NA,117
18,02/06/2014 16.00.00,Strada Urbana,in corrispondenza,del civico n.,Veicolo in marcia contro ostacolo accidentale,Una carreggiata a doppio senso,Asciutto,Asfaltata,Verticale ed orizzontale,Nuvoloso,Intenso,Buona,Ore Diurne,0,0,0,1,NA,617
12,02/06/2014 16.00.00,Strada Urbana,da specificare,NA,Investimento di pedone,Una carreggiata a senso unico di marcia,Asciutto,Asfaltata,Verticale ed orizzontale,Sereno,Normale,Buona,Ore Diurne,1,0,0,1,altezza VIA DI MEZZOCAMMINO,NA
20,02/06/2014 16.00.00,Strada Urbana,da specificare,NA,Scontro laterale fra veicoli in marcia,Una carreggiata a doppio senso,Asciutto,Asfaltata,Verticale ed orizzontale,Sereno,Scarso,Buona,Ore Diurne,0,0,0,2,inters. Via G.Stefanelli ( ex V.di Fondovalle ),NA
15,02/06/2014 16.10.00,Strada Urbana,da specificare,NA,Tamponamento,Una carreggiata a doppio senso,Asciutto,Asfaltata,Orizzontale,Sereno,Intenso,Buona,Ore Diurne,1,0,0,2,prossimità Via Brunacci ,NA
5,02/06/2014 16.15.00,Strada Urbana,in prossimità,del civico n.,Veicolo in marcia contro veicolo in sosta,Una carreggiata a doppio senso,Asciutto,Asfaltata,Orizzontale,Sereno,Normale,Buona,Ore Diurne,2,0,0,3,NA,846
15,02/06/2014 16.20.00,Strada Urbana,da specificare,NA,Veicolo in marcia contro ostacolo accidentale,Due carreggiate,Asciutto,Asfaltata,Orizzontale,Sereno,Normale,Buona,Ore Diurne,0,0,0,4,altezza paolo Acea 96 dir. Roma Fiumicino ,NA
15,02/06/2014 16.30.00,Strada Urbana,in prossimità,del civico n.,Veicolo in marcia contro ostacolo accidentale,Una carreggiata a senso unico di marcia,Asciutto,Asfaltata,Assente,Sereno,Normale,Buona,Ore Diurne,0,0,0,1,NA,1
5,02/06/2014 17.00.00,Strada Urbana,da specificare,NA,Tamponamento Multiplo,Due carreggiate,Asciutto,Asfaltata,Verticale ed orizzontale,Sereno,Intenso,Buona,Ore Diurne,0,0,0,5,prox via Zoe Fontana,NA
1,02/06/2014 17.00.00,Strada Urbana,all'intersezione semaforizzata con,LUNGOTEVERE DEI VALLATI,Scontro laterale fra veicoli in marcia,Più di due carreggiate,Asciutto,Asfaltata,Verticale ed orizzontale,Sereno,Intenso,Buona,Sufficiente,0,0,0,2,NA,NA
4,02/06/2014 17.20.00,Strada Urbana,in corrispondenza,del civico n.,Veicolo in marcia contro veicolo arresto,Una carreggiata a doppio senso,Asciutto,Asfaltata,Orizzontale,Sereno,Normale,Buona,Sufficiente,0,0,0,3,NA,190
8,02/06/2014 17.20.00,Strada Urbana,all'intersezione con,VIA VILLAFRANCA TIRRENA,Scontro laterale fra veicoli in marcia,Una carreggiata a doppio senso,Asciutto,Asfaltata,Verticale ed orizzontale,Nuvoloso,Intenso,Buona,Ore Diurne,1,0,0,2,NA,NA
1,02/06/2014 17.20.00,Strada Urbana,in corrispondenza,del palo luce n.,Scontro frontale/laterale SX fra veicoli in marcia,Più di due carreggiate,Asciutto,Asfaltata,Verticale,Nuvoloso,Intenso,Sufficiente,Ore Diurne,0,0,0,2,NA,63
19,02/06/2014 17.30.00,Strada Urbana,in prossimità,del civico n.,Veicolo in marcia contro ostacolo fisso,Una carreggiata a senso unico di marcia,Asciutto,Asfaltata,Assente,Sereno,Normale,Buona,Sufficiente,0,0,0,1,NA,62
18,02/06/2014 17.30.00,Strada Urbana,in prossimità,del civico n.,Scontro frontale fra veicoli in marcia,Una carreggiata a doppio senso,Asciutto,Asfaltata,Orizzontale,Sereno,Normale,Buona,Ore Diurne,2,0,0,2,NA,33
13,02/06/2014 17.30.00,Strada Urbana,in prossimità,del civico n.,Veicolo in marcia contro ostacolo accidentale,Una carreggiata a senso unico di marcia,Asciutto,Asfaltata,Verticale ed orizzontale,Sereno,Scarso,Sufficiente,Ore Diurne,1,0,0,0,NA,91
9,02/06/2014 17.55.00,Strada Urbana,all'intersezione semaforizzata con,VIA RIMINI,Scontro frontale/laterale SX fra veicoli in marcia,Una carreggiata a doppio senso,Asciutto,Asfaltata,Verticale ed orizzontale,Sereno,Normale,Sufficiente,Sufficiente,0,0,0,2,NA,NA
23,02/06/2014 18.00.00,Strada Urbana,in prossimità,della chilometrica,Fuoriuscita dalla sede stradale,Più di due carreggiate,Bagnato (pioggia),Asfaltata,Verticale ed orizzontale,Nuvoloso,Scarso,Insufficiente,Inesistente,0,1,0,0,NA,21.087