Gruppo,DataOraIncidente,Localizzazione1,Localizzazione2,Strada02,NaturaIncidente,TipoStrada,FondoStradale,Pavimentazione,Segnaletica,CondizioneAtmosferica,Traffico,Visibilita,Illuminazione,NUM_FERITI,NUM_RISERVATA,NUM_MORTI,NUM_ILLESI,DaSpecificare,Chilometrica
13,02/07/2014 13.20.00,Strada Urbana,in corrispondenza,del civico n.,Veicolo in marcia contro veicolo fermo,Due carreggiate,Asciutto,Asfaltata,Verticale ed orizzontale,Sereno,Normale,Buona,Ore Diurne,0,0,0,2,NA,21
6,02/07/2014 13.20.00,Strada Urbana,all'intersezione con,VIA GIOVANNI MAGGI,Scontro laterale fra veicoli in marcia,Due carreggiate,Asciutto,Asfaltata,Verticale ed orizzontale,Sereno,Normale,Buona,Ore Diurne,1,0,0,4,NA,NA
9,02/07/2014 13.40.00,Strada Urbana,all'intersezione semaforizzata con,VIA APPIA NUOVA,Scontro frontale/laterale SX fra veicoli in marcia,Una carreggiata a doppio senso,Asciutto,Asfaltata,Verticale ed orizzontale,Nuvoloso,Normale,Buona,Ore Diurne,1,0,0,1,NA,NA
16,02/07/2014 13.45.00,Strada Urbana,in prossimità,del palo luce n.,Veicolo in marcia contro ostacolo accidentale,Più di due carreggiate,Asciutto,Asfaltata,Verticale ed orizzontale,Sereno,Normale,Buona,Ore Diurne,0,0,0,1,NA,87
12,02/07/2014 13.55.00,Strada Urbana,in prossimità,del civico n.,Investimento di pedone,Due carreggiate,Asciutto,Asfaltata,Verticale ed orizzontale,Sereno,Normale,Buona,Ore Diurne,1,0,0,1,NA,198
1,02/07/2014 14.30.00,Strada Urbana,in corrispondenza,del civico n.,Tamponamento,Una carreggiata a senso unico di marcia,Asciutto,In cubetti di porfido,Verticale ed orizzontale,Sereno,Intenso,Buona,Ore Diurne,2,0,0,1,NA,94
8,02/07/2014 15.00.00,Strada Urbana,all'intersezione con,VIALE DUILIO CAMBELLOTTI,Scontro frontale/laterale DX fra veicoli in marcia,Una carreggiata a senso unico di marcia,Asciutto,Asfaltata,Verticale ed orizzontale,Sereno,Normale,Buona,Ore Diurne,0,0,0,4,NA,NA
1,02/07/2014 15.00.00,Strada Urbana,all'intersezione con,VIA DRUSIANA,Scontro frontale/laterale SX fra veicoli in marcia,Una carreggiata a doppio senso,Asciutto,Asfaltata,Verticale ed orizzontale,Sereno,Normale,Buona,Ore Diurne,3,0,0,2,NA,NA
2,02/07/2014 15.45.00,Strada Urbana,in prossimità,del palo luce n.,Tamponamento Multiplo,Due carreggiate,Asciutto,Asfaltata,Verticale ed orizzontale,Sereno,Normale,Buona,Ore Diurne,1,0,0,4,NA,296
9,02/07/2014 15.50.00,Strada Urbana,all'intersezione semaforizzata con,VIALE CASTRENSE,Scontro frontale/laterale SX fra veicoli in marcia,Due carreggiate,Asciutto,Asfaltata,Verticale ed orizzontale,Sereno,Normale,Buona,Ore Diurne,1,0,0,1,NA,NA
13,02/07/2014 15.50.00,Strada Urbana,all'intersezione con,VIA PADRE PERILLI,Veicolo in marcia contro ostacolo accidentale,Una carreggiata a doppio senso,Asciutto,Asfaltata,Verticale,Sereno,Intenso,Buona,Ore Diurne,0,0,0,1,NA,NA
23,02/07/2014 16.00.00,Strada Urbana,in prossimità,del civico n.,Infortunio per sola frenata improvvisa,Una carreggiata a doppio senso,Asciutto,Asfaltata,Verticale ed orizzontale,Sereno,Normale,Buona,Ore Diurne,1,0,0,0,NA,33
20,02/07/2014 16.15.00,Strada Urbana,all'intersezione con,VIA VALLINFREDA,Scontro laterale fra veicoli in marcia,Una carreggiata a doppio senso,Asciutto,Asfaltata,Verticale,Sereno,Normale,Buona,Ore Diurne,1,0,0,1,NA,NA
15,02/07/2014 16.20.00,Strada Urbana,da specificare,NA,Scontro laterale fra veicoli in marcia,Una carreggiata a doppio senso,Asciutto,Asfaltata,Assente,Sereno,Scarso,Buona,Ore Diurne,0,0,0,3,fronte civico 44,NA
10,02/07/2014 16.30.00,Provinciale entro l'abitato,in prossimità,del civico n. ,Scontro laterale fra veicoli in marcia,Due carreggiate,Asciutto,Asfaltata,Verticale ed orizzontale,Sereno,Normale,Buona,Ore Diurne,0,0,0,4,NA,1260
13,02/07/2014 16.45.00,Strada Urbana,all'intersezione con,PIAZZA ESCHILO,Scontro frontale fra veicoli in marcia,Una carreggiata a doppio senso,Asciutto,Asfaltata,Verticale ed orizzontale,Sereno,Normale,Buona,Ore Diurne,0,0,0,2,NA,NA
5,02/07/2014 17.00.00,Strada Urbana,in prossimità,del civico n.,Scontro laterale fra veicoli in marcia,Una carreggiata a doppio senso,Asciutto,Asfaltata,Verticale ed orizzontale,Sereno,Intenso,Sufficiente,Ore Diurne,0,0,0,2,NA,1210
8,02/07/2014 17.10.00,Strada Urbana,in corrispondenza,del civico n.,Veicolo in marcia contro ostacolo accidentale,Una carreggiata a senso unico di marcia,Asciutto,Asfaltata,Orizzontale,Sereno,Scarso,Buona,Ore Diurne,0,0,0,2,NA,55
12,02/07/2014 17.15.00,Regionale,da specificare,NA,Tamponamento Multiplo,Due carreggiate,Asciutto,Asfaltata,Orizzontale,Sereno,Normale,Sufficiente,Sufficiente,0,0,0,3,direz. Roma alt. cavalcavia Spinaceto,NA
13,02/07/2014 17.15.00,Strada Urbana,da specificare,NA,Veicolo in marcia contro ostacolo accidentale,Una carreggiata a doppio senso,Asciutto,Asfaltata,Verticale ed orizzontale,Sereno,Normale,Buona,Ore Diurne,0,0,0,1,in corrispondenza della salita,NA
6,02/07/2014 17.15.00,Strada Urbana,all'intersezione con,VIA DI CENTOCELLE,Scontro frontale/laterale DX fra veicoli in marcia,Una carreggiata a doppio senso,Asciutto,Asfaltata,Verticale ed orizzontale,Sereno,Normale,Buona,Ore Diurne,0,0,0,2,NA,NA
11,02/07/2014 17.20.00,Strada Urbana,in prossimità,del civico n.,Veicolo in marcia contro veicolo in sosta,Una carreggiata a senso unico di marcia,Asciutto,Asfaltata,Verticale ed orizzontale,Sereno,Normale,Sufficiente,Ore Diurne,0,0,0,1,NA,5
11,02/07/2014 17.20.00,Strada Urbana,in corrispondenza,del civico n. ,Fuoriuscita dalla sede stradale,Una carreggiata a doppio senso,Asciutto,Asfaltata,Verticale ed orizzontale,Sereno,Normale,Buona,Ore Diurne,0,0,0,1,NA,610
1,02/07/2014 18.00.00,Strada Urbana,all'intersezione con,VIA MARSALA,Scontro laterale fra veicoli in marcia,Una carreggiata a doppio senso,Asciutto,Asfaltata,Verticale ed orizzontale,Sereno,Intenso,Buona,Sufficiente,1,0,0,3,NA,NA
7,02/07/2014 18.00.00,Strada Urbana,in prossimità,del palo luce n. ,Tamponamento,Una carreggiata a doppio senso,Asciutto,Asfaltata,Orizzontale,Sereno,Intenso,Buona,Sufficiente,0,0,0,3,NA,422
13,02/07/2014 18.00.00,Strada Urbana,all'intersezione con,VIA DELL'APPAGLIATORE,Tamponamento,Una carreggiata a doppio senso,Asciutto,Asfaltata,Orizzontale,Sereno,Normale,Buona,Sufficiente,1,0,0,1,NA,NA
16,02/07/2014 18.00.00,Strada Urbana,in corrispondenza,del civico n.,Scontro laterale fra veicoli in marcia,Una carreggiata a senso unico di marcia,Asciutto,Asfaltata,Assente,Sereno,Normale,Buona,Sufficiente,0,0,0,2,NA,61
1,02/07/2014 18.15.00,Strada Urbana,in corrispondenza,del civico n.,Veicolo in marcia contro ostacolo fisso,Una carreggiata a senso unico di marcia,Asciutto,Asfaltata,Verticale ed orizzontale,Nuvoloso,Normale,Buona,Sufficiente,0,0,0,1,NA,12
4,02/07/2014 18.20.00,Strada Urbana,in corrispondenza,del civico n.,Scontro laterale fra veicoli in marcia,Una carreggiata a senso unico di marcia,Asciutto,Asfaltata,Verticale,Nuvoloso,Normale,Buona,Sufficiente,1,0,0,1,NA,30
1,02/07/2014 18.30.00,Strada Urbana,in prossimità,del civico n.,Scontro laterale fra veicoli in marcia,Una carreggiata a senso unico di marcia,Asciutto,Asfaltata,Verticale ed orizzontale,Nuvoloso,Intenso,Sufficiente,Sufficiente,0,0,0,2,NA,46
4,02/07/2014 18.35.00,Strada Urbana,in corrispondenza,del civico n.,Scontro frontale/laterale SX fra veicoli in marcia,Una carreggiata a senso unico di marcia,Asciutto,Asfaltata,Verticale,Nuvoloso,Normale,Buona,Sufficiente,0,0,0,2,NA,5
20,02/07/2014 18.50.00,Provinciale entro l'abitato,da specificare,NA,Veicolo in marcia contro ostacolo accidentale,Una carreggiata a doppio senso,Asciutto,Asfaltata,Assente,Nuvoloso,Normale,Sufficiente,Insufficiente,0,0,0,2,in prossimità di Via Comelico Superiore,NA
20,02/07/2014 18.50.00,Provinciale entro l'abitato,da specificare,NA,Veicolo in marcia contro ostacolo accidentale,Una carreggiata a doppio senso,Asciutto,Asfaltata,Assente,Nuvoloso,Scarso,Sufficiente,Insufficiente,0,0,0,2,prossimità Via Comelico Superiore,NA
8,02/07/2014 19.00.00,Strada Urbana,all'intersezione con,VIA DI TOR BELLA MONACA,Scontro frontale/laterale SX fra veicoli in marcia,Una carreggiata a senso unico di marcia,Asciutto,Asfaltata,Verticale ed orizzontale,Sereno,Intenso,Sufficiente,Sufficiente,0,0,0,2,NA,NA
16,02/07/2014 19.00.00,Strada Urbana,in prossimità,del civico n.,Scontro frontale/laterale DX fra veicoli in marcia,Una carreggiata a doppio senso,Asciutto,Asfaltata,Verticale ed orizzontale,Sereno,Normale,Buona,Sufficiente,0,0,0,2,NA,286
5,02/07/2014 19.15.00,Strada Urbana,in prossimità,del civico n.,Veicolo in marcia contro ostacolo accidentale,Due carreggiate,Asciutto,Asfaltata,Verticale ed orizzontale,Sereno,Scarso,Sufficiente,Sufficiente,0,0,0,2,NA,374
13,02/07/2014 19.50.00,Strada Urbana,in corrispondenza,del civico n.,Tamponamento Multiplo,Una carreggiata a senso unico di marcia,Bagnato (pioggia),Asfaltata,Orizzontale,Pioggia in atto,Intenso,Sufficiente,Sufficiente,4,0,0,4,NA,2077
20,02/07/2014 20.30.00,Strada Urbana,in prossimità,del civico n.,Investimento di pedone,Una carreggiata a doppio senso,Bagnato (pioggia),Asfaltata,Orizzontale,Pioggia in atto,Scarso,Sufficiente,Sufficiente,1,0,0,3,NA,62
8,02/07/2014 20.50.00,Strada Urbana,in prossimità,del civico n.,Veicolo in marcia contro ostacolo accidentale,Una carreggiata a doppio senso,Bagnato (pioggia),Asfaltata,Assente,Pioggia in atto,Scarso,Insufficiente,Inesistente,0,0,0,1,NA,482
13,02/07/2014 21.00.00,Strada Urbana,da specificare,NA,Veicolo in marcia contro ostacolo accidentale,Una carreggiata a doppio senso,Bagnato (pioggia),Asfaltata,Verticale ed orizzontale,Pioggia in atto,Scarso,Insufficiente,Inesistente,0,0,0,1,altezza vivaio,NA
8,02/07/2014 21.15.00,Strada Urbana,in prossimità,del civico n.,Veicolo in marcia contro ostacolo accidentale,Una carreggiata a doppio senso,Bagnato (umidità in atto),Asfaltata,Verticale ed orizzontale,Nuvoloso,Scarso,Insufficiente,Inesistente,0,0,0,1,NA,482
8,02/07/2014 21.15.00,Strada Urbana,da specificare,NA,Veicolo in marcia contro ostacolo accidentale,Una carreggiata a senso unico di marcia,Bagnato (pioggia),Asfaltata,Verticale ed orizzontale,Pioggia in atto,Scarso,Sufficiente,Sufficiente,0,0,0,1,ca 200 mt. prima del civ. 320 dir. via Collatina,NA
7,02/07/2014 21.25.00,Strada Urbana,all'intersezione semaforizzata con,VIA GIROLAMO COCCONI,Scontro frontale/laterale SX fra veicoli in marcia,Una carreggiata a senso unico di marcia,Bagnato (umidità in atto),Asfaltata,Verticale ed orizzontale,Nuvoloso,Scarso,Sufficiente,Sufficiente,1,0,0,2,NA,NA
11,02/07/2014 21.30.00,Strada Urbana,all'intersezione con,VIA DEL COLLE DI MEZZO,Scontro frontale/laterale DX fra veicoli in marcia,Due carreggiate,Bagnato (pioggia),Asfaltata,Verticale ed orizzontale,Pioggia in atto,Scarso,Buona,Sufficiente,0,0,0,2,NA,NA
9,02/07/2014 22.30.00,Strada Urbana,da specificare,NA,Scontro laterale fra veicoli in marcia,Una carreggiata a senso unico di marcia,Bagnato (pioggia),Asfaltata,Verticale ed orizzontale,Pioggia in atto,Scarso,Sufficiente,Sufficiente,0,0,0,2,fronte civ.9,NA
6,02/07/2014 22.45.00,Strada Urbana,all'intersezione semaforizzata con,PIAZZALE LABICANO,Tamponamento,Più di due carreggiate,Bagnato (pioggia),Acciotolata,Verticale ed orizzontale,Pioggia in atto,Scarso,Buona,Sufficiente,0,0,0,6,NA,NA
2,02/07/2014 23.29.00,Strada Urbana,all'intersezione con,PIAZZA GENTILE DA FABRIANO,Veicolo in marcia contro veicoli fermi,Due carreggiate,Bagnato (umidità in atto),Asfaltata,Orizzontale,Pioggia in atto,Scarso,Sufficiente,Sufficiente,1,0,0,3,NA,NA
8,02/07/2014 23.40.00,Strada Urbana,all'intersezione con,VIA ANDREA NOALE,Veicolo in marcia contro ostacolo accidentale,Una carreggiata a doppio senso,Bagnato (pioggia),Asfaltata,Verticale ed orizzontale,Sereno,Scarso,Insufficiente,Inesistente,0,0,0,1,NA,NA
17,02/08/2014 00.00.00,Strada Urbana,da specificare,NA,Veicolo in marcia contro veicolo in sosta,Una carreggiata a senso unico di marcia,Bagnato (umidità in atto),Asfaltata,Verticale ed orizzontale,Sereno,Scarso,Buona,Ore Diurne,0,0,0,0,tra il civ.4 e 6,NA
12,02/08/2014 00.15.00,Comunale extraurbana,da specificare,NA,Veicolo in marcia contro ostacolo fisso,Due carreggiate,Bagnato (pioggia),Asfaltata,Verticale ed orizzontale,Pioggia in atto,Normale,Sufficiente,Sufficiente,1,0,0,0,"dir. Fiumicino, pross. V. del Cappellaccio",NA
17,02/08/2014 00.30.00,Strada Urbana,in prossimità,del civico n.,Veicolo in marcia contro veicolo in sosta,Una carreggiata a senso unico di marcia,Bagnato (pioggia),Acciotolata,Verticale ed orizzontale,Pioggia in atto,Normale,Buona,Sufficiente,0,0,0,0,NA,1
10,02/08/2014 00.35.00,Strada Urbana,in corrispondenza,del civico n.,Scontro frontale/laterale DX fra veicoli in marcia,Due carreggiate,Bagnato (pioggia),Asfaltata,Verticale ed orizzontale,Pioggia in atto,Scarso,Buona,Sufficiente,1,0,0,2,NA,1009
11,02/08/2014 01.15.00,Strada Urbana,all'intersezione semaforizzata con,VIA GIOVANNI GENOCCHI,Tamponamento,Più di due carreggiate,Bagnato (pioggia),Asfaltata,Verticale ed orizzontale,Pioggia in atto,Normale,Buona,Sufficiente,0,0,0,2,NA,NA
1,02/08/2014 01.20.00,Strada Urbana,all'intersezione con,VIA DELLE FOSSE DI CASTELLO,Veicolo in marcia contro veicoli in sosta,Una carreggiata a senso unico di marcia,Bagnato (pioggia),Asfaltata,Verticale ed orizzontale,Pioggia in atto,Scarso,Sufficiente,Sufficiente,0,0,0,2,NA,NA
8,02/08/2014 01.30.00,Strada Urbana,da specificare,NA,Veicolo in marcia contro ostacolo accidentale,Una carreggiata a senso unico di marcia,Bagnato (pioggia),Asfaltata,Orizzontale,Pioggia in atto,Scarso,Insufficiente,Inesistente,0,0,0,1,altezza svincolo via M. PASTORE,NA
8,02/08/2014 01.35.00,Strada Urbana,da specificare,NA,Veicolo in marcia contro ostacolo accidentale,Una carreggiata a senso unico di marcia,Bagnato (pioggia),Asfaltata,Assente,Pioggia in atto,Scarso,Insufficiente,Inesistente,0,0,0,2,altezza svincolo via M. PASTORE,NA
1,02/08/2014 01.40.00,Strada Urbana,in prossimità,del civico n.,Veicolo in marcia contro veicolo in sosta,Due carreggiate,Bagnato (pioggia),In cubetti di porfido,Verticale ed orizzontale,Pioggia in atto,Scarso,Sufficiente,Sufficiente,0,0,0,1,NA,93
2,02/08/2014 02.20.00,Strada Urbana,da specificare,NA,Veicolo in marcia contro ostacolo fisso,Due carreggiate,Bagnato (umidità in atto),Asfaltata,Orizzontale,Pioggia in atto,Scarso,Sufficiente,Sufficiente,1,0,0,0,dir. Parioli,NA
5,02/08/2014 03.00.00,Strada Urbana,in corrispondenza,del civico n.,Veicolo in marcia contro veicolo in sosta,Una carreggiata a senso unico di marcia,Bagnato (pioggia),Asfaltata,Verticale ed orizzontale,Pioggia in atto,Scarso,Buona,Sufficiente,0,0,0,0,NA,14
20,02/08/2014 03.30.00,Strada Urbana,all'intersezione con,VIA BEVAGNA,Ribaltamento senza urto contro ostacolo fisso,Una carreggiata a doppio senso,Bagnato (pioggia),Asfaltata,Orizzontale,Pioggia in atto,Scarso,Sufficiente,Sufficiente,0,0,0,2,NA,NA
7,02/08/2014 05.15.00,Strada Urbana,all'intersezione semaforizzata con,VIALE DEI ROMANISTI,Scontro frontale/laterale SX fra veicoli in marcia,Due carreggiate,Bagnato (umidità in atto),Asfaltata,Verticale ed orizzontale,Nuvoloso,Scarso,Buona,Sufficiente,1,0,0,0,NA,NA
6,02/08/2014 05.20.00,Strada Urbana,all'intersezione semaforizzata con,VIA TOR DE' SCHIAVI,Scontro laterale fra veicoli in marcia,Due carreggiate,Bagnato (pioggia),Asfaltata,Verticale ed orizzontale,Nuvoloso,Scarso,Buona,Sufficiente,1,0,0,1,NA,NA
8,02/08/2014 06.20.00,Strada Urbana,da specificare,NA,Veicolo in marcia contro ostacolo accidentale,Una carreggiata a doppio senso,Bagnato (umidità in atto),Con buche,Orizzontale,Nuvoloso,Scarso,Buona,Sufficiente,0,0,0,1,fronte civico 84,NA
6,02/08/2014 06.50.00,Strada Urbana,all'intersezione con,VIA VINCENZO CESATI,Scontro frontale/laterale SX fra veicoli in marcia,Una carreggiata a senso unico di marcia,Asciutto,Asfaltata,Assente,Sereno,Normale,Buona,Ore Diurne,0,0,0,2,NA,NA
18,02/08/2014 07.30.00,Strada Urbana,in prossimità,del civico n.,Scontro frontale fra veicoli in marcia,Una carreggiata a doppio senso,Bagnato (pioggia),Asfaltata,Assente,Nuvoloso,Normale,Sufficiente,Ore Diurne,0,0,0,3,NA,35
3,02/08/2014 08.20.00,Strada Urbana,da specificare,NA,Scontro frontale fra veicoli in marcia,Una carreggiata a doppio senso,Bagnato (umidità in atto),Asfaltata,Temporanea di cantiere,Sereno,Scarso,Buona,Ore Diurne,0,0,0,2,altezza via teodolinda,NA
8,02/08/2014 08.40.00,Strada Urbana,in corrispondenza,del palo luce n.,Veicolo in marcia contro ostacolo accidentale,Una carreggiata a senso unico di marcia,Bagnato (umidità in atto),Con buche,Assente,Sereno,Scarso,Buona,Ore Diurne,0,0,0,1,NA,2
13,02/08/2014 08.45.00,Strada Urbana,all'intersezione con,VIA FRANCESCO MENZIO,Scontro frontale/laterale SX fra veicoli in marcia,Una carreggiata a doppio senso,Asciutto,Asfaltata,Verticale ed orizzontale,Sereno,Scarso,Buona,Ore Diurne,0,0,0,3,NA,NA
3,02/08/2014 08.50.00,Strada Urbana,in corrispondenza,del civico n.,Scontro frontale/laterale DX fra veicoli in marcia,Una carreggiata a doppio senso,Bagnato (umidità in atto),Asfaltata,Orizzontale,Sereno,Scarso,Buona,Ore Diurne,1,0,0,1,NA,34a
18,02/08/2014 08.55.00,Strada Urbana,in prossimità,del civico n.,Tamponamento Multiplo,Una carreggiata a doppio senso,Asciutto,Asfaltata,Verticale ed orizzontale,Sereno,Normale,Buona,Ore Diurne,1,0,0,3,NA,476
19,02/08/2014 09.00.00,Provinciale,in prossimità,della chilometrica ,Veicolo in marcia contro ostacolo accidentale,Una carreggiata a doppio senso,Asciutto,Asfaltata,Orizzontale,Sereno,Scarso,Buona,Ore Diurne,0,0,0,1,NA,"12,600"
1,02/08/2014 09.05.00,Strada Urbana,in prossimità,del civico n.,Tamponamento Multiplo,Due carreggiate,Asciutto,Asfaltata,Verticale ed orizzontale,Sereno,Normale,Buona,Ore Diurne,0,0,0,3,NA,5
16,02/08/2014 09.20.00,Strada Urbana,all'intersezione con,VIA FRANCESCO CATEL,Investimento di pedone,Una carreggiata a doppio senso,Asciutto,Asfaltata,Verticale ed orizzontale,Sereno,Normale,Buona,Ore Diurne,1,0,0,1,NA,NA
18,02/08/2014 09.30.00,Strada Urbana,da specificare,NA,Scontro laterale fra veicoli in marcia,Due carreggiate,Asciutto,Asfaltata,Verticale ed orizzontale,Sereno,Normale,Buona,Ore Diurne,1,0,0,2,fronte Via Torre Rossa,NA
10,02/08/2014 09.30.00,Strada Urbana,in corrispondenza,del civico n.,Scontro frontale/laterale SX fra veicoli in marcia,Due carreggiate,Asciutto,Asfaltata,Orizzontale,Sereno,Normale,Buona,Ore Diurne,0,0,0,3,NA,4/T
19,02/08/2014 10.15.00,Strada Urbana,in prossimità,del civico n.,Scontro laterale fra veicoli in marcia,Una carreggiata a senso unico di marcia,Bagnato (umidità in atto),Asfaltata,Assente,Sereno,Scarso,Buona,Ore Diurne,0,0,0,3,NA,5
8,02/08/2014 10.15.00,Statale entro l'abitato,in prossimità,del civico n.,Infortunio per caduta del veicolo,Una carreggiata a doppio senso,Bagnato (umidità in atto),Asfaltata,Verticale ed orizzontale,Sereno,Normale,Buona,Ore Diurne,1,0,0,0,NA,1194
13,02/08/2014 10.20.00,Strada Urbana,all'intersezione con,VIA DELL'APPAGLIATORE,Veicolo in marcia contro ostacolo accidentale,Due carreggiate,Asciutto,Con buche,Verticale ed orizzontale,Nuvoloso,Intenso,Buona,Ore Diurne,0,0,0,1,NA,NA
13,02/08/2014 10.35.00,Strada Urbana,da specificare,NA,Scontro frontale fra veicoli in marcia,Una carreggiata a doppio senso,Asciutto,Asfaltata,Verticale ed orizzontale,Sereno,Intenso,Buona,Ore Diurne,0,0,0,2,rampa immissione per via Ostiense,NA
3,02/08/2014 10.35.00,Strada Urbana,all'intersezione con,CIRCONVALLAZIONE NOMENTANA,Scontro frontale/laterale DX fra veicoli in marcia,Due carreggiate,Asciutto,Asfaltata,Verticale ed orizzontale,Sereno,Normale,Buona,Ore Diurne,0,0,0,3,NA,NA
9,02/08/2014 10.55.00,Strada Urbana,in corrispondenza,del civico n. ,Scontro laterale fra veicoli in marcia,Una carreggiata a senso unico di marcia,Asciutto,Asfaltata,Orizzontale,Sereno,Normale,Buona,Ore Diurne,0,0,0,2,NA,562
12,02/08/2014 11.00.00,Strada Urbana,in prossimità,del civico n.,Veicolo in marcia contro veicolo fermo,Una carreggiata a doppio senso,Asciutto,Asfaltata,Verticale ed orizzontale,Nuvoloso,Normale,Buona,Ore Diurne,0,0,0,2,NA,65
7,02/08/2014 11.20.00,Strada Urbana,da specificare,NA,Scontro frontale/laterale DX fra veicoli in marcia,Due carreggiate,Asciutto,Asfaltata,Verticale ed orizzontale,Nuvoloso,Normale,Buona,Ore Diurne,0,0,0,3,in prossimità del civico 274,NA
8,02/08/2014 11.30.00,Strada Urbana,in prossimità,del civico n.,Veicolo in marcia contro ostacolo accidentale,Una carreggiata a doppio senso,Asciutto,Asfaltata,Verticale ed orizzontale,Nuvoloso,Normale,Buona,Ore Diurne,0,0,0,1,NA,39
4,02/08/2014 11.50.00,Strada Urbana,in prossimità,del civico n.,Veicolo in marcia contro veicolo in sosta,Una carreggiata a senso unico di marcia,Asciutto,Asfaltata,Assente,Sereno,Scarso,Buona,Ore Diurne,0,0,0,1,NA,54
6,02/08/2014 12.00.00,Strada Urbana,da specificare,NA,Veicolo in marcia contro veicolo fermo,Una carreggiata a doppio senso,Asciutto,Asfaltata,Assente,Sereno,Normale,Buona,Ore Diurne,0,0,0,2,fronte civico 16,NA
8,02/08/2014 12.30.00,Strada Urbana,in corrispondenza,del palo luce n.,Tamponamento Multiplo,Una carreggiata a doppio senso,Bagnato (pioggia),Asfaltata,Verticale ed orizzontale,Nuvoloso,Normale,Buona,Ore Diurne,0,0,0,4,NA,117
3,02/08/2014 12.40.00,Strada Urbana,all'intersezione con,VIA ROVIGO,Scontro frontale/laterale DX fra veicoli in marcia,Una carreggiata a senso unico di marcia,Asciutto,Asfaltata,Verticale ed orizzontale,Nuvoloso,Normale,Buona,Ore Diurne,1,0,0,2,NA,NA
13,02/08/2014 12.45.00,Strada Urbana,in prossimità,del civico n.,Veicolo in marcia contro ostacolo accidentale,Una carreggiata a senso unico di marcia,Asciutto,Asfaltata,Assente,Nuvoloso,Normale,Buona,Ore Diurne,0,0,0,1,NA,193
16,02/08/2014 13.00.00,Strada Urbana,in prossimità,del civico n.,Veicolo in marcia contro veicolo fermo,Una carreggiata a doppio senso,Asciutto,Asfaltata,Verticale ed orizzontale,Sereno,Normale,Buona,Ore Diurne,0,0,0,2,NA,131
1,02/08/2014 13.10.00,Strada Urbana,all'intersezione con,VIALE DI TRASTEVERE,Infortunio per caduta del veicolo,Una carreggiata a senso unico di marcia,Bagnato (pioggia),Asfaltata,Verticale ed orizzontale,Sereno,Normale,Buona,Ore Diurne,1,0,0,0,NA,NA
13,02/08/2014 13.15.00,Strada Urbana,da specificare,NA,Scontro laterale fra veicoli in marcia,Una carreggiata a doppio senso,Asciutto,Asfaltata,Orizzontale,Nuvoloso,Scarso,Sufficiente,Ore Diurne,1,0,0,3,pross. via Ostiense,NA
10,02/08/2014 13.30.00,Strada Urbana,all'intersezione semaforizzata con,VIA FILIPPO SERAFINI,Scontro frontale/laterale DX fra veicoli in marcia,Una carreggiata a senso unico di marcia,Asciutto,Asfaltata,Verticale ed orizzontale,Sereno,Normale,Buona,Ore Diurne,0,0,0,4,NA,NA
18,02/08/2014 13.40.00,Strada Urbana,in prossimità,del civico n.,Scontro frontale/laterale SX fra veicoli in marcia,Una carreggiata a senso unico di marcia,Asciutto,Asfaltata,Verticale ed orizzontale,Sereno,Normale,Buona,Ore Diurne,0,0,0,4,NA,114
8,02/08/2014 13.50.00,Strada Urbana,da specificare,NA,Tamponamento,Due carreggiate,Asciutto,Asfaltata,Verticale ed orizzontale,Nuvoloso,Normale,Buona,Ore Diurne,3,0,0,1,fronte civico 120,NA
8,02/08/2014 14.00.00,Strada Urbana,da specificare,NA,Scontro laterale fra veicoli in marcia,Una carreggiata a doppio senso,Asciutto,Asfaltata,Verticale ed orizzontale,Sereno,Intenso,Buona,Ore Diurne,2,0,0,1,svincolo Via T.B.M. dir. Archeologia,NA
11,02/08/2014 14.00.00,Strada Urbana,in prossimità,del civico n.,Tamponamento Multiplo,Una carreggiata a doppio senso,Asciutto,Asfaltata,Verticale ed orizzontale,Sereno,Normale,Buona,Ore Diurne,1,0,0,5,NA,62
17,02/08/2014 14.00.00,Strada Urbana,all'intersezione con,VIA POMPEO MAGNO,Scontro frontale/laterale DX fra veicoli in marcia,Una carreggiata a doppio senso,Asciutto,Asfaltata,Verticale ed orizzontale,Sereno,Normale,Buona,Ore Diurne,0,0,0,5,NA,NA
1,02/08/2014 14.05.00,Strada Urbana,in prossimità,del civico n.,Tamponamento,Una carreggiata a senso unico di marcia,Asciutto,Asfaltata,Verticale ed orizzontale,Nuvoloso,Scarso,Buona,Ore Diurne,1,0,0,1,NA,15
8,02/08/2014 14.15.00,Provinciale entro l'abitato,in prossimità,del civico n.,Infortunio per sola frenata improvvisa,Una carreggiata a doppio senso,Asciutto,Asfaltata,Verticale ed orizzontale,Sereno,Normale,Buona,Ore Diurne,1,0,0,0,NA,1190
3,02/08/2014 14.30.00,Strada Urbana,in prossimità,del civico n.,Veicolo in marcia contro veicolo in sosta,Due carreggiate,Asciutto,Asfaltata,Verticale ed orizzontale,Nuvoloso,Normale,Buona,Ore Diurne,0,0,0,1,NA,121