Gruppo,DataOraIncidente,Localizzazione1,Localizzazione2,Strada02,NaturaIncidente,TipoStrada,FondoStradale,Pavimentazione,Segnaletica,CondizioneAtmosferica,Traffico,Visibilita,Illuminazione,NUM_FERITI,NUM_RISERVATA,NUM_MORTI,NUM_ILLESI,DaSpecificare,Chilometrica
19,02/14/2014 12.00.00,Strada Urbana,in prossimità,del civico n.,Veicolo in marcia contro ostacolo accidentale,Una carreggiata a senso unico di marcia,Asciutto,Asfaltata,Verticale ed orizzontale,Sereno,Normale,Buona,Ore Diurne,1,0,0,0,NA,432
8,02/14/2014 12.10.00,Strada Urbana,da specificare,NA,Veicolo in marcia contro ostacolo accidentale,Una carreggiata a doppio senso,Asciutto,Asfaltata,Verticale ed orizzontale,Sereno,Normale,Buona,Ore Diurne,0,0,0,1,100 metri dopo cavalcavia autostrada dir. Polense,NA
12,02/14/2014 12.10.00,Strada Urbana,da specificare,NA,Veicolo in marcia contro ostacolo accidentale,Due carreggiate,Asciutto,Con buche,Verticale ed orizzontale,Nuvoloso,Scarso,Buona,Ore Diurne,0,0,0,2,dir laurentina altezza parco,NA
7,02/14/2014 12.20.00,Strada Urbana,in corrispondenza,del civico n.,Tamponamento Multiplo,Una carreggiata a doppio senso,Asciutto,Asfaltata,Orizzontale,Nuvoloso,Intenso,Buona,Ore Diurne,1,0,0,6,NA,942/a
8,02/14/2014 12.30.00,Strada Urbana,da specificare,NA,Veicolo in marcia contro ostacolo accidentale,Una carreggiata a doppio senso,Asciutto,Asfaltata,Orizzontale,Sereno,Scarso,Buona,Ore Diurne,0,0,0,1,altezza via S. Elisabetta,NA
12,02/14/2014 12.40.00,Provinciale,da specificare,NA,Scontro frontale fra veicoli in marcia,Una carreggiata a doppio senso,Asciutto,Asfaltata,Assente,Sereno,Normale,Buona,Ore Diurne,1,0,1,0,altezza Via Del Fosso della Solfarata,NA
11,02/14/2014 12.50.00,Strada Urbana,all'intersezione con,VIA CESARE FEDERICI,Tamponamento,Più di due carreggiate,Asciutto,Asfaltata,Verticale ed orizzontale,Sereno,Normale,Buona,Ore Diurne,1,0,0,1,NA,NA
17,02/14/2014 13.00.00,Strada Urbana,da specificare,NA,Scontro frontale/laterale DX fra veicoli in marcia,Una carreggiata a doppio senso,Asciutto,Acciotolata,Verticale ed orizzontale,Sereno,Normale,Buona,Ore Diurne,2,0,0,1,fronte civ. 17/D,NA
8,02/14/2014 13.30.00,Strada Urbana,da specificare,NA,Tamponamento,Una carreggiata a doppio senso,Asciutto,Asfaltata,Verticale ed orizzontale,Sereno,Normale,Buona,Ore Diurne,1,0,0,1,altezza Università Tor Vergata,NA
4,02/14/2014 13.30.00,Strada Urbana,in corrispondenza,del civico n.,Scontro frontale fra veicoli in marcia,Una carreggiata a doppio senso,Asciutto,Asfaltata,Temporanea di cantiere,Sereno,Normale,Buona,Ore Diurne,2,0,0,0,NA,208
11,02/14/2014 13.45.00,Strada Urbana,in corrispondenza,del civico n.,Scontro laterale fra veicoli in marcia,Due carreggiate,Asciutto,Asfaltata,Verticale ed orizzontale,Sereno,Normale,Buona,Ore Diurne,0,0,0,2,NA,26
15,02/14/2014 13.45.00,Strada Urbana,all'intersezione con,VIA ETTORE FERRARI,Scontro frontale/laterale SX fra veicoli in marcia,Una carreggiata a senso unico di marcia,Asciutto,Asfaltata,Assente,Sereno,Normale,Buona,Ore Diurne,1,0,0,1,NA,NA
13,02/14/2014 14.05.00,Strada Urbana,da specificare,NA,Veicolo in marcia contro ostacolo accidentale,Due carreggiate,Asciutto,Con buche,Assente,Sereno,Normale,Buona,Ore Diurne,0,0,0,1,prossimità Piazza Tolosetto F. degli Uberti,NA
20,02/14/2014 14.10.00,Strada Urbana,da specificare,NA,Tamponamento Multiplo,Due carreggiate,Asciutto,Asfaltata,Orizzontale,Sereno,Normale,Buona,Ore Diurne,1,0,0,4,direzione GRA altezza ex Gran teatro,NA
20,02/14/2014 14.30.00,Strada Urbana,da specificare,NA,Tamponamento Multiplo,Due carreggiate,Asciutto,Asfaltata,Orizzontale,Sereno,Normale,Buona,Ore Diurne,1,0,0,3,direzione GRA altezza Via del Baiardo,NA
6,02/14/2014 14.30.00,Statale entro l'abitato,all'intersezione semaforizzata con,VIA ANGELO BERARDI,Tamponamento,Due carreggiate,Asciutto,Asfaltata,Verticale ed orizzontale,Sereno,Normale,Buona,Ore Diurne,0,0,0,3,NA,NA
12,02/14/2014 14.30.00,Provinciale,da specificare,NA,Veicolo in marcia contro ostacolo fisso,Una carreggiata a doppio senso,Asciutto,Con buche,Verticale ed orizzontale,Sereno,Normale,Buona,Ore Diurne,0,0,0,1,altezza civico   1675,NA
9,02/14/2014 14.45.00,Strada Urbana,in corrispondenza,del civico n.,Scontro frontale fra veicoli in marcia,Una carreggiata a senso unico di marcia,Asciutto,Asfaltata,Assente,Sereno,Normale,Buona,Ore Diurne,0,0,0,2,NA,82
4,02/14/2014 15.10.00,Strada Urbana,all'intersezione con,VIA DI S. MARIA DELLA SPERANZA,Scontro laterale fra veicoli in marcia,Una carreggiata a doppio senso,Asciutto,Asfaltata,Orizzontale,Sereno,Normale,Buona,Ore Diurne,2,0,0,0,NA,NA
2,02/14/2014 15.15.00,Strada Urbana,all'intersezione con,VIA DEI CAMPI SPORTIVI,Infortunio per sola frenata improvvisa,Due carreggiate,Asciutto,Asfaltata,Verticale ed orizzontale,Sereno,Intenso,Buona,Ore Diurne,0,0,0,1,NA,NA
7,02/14/2014 15.15.00,Strada Urbana,all'intersezione con,VIA DEI GELSI,Scontro frontale/laterale DX fra veicoli in marcia,Una carreggiata a doppio senso,Asciutto,Asfaltata,Verticale ed orizzontale,Sereno,Normale,Buona,Ore Diurne,0,0,0,2,NA,NA
3,02/14/2014 15.30.00,Strada Urbana,da specificare,NA,Tamponamento Multiplo,Due carreggiate,Asciutto,Asfaltata,Orizzontale,Sereno,Intenso,Buona,Ore Diurne,0,0,0,5,direzione s. giovanni fronte easy box,NA
17,02/14/2014 15.45.00,Strada Urbana,in corrispondenza,del civico n.,Scontro laterale fra veicoli in marcia,Una carreggiata a senso unico di marcia,Asciutto,Asfaltata,Verticale ed orizzontale,Sereno,Intenso,Buona,Ore Diurne,1,0,0,1,NA,16
1,02/14/2014 16.00.00,Strada Urbana,all'intersezione semaforizzata con,PIAZZA DELL'INDIPENDENZA,Investimento di pedone,Una carreggiata a doppio senso,Asciutto,Asfaltata,Verticale ed orizzontale,Sereno,Scarso,Buona,Ore Diurne,1,0,0,1,NA,NA
8,02/14/2014 16.30.00,Strada Urbana,in corrispondenza,del civico n.,Veicolo in marcia contro veicolo in sosta,Una carreggiata a senso unico di marcia,Asciutto,Asfaltata,Orizzontale,Sereno,Scarso,Buona,Ore Diurne,0,0,0,1,NA,26
8,02/14/2014 16.30.00,Strada Urbana,da specificare,NA,Veicolo in marcia contro ostacolo accidentale,Una carreggiata a doppio senso,Asciutto,Strada pavimentata dissestata,Verticale ed orizzontale,Sereno,Intenso,Buona,Ore Diurne,0,0,0,1,"direz. via Russolo, 500m dopo via di Salone",NA
6,02/14/2014 16.40.00,Strada Urbana,in prossimità,del civico n.,Investimento di pedone,Una carreggiata a doppio senso,Asciutto,Asfaltata,Orizzontale,Sereno,Normale,Buona,Ore Diurne,2,0,0,1,NA,87
5,02/14/2014 16.45.00,Strada Urbana,in prossimità,del civico n.,Scontro laterale fra veicoli in marcia,Una carreggiata a doppio senso,Asciutto,Asfaltata,Orizzontale,Sereno,Intenso,Buona,Ore Diurne,0,0,0,3,NA,29
5,02/14/2014 16.45.00,Strada Urbana,da specificare,NA,Tamponamento,Una carreggiata a senso unico di marcia,Asciutto,Asfaltata,Verticale ed orizzontale,Nuvoloso,Normale,Buona,Ore Diurne,2,0,0,0,Pross. rampa uscita Monti Tiburtini,NA
4,02/14/2014 16.55.00,Strada Urbana,in corrispondenza,del civico n.,Scontro laterale fra veicoli in marcia,Una carreggiata a doppio senso,Asciutto,Asfaltata,Assente,Sereno,Intenso,Buona,Ore Diurne,1,0,0,1,NA,87
13,02/14/2014 17.00.00,Strada Urbana,all'intersezione con,PIAZZA GREGORIO RONCA,Scontro frontale/laterale SX fra veicoli in marcia,Due carreggiate,Asciutto,Asfaltata,Orizzontale,Sereno,Normale,Buona,Ore Diurne,2,0,0,2,NA,NA
12,02/14/2014 17.10.00,Strada Urbana,all'intersezione con,VIALE DELL'OCEANO ATLANTICO,Scontro laterale fra veicoli in marcia,Una carreggiata a senso unico di marcia,Asciutto,Asfaltata,Verticale,Sereno,Normale,Buona,Ore Diurne,0,0,0,2,NA,NA
1,02/14/2014 17.15.00,Strada Urbana,da specificare,NA,Investimento di pedone,Una carreggiata a doppio senso,Asciutto,Asfaltata,Orizzontale,Sereno,Scarso,Sufficiente,Ore Diurne,1,0,0,1,IN PROSSIMITA' VIA N. SALVI,NA
17,02/14/2014 18.10.00,Strada Urbana,all'intersezione con,VIA DEGLI SCIPIONI,Investimento di pedone,Una carreggiata a senso unico di marcia,Asciutto,Asfaltata,Verticale ed orizzontale,Sereno,Normale,Buona,Sufficiente,1,0,0,1,NA,NA
8,02/14/2014 18.15.00,Strada Urbana,all'intersezione con,VIA MARCELLO ALESSIO,Scontro laterale fra veicoli in marcia,Due carreggiate,Asciutto,Asfaltata,Verticale ed orizzontale,Sereno,Normale,Sufficiente,Sufficiente,0,0,0,4,NA,NA
16,02/14/2014 18.20.00,Strada Urbana,all'intersezione con,VIA DI VAL TELLINA,Scontro laterale fra veicoli in marcia,Due carreggiate,Asciutto,Asfaltata,Verticale ed orizzontale,Sereno,Normale,Buona,Sufficiente,1,0,0,2,NA,NA
1,02/14/2014 18.25.00,Strada Urbana,all'intersezione con,VIA CARLO ALBERTO,Scontro laterale fra veicoli in marcia,Una carreggiata a senso unico di marcia,Asciutto,Asfaltata,Verticale ed orizzontale,Sereno,Normale,Buona,Sufficiente,0,0,0,3,NA,NA
7,02/14/2014 18.28.00,Strada Urbana,in corrispondenza,del civico n.,Scontro laterale fra veicoli in marcia,Una carreggiata a doppio senso,Bagnato (pioggia),Asfaltata,Verticale ed orizzontale,Nuvoloso,Normale,Sufficiente,Sufficiente,2,0,0,2,NA,206
4,02/14/2014 18.30.00,Strada Urbana,in corrispondenza,del civico n.,Infortunio per sola frenata improvvisa,Una carreggiata a doppio senso,Asciutto,Asfaltata,Verticale ed orizzontale,Sereno,Normale,Buona,Sufficiente,1,0,0,0,NA,37
10,02/14/2014 18.30.00,Strada Urbana,in corrispondenza,del civico n.,Investimento di pedone,Due carreggiate,Asciutto,Asfaltata,Verticale ed orizzontale,Sereno,Normale,Sufficiente,Sufficiente,1,0,0,1,NA,950
1,02/14/2014 18.45.00,Strada Urbana,all'intersezione con,PIAZZALE UGO LA MALFA,Investimento di pedone,Una carreggiata a doppio senso,Asciutto,Asfaltata,Verticale ed orizzontale,Sereno,Normale,Buona,Sufficiente,1,0,0,0,NA,NA
5,02/14/2014 18.50.00,Strada Urbana,all'intersezione con,VIA NICOLA MARIA NICOLAI,Scontro frontale/laterale SX fra veicoli in marcia,Una carreggiata a doppio senso,Asciutto,Asfaltata,Verticale ed orizzontale,Sereno,Normale,Buona,Sufficiente,0,0,0,2,NA,NA
19,02/14/2014 18.50.00,Strada Urbana,in corrispondenza,del civico n.,Tamponamento,Una carreggiata a doppio senso,Asciutto,Asfaltata,Verticale ed orizzontale,Sereno,Intenso,Buona,Sufficiente,0,0,0,3,NA,106
1,02/14/2014 18.55.00,Strada Urbana,in prossimità,del civico n.,Scontro frontale/laterale SX fra veicoli in marcia,Una carreggiata a doppio senso,Asciutto,Asfaltata,Orizzontale,Sereno,Normale,Sufficiente,Sufficiente,1,0,0,1,NA,11
15,02/14/2014 19.00.00,Strada Urbana,in prossimità,del civico n.,Scontro laterale fra veicoli in marcia,Una carreggiata a doppio senso,Asciutto,Asfaltata,Orizzontale,Sereno,Normale,Buona,Sufficiente,0,0,0,2,NA,29
5,02/14/2014 19.00.00,Strada Urbana,all'intersezione semaforizzata con,VIALE FERNANDO SANTI,Scontro frontale/laterale DX fra veicoli in marcia,Più di due carreggiate,Asciutto,Asfaltata,Verticale ed orizzontale,Sereno,Normale,Buona,Sufficiente,0,0,0,2,NA,NA
11,02/14/2014 19.20.00,Strada Urbana,da specificare,NA,Tamponamento,Più di due carreggiate,Asciutto,Asfaltata,Orizzontale,Sereno,Normale,Buona,Sufficiente,1,0,0,2,altezza VIA PALOS,NA
13,02/14/2014 19.20.00,Strada Urbana,in prossimità,del civico n.,Veicolo in marcia contro veicolo in sosta,Una carreggiata a doppio senso,Asciutto,Asfaltata,Assente,Sereno,Normale,Buona,Insufficiente,0,0,0,2,NA,34
1,02/14/2014 19.30.00,Strada Urbana,all'intersezione con,VICO JUGARIO,Scontro frontale/laterale DX fra veicoli in marcia,Una carreggiata a doppio senso,Asciutto,Lastricata,Verticale ed orizzontale,Sereno,Normale,Buona,Sufficiente,0,0,0,2,NA,NA
1,02/14/2014 19.50.00,Strada Urbana,in prossimità,del civico n.,Investimento di pedone,Una carreggiata a senso unico di marcia,Asciutto,Asfaltata,Verticale ed orizzontale,Sereno,Intenso,Sufficiente,Sufficiente,2,0,0,0,NA,FC/3
9,02/14/2014 19.50.00,Strada Urbana,all'intersezione con,VIA PATRICA,Scontro frontale/laterale DX fra veicoli in marcia,Una carreggiata a doppio senso,Asciutto,Asfaltata,Verticale ed orizzontale,Sereno,Intenso,Sufficiente,Sufficiente,2,0,0,3,NA,NA
17,02/14/2014 20.00.00,Strada Urbana,da specificare,NA,Scontro laterale fra veicoli in marcia,Una carreggiata a senso unico di marcia,Asciutto,Asfaltata,Verticale ed orizzontale,Sereno,Normale,Buona,Sufficiente,0,0,0,2,in prossimità Via San Pio X,NA
18,02/14/2014 20.00.00,Strada Urbana,in corrispondenza,del civico n.,Scontro laterale fra veicoli in marcia,Una carreggiata a doppio senso,Asciutto,Asfaltata,Verticale ed orizzontale,Sereno,Intenso,Buona,Sufficiente,1,0,0,3,NA,171
8,02/14/2014 20.00.00,Strada Urbana,in corrispondenza,del civico n.,Veicolo in marcia contro ostacolo accidentale,Una carreggiata a doppio senso,Asciutto,Asfaltata,Verticale ed orizzontale,Sereno,Scarso,Buona,Sufficiente,0,0,0,2,NA,215
13,02/14/2014 20.10.00,Strada Urbana,all'intersezione con,VIA LUCIO LEPIDIO,Scontro frontale/laterale SX fra veicoli in marcia,Una carreggiata a doppio senso,Asciutto,Asfaltata,Verticale ed orizzontale,Sereno,Normale,Buona,Sufficiente,0,0,0,3,NA,NA
15,02/14/2014 20.30.00,Strada Urbana,da specificare,NA,Tamponamento Multiplo,Una carreggiata a senso unico di marcia,Asciutto,Asfaltata,Orizzontale,Sereno,Normale,Buona,Sufficiente,0,0,0,5,fronte civico 5,NA
4,02/14/2014 20.30.00,Strada Urbana,in prossimità,del civico n.,Scontro laterale fra veicoli in marcia,Due carreggiate,Asciutto,Asfaltata,Verticale,Sereno,Normale,Buona,Sufficiente,1,0,0,1,NA,47
16,02/14/2014 20.30.00,Strada Urbana,in prossimità,del civico n.,Veicolo in marcia contro ostacolo accidentale,Una carreggiata a senso unico di marcia,Asciutto,Con buche,Verticale,Sereno,Scarso,Sufficiente,Sufficiente,0,0,0,1,NA,21
10,02/14/2014 20.40.00,Strada Urbana,da specificare,NA,Investimento di pedone,Due carreggiate,Asciutto,Asfaltata,Verticale ed orizzontale,Sereno,Scarso,Sufficiente,Sufficiente,1,0,0,1,cavalcavia direzione Roma centro,NA
8,02/14/2014 20.45.00,Strada Urbana,in corrispondenza,del civico n.,Veicolo in marcia contro ostacolo accidentale,Una carreggiata a doppio senso,Asciutto,Asfaltata,Verticale ed orizzontale,Sereno,Scarso,Buona,Sufficiente,0,0,0,1,NA,681
1,02/14/2014 21.00.00,Strada Urbana,da specificare,NA,Scontro laterale fra veicoli in marcia,Una carreggiata a doppio senso,Asciutto,Asfaltata,Verticale ed orizzontale,Sereno,Normale,Buona,Sufficiente,0,0,0,2,LATO BASILICA,NA
8,02/14/2014 21.15.00,Strada Urbana,in prossimità,del civico n.,Veicolo in marcia contro ostacolo accidentale,Una carreggiata a doppio senso,Asciutto,Strada pavimentata dissestata,Verticale ed orizzontale,Sereno,Scarso,Sufficiente,Sufficiente,0,0,0,2,NA,148
13,02/14/2014 21.15.00,Strada Urbana,all'intersezione con,VIA DELLE GONDOLE,Scontro frontale/laterale SX fra veicoli in marcia,Una carreggiata a doppio senso,Asciutto,Asfaltata,Verticale ed orizzontale,Sereno,Scarso,Buona,Sufficiente,0,0,0,2,NA,NA
8,02/14/2014 21.20.00,Strada Urbana,da specificare,NA,Veicolo in marcia contro ostacolo accidentale,Una carreggiata a doppio senso,Asciutto,Strada pavimentata dissestata,Verticale ed orizzontale,Sereno,Scarso,Insufficiente,Inesistente,0,0,0,2,500 metri da via di Salone,NA
8,02/14/2014 21.30.00,Strada Urbana,da specificare,NA,Veicolo in marcia contro ostacolo accidentale,Una carreggiata a doppio senso,Asciutto,Strada pavimentata dissestata,Verticale ed orizzontale,Sereno,Scarso,Insufficiente,Inesistente,0,0,0,1,500 metri da via di Salone,NA
18,02/14/2014 21.30.00,Strada Urbana,in prossimità,del civico n.,Scontro laterale fra veicoli in marcia,Una carreggiata a doppio senso,Asciutto,Asfaltata,Verticale ed orizzontale,Sereno,Normale,Buona,Sufficiente,0,0,0,2,NA,fronte 106
8,02/14/2014 21.40.00,Strada Urbana,in prossimità,del civico n.,Veicolo in marcia contro ostacolo accidentale,Una carreggiata a doppio senso,Asciutto,Strada pavimentata dissestata,Verticale ed orizzontale,Sereno,Scarso,Sufficiente,Sufficiente,0,0,0,1,NA,148
4,02/14/2014 21.55.00,Strada Urbana,da specificare,NA,Veicolo in marcia contro ostacolo accidentale,Due carreggiate,Asciutto,Con buche,Orizzontale,Sereno,Scarso,Buona,Sufficiente,0,0,0,4,fronte civico 120,NA
5,02/14/2014 22.35.00,Strada Urbana,all'intersezione con,VIA DEL CASALE DI S. BASILIO,Scontro laterale fra veicoli in marcia,Due carreggiate,Asciutto,Asfaltata,Verticale ed orizzontale,Sereno,Normale,Sufficiente,Sufficiente,0,0,0,2,NA,NA
19,02/14/2014 22.50.00,Strada Urbana,da specificare,NA,Scontro frontale fra veicoli in marcia,Una carreggiata a doppio senso,Asciutto,Asfaltata,Orizzontale,Sereno,Normale,Buona,Sufficiente,0,0,0,5,in prossimità di Via A. Mai,NA
4,02/14/2014 23.35.00,Strada Urbana,all'intersezione con,VIA VAL DI SANGRO,Scontro frontale/laterale DX fra veicoli in marcia,Due carreggiate,Asciutto,Asfaltata,Verticale ed orizzontale,Sereno,Normale,Sufficiente,Sufficiente,1,0,0,2,NA,NA
1,02/14/2014 23.40.00,Strada Urbana,all'intersezione semaforizzata con,VIALE AVENTINO,Veicolo in marcia contro ostacolo fisso,Una carreggiata a doppio senso,Asciutto,Asfaltata,Verticale ed orizzontale,Sereno,Normale,Sufficiente,Sufficiente,0,0,0,1,NA,NA
7,02/14/2014 23.44.00,Strada Urbana,in prossimità,del civico n.,Veicolo in marcia contro ostacolo accidentale,Una carreggiata a doppio senso,Asciutto,Con buche,Verticale ed orizzontale,Sereno,Scarso,Buona,Sufficiente,0,0,0,2,NA,209
1,02/15/2014 00.15.00,Strada Urbana,all'intersezione semaforizzata con,VIA DELLA GRECA,Tamponamento,Una carreggiata a doppio senso,Asciutto,Asfaltata,Verticale ed orizzontale,Sereno,Normale,Buona,Sufficiente,1,0,0,2,NA,NA
1,02/15/2014 00.15.00,Strada Urbana,in prossimità,del civico n.,Veicolo in marcia contro veicolo fermo,Una carreggiata a doppio senso,Asciutto,Asfaltata,Verticale ed orizzontale,Sereno,Scarso,Sufficiente,Sufficiente,0,0,0,3,NA,8A
1,02/15/2014 01.10.00,Strada Urbana,in prossimità,del civico n.,Scontro laterale fra veicoli in marcia,Una carreggiata a doppio senso,Asciutto,In cubetti di porfido,Verticale ed orizzontale,Sereno,Scarso,Buona,Sufficiente,0,0,0,4,NA,153
13,02/15/2014 01.10.00,Strada Urbana,da specificare,NA,Veicolo in marcia contro ostacolo accidentale,Una carreggiata a senso unico di marcia,Asciutto,Asfaltata,Verticale ed orizzontale,Sereno,Scarso,Buona,Sufficiente,1,0,0,0,pross. via delle Azzorre,NA
17,02/15/2014 01.20.00,Strada Urbana,all'intersezione con,VIA DEGLI SCIPIONI,Scontro frontale/laterale SX fra veicoli in marcia,Una carreggiata a doppio senso,Asciutto,Asfaltata,Verticale ed orizzontale,Sereno,Scarso,Buona,Sufficiente,1,0,0,6,NA,NA
17,02/15/2014 01.30.00,Strada Urbana,all'intersezione con,VIA TEULADA,Fuoriuscita dalla sede stradale,Una carreggiata a senso unico di marcia,Asciutto,Asfaltata,Verticale ed orizzontale,Sereno,Scarso,Buona,Sufficiente,0,0,0,2,NA,NA
19,02/15/2014 02.30.00,Strada Urbana,da specificare,NA,Veicolo in marcia contro veicolo in sosta,Una carreggiata a doppio senso,Asciutto,Asfaltata,Orizzontale,Sereno,Scarso,Buona,Sufficiente,0,0,0,2,f. civ. 132,NA
15,02/15/2014 03.50.00,Strada Urbana,all'intersezione con,VIA DELL'IMBRECCIATO,Veicolo in marcia contro veicoli in sosta,Una carreggiata a doppio senso,Asciutto,Asfaltata,Assente,Sereno,Scarso,Buona,Sufficiente,1,0,0,2,NA,NA
1,02/15/2014 04.00.00,Strada Urbana,da specificare,NA,Veicolo in marcia contro veicolo in sosta,Una carreggiata a senso unico di marcia,Asciutto,Asfaltata,Verticale ed orizzontale,Sereno,Scarso,Sufficiente,Sufficiente,1,0,0,0,ALTEZZA ALBERO 17,NA
1,02/15/2014 04.15.00,Strada Urbana,all'intersezione con,PIAZZA GIUSEPPE GIOACHINO BELLI,Scontro frontale/laterale DX fra veicoli in marcia,Una carreggiata a doppio senso,Asciutto,Asfaltata,Verticale ed orizzontale,Sereno,Scarso,Sufficiente,Sufficiente,1,0,0,2,NA,NA
3,02/15/2014 05.00.00,Strada Urbana,all'intersezione con,VIA AREZZO,Scontro frontale/laterale SX fra veicoli in marcia,Una carreggiata a senso unico di marcia,Asciutto,Asfaltata,Verticale ed orizzontale,Sereno,Scarso,Sufficiente,Sufficiente,1,0,0,1,NA,NA
5,02/15/2014 05.50.00,Strada Urbana,all'intersezione con,VIA RUBELLIA,Scontro frontale/laterale SX fra veicoli in marcia,Una carreggiata a doppio senso,Asciutto,Asfaltata,Verticale ed orizzontale,Sereno,Normale,Buona,Ore Diurne,1,0,0,1,NA,NA
3,02/15/2014 06.00.00,Strada Urbana,da specificare,NA,Veicolo in marcia contro ostacolo fisso,Una carreggiata a senso unico di marcia,Asciutto,Asfaltata,Verticale ed orizzontale,Sereno,Scarso,Sufficiente,Sufficiente,1,0,0,0,n.c. Tiburtina sopra depositoc Atac dir. Salaria,NA
8,02/15/2014 06.10.00,Strada Urbana,in prossimità,del civico n.,Veicolo in marcia contro ostacolo accidentale,Due carreggiate,Asciutto,Asfaltata,Verticale ed orizzontale,Sereno,Scarso,Sufficiente,Sufficiente,0,0,0,1,NA,136
4,02/15/2014 06.10.00,Strada Urbana,in prossimità,del civico n.,Veicolo in marcia contro ostacolo fisso,Una carreggiata a doppio senso,Asciutto,Asfaltata,Verticale ed orizzontale,Sereno,Normale,Buona,Ore Diurne,1,0,0,0,NA,1141/A
12,02/15/2014 07.25.00,Strada Urbana,all'intersezione con,LARGO GIUSEPPE PELLA,Veicolo in marcia contro ostacolo fisso,Due carreggiate,Asciutto,Asfaltata,Verticale ed orizzontale,Sereno,Scarso,Buona,Ore Diurne,0,0,0,1,NA,NA
10,02/15/2014 07.30.00,Statale entro l'abitato,all'intersezione semaforizzata con,VIA DI CASAL ROTONDO,Scontro frontale fra veicoli in marcia,Una carreggiata a doppio senso,Asciutto,Asfaltata,Verticale ed orizzontale,Sereno,Normale,Buona,Ore Diurne,3,0,0,0,NA,NA
5,02/15/2014 07.30.00,Strada Urbana,all'intersezione semaforizzata con,VIA DIEGO ANGELI,Scontro laterale fra veicoli in marcia,Due carreggiate,Asciutto,Asfaltata,Verticale ed orizzontale,Sereno,Normale,Buona,Ore Diurne,1,0,0,1,NA,NA
13,02/15/2014 08.00.00,Strada Urbana,all'intersezione con,VIA STRIGNO,Veicolo in marcia contro ostacolo accidentale,Una carreggiata a doppio senso,Asciutto,Strada pavimentata dissestata,Assente,Sereno,Scarso,Sufficiente,Ore Diurne,0,0,0,1,NA,NA
9,02/15/2014 08.15.00,Strada Urbana,in corrispondenza,del civico n.,Veicolo in marcia contro ostacolo fisso,Una carreggiata a doppio senso,Asciutto,Asfaltata,Verticale,Sereno,Scarso,Buona,Ore Diurne,1,0,0,1,NA,291
4,02/15/2014 08.35.00,Strada Urbana,da specificare,NA,Scontro laterale fra veicoli in marcia,Una carreggiata a senso unico di marcia,Asciutto,Asfaltata,Assente,Sereno,Normale,Sufficiente,Ore Diurne,0,0,0,2,pross. Via Val Passiria,NA
7,02/15/2014 08.45.00,Strada Urbana,all'intersezione con,VIALE DELLA PRIMAVERA,Scontro frontale/laterale SX fra veicoli in marcia,Una carreggiata a doppio senso,Asciutto,Asfaltata,Verticale ed orizzontale,Sereno,Normale,Buona,Ore Diurne,1,0,0,1,NA,NA
8,02/15/2014 08.50.00,Strada Urbana,da specificare,NA,Investimento di pedone,Una carreggiata a doppio senso,Asciutto,Asfaltata,Verticale ed orizzontale,Sereno,Normale,Buona,Ore Diurne,1,0,0,0,in prossimità via Grotte Portella,NA
2,02/15/2014 08.50.00,Strada Urbana,in prossimità,del civico n.,Scontro laterale fra veicoli in marcia,Una carreggiata a senso unico di marcia,Asciutto,Asfaltata,Verticale ed orizzontale,Sereno,Scarso,Buona,Ore Diurne,0,0,0,3,NA,439
8,02/15/2014 09.40.00,Strada Urbana,in prossimità,del civico n.,Scontro laterale fra veicoli in marcia,Una carreggiata a doppio senso,Asciutto,Asfaltata,Verticale ed orizzontale,Sereno,Normale,Buona,Ore Diurne,0,0,0,2,NA,97/a
19,02/15/2014 09.45.00,Strada Urbana,all'intersezione con,VIA GUGLIELMO GRANDJACQUET,Veicolo in marcia contro veicolo in sosta,Una carreggiata a senso unico di marcia,Asciutto,Asfaltata,Assente,Sereno,Scarso,Buona,Ore Diurne,0,0,0,1,NA,NA
1,02/15/2014 09.50.00,Strada Urbana,all'intersezione con,VIA AMERIGO VESPUCCI,Scontro frontale/laterale DX fra veicoli in marcia,Una carreggiata a senso unico di marcia,Asciutto,Acciotolata,Verticale ed orizzontale,Sereno,Scarso,Buona,Ore Diurne,0,0,0,2,NA,NA
1,02/15/2014 11.00.00,Strada Urbana,in prossimità,del civico n.,Infortunio per sola frenata improvvisa,Una carreggiata a doppio senso,Asciutto,Asfaltata,Verticale ed orizzontale,Sereno,Normale,Buona,Ore Diurne,1,0,0,0,NA,279
16,02/15/2014 11.45.00,Strada Urbana,in prossimità,del civico n.,Scontro laterale fra veicoli in marcia,Una carreggiata a doppio senso,Asciutto,Asfaltata,Orizzontale,Sereno,Normale,Buona,Ore Diurne,1,0,0,2,NA,1
4,02/15/2014 12.00.00,Strada Urbana,in prossimità,del palo luce n.,Veicolo in marcia contro ostacolo fisso,Una carreggiata a doppio senso,Asciutto,Con buche,Orizzontale,Sereno,Scarso,Buona,Ore Diurne,1,0,0,0,NA,14