Gruppo,DataOraIncidente,Localizzazione1,Localizzazione2,Strada02,NaturaIncidente,TipoStrada,FondoStradale,Pavimentazione,Segnaletica,CondizioneAtmosferica,Traffico,Visibilita,Illuminazione,NUM_FERITI,NUM_RISERVATA,NUM_MORTI,NUM_ILLESI,DaSpecificare,Chilometrica
17,02/15/2014 12.00.00,Strada Urbana,all'intersezione semaforizzata con,VIA DURAZZO,Veicolo in marcia contro veicolo in sosta,Più di due carreggiate,Asciutto,Asfaltata,Verticale ed orizzontale,Sereno,Normale,Buona,Ore Diurne,0,0,0,1,NA,NA
2,02/15/2014 12.15.00,Strada Urbana,in corrispondenza,del civico n.,Investimento di pedone,Una carreggiata a doppio senso,Asciutto,Asfaltata,Verticale ed orizzontale,Sereno,Normale,Buona,Ore Diurne,1,0,0,1,NA,207
12,02/15/2014 12.15.00,Strada Urbana,da specificare,NA,Scontro frontale/laterale DX fra veicoli in marcia,Una carreggiata a doppio senso,Asciutto,Asfaltata,Verticale ed orizzontale,Sereno,Normale,Buona,Ore Diurne,1,0,0,1,civico 90,NA
16,02/15/2014 12.20.00,Strada Urbana,all'intersezione con,VIA FERDINANDO VEROSPI,Scontro laterale fra veicoli in marcia,Una carreggiata a senso unico di marcia,Asciutto,Asfaltata,Verticale ed orizzontale,Sereno,Normale,Buona,Ore Diurne,0,0,0,2,NA,NA
20,02/15/2014 12.35.00,Strada Urbana,all'intersezione con,VIA COURMAYEUR,Scontro frontale fra veicoli in marcia,Una carreggiata a doppio senso,Asciutto,Asfaltata,Verticale ed orizzontale,Sereno,Normale,Buona,Ore Diurne,1,0,0,1,NA,NA
8,02/15/2014 12.45.00,Strada Urbana,in prossimità,del civico n.,Veicolo in marcia contro ostacolo accidentale,Una carreggiata a doppio senso,Asciutto,Con buche,Assente,Sereno,Scarso,Buona,Ore Diurne,0,0,0,1,NA,177
11,02/15/2014 13.00.00,Strada Urbana,da specificare,NA,Scontro laterale fra veicoli in marcia,Due carreggiate,Asciutto,Asfaltata,Verticale ed orizzontale,Sereno,Scarso,Buona,Ore Diurne,0,0,0,2,prossimità largo Maestri del Lavoro,NA
18,02/15/2014 13.15.00,Strada Urbana,da specificare,NA,Tamponamento,Una carreggiata a senso unico di marcia,Asciutto,Asfaltata,Verticale,Sereno,Scarso,Buona,Ore Diurne,0,0,0,2,in prossimità di VIA DELLA MAGLIANELLA,NA
10,02/15/2014 13.15.00,Strada Urbana,all'intersezione con,VIA DI S. TARCISIO,Tamponamento,Una carreggiata a senso unico di marcia,Asciutto,Asfaltata,Verticale ed orizzontale,Sereno,Normale,Buona,Ore Diurne,0,0,0,2,NA,NA
18,02/15/2014 13.30.00,Strada Urbana,da specificare,NA,Tamponamento,Una carreggiata a doppio senso,Asciutto,Asfaltata,Verticale ed orizzontale,Sereno,Normale,Buona,Ore Diurne,0,0,0,2,in prossimita' dell'int. con Via Mattia Battistini,NA
13,02/15/2014 13.40.00,Strada Urbana,in corrispondenza,del civico n.,Tamponamento,Una carreggiata a doppio senso,Asciutto,Asfaltata,Verticale ed orizzontale,Sereno,Scarso,Buona,Ore Diurne,0,0,0,3,NA,262
13,02/15/2014 14.00.00,Strada Urbana,in prossimità,del civico n.,Veicolo in marcia contro ostacolo accidentale,Una carreggiata a doppio senso,Asciutto,Con buche,Assente,Sereno,Scarso,Buona,Ore Diurne,0,0,0,1,NA,271
9,02/15/2014 14.25.00,Strada Urbana,da specificare,NA,Scontro laterale fra veicoli in marcia,Più di due carreggiate,Asciutto,Asfaltata,Verticale ed orizzontale,Sereno,Normale,Buona,Ore Diurne,0,0,0,6,altezza fronte via caltagirone,NA
9,02/15/2014 14.45.00,Strada Urbana,all'intersezione con,VIA TERNI,Scontro laterale fra veicoli in marcia,Una carreggiata a doppio senso,Asciutto,Asfaltata,Verticale ed orizzontale,Sereno,Normale,Buona,Ore Diurne,1,0,0,1,NA,NA
2,02/15/2014 15.00.00,Strada Urbana,in corrispondenza,del civico n.,Scontro frontale/laterale SX fra veicoli in marcia,Una carreggiata a doppio senso,Asciutto,Asfaltata,Verticale ed orizzontale,Sereno,Normale,Buona,Ore Diurne,0,0,0,2,NA,8
6,02/15/2014 15.00.00,Strada Urbana,all'intersezione semaforizzata con,VIA CASILINA,Investimento di pedone,Due carreggiate,Asciutto,Asfaltata,Verticale ed orizzontale,Sereno,Normale,Buona,Ore Diurne,1,0,0,2,NA,NA
8,02/15/2014 15.30.00,Strada Urbana,in prossimità,del civico n.,Veicolo in marcia contro ostacolo accidentale,Una carreggiata a doppio senso,Asciutto,Con buche,Verticale ed orizzontale,Sereno,Scarso,Buona,Ore Diurne,0,0,0,1,NA,64
1,02/15/2014 16.00.00,Strada Urbana,all'intersezione semaforizzata con,VIA TORINO,Investimento di pedone,Una carreggiata a doppio senso,Asciutto,In cubetti di porfido,Verticale ed orizzontale,Sereno,Normale,Buona,Ore Diurne,2,0,0,0,NA,NA
10,02/15/2014 16.15.00,Strada Urbana,all'intersezione con,VIA LEOPOLDO MICUCCI,Scontro frontale/laterale SX fra veicoli in marcia,Una carreggiata a doppio senso,Asciutto,Asfaltata,Verticale ed orizzontale,Sereno,Normale,Buona,Ore Diurne,0,0,0,2,NA,NA
19,02/15/2014 16.20.00,Strada Urbana,in corrispondenza,del civico n.,Scontro laterale fra veicoli in marcia,Una carreggiata a doppio senso,Asciutto,Asfaltata,Orizzontale,Sereno,Normale,Buona,Ore Diurne,1,0,0,3,NA,192
12,02/15/2014 16.30.00,Strada Urbana,in corrispondenza,della chilometrica,Tamponamento Multiplo,Una carreggiata a doppio senso,Asciutto,Asfaltata,Verticale ed orizzontale,Sereno,Normale,Buona,Ore Diurne,0,0,0,3,NA,10.4
19,02/15/2014 16.40.00,Strada Urbana,da specificare,NA,Scontro laterale fra veicoli in marcia,Una carreggiata a doppio senso,Asciutto,Asfaltata,Assente,Sereno,Scarso,Buona,Ore Diurne,1,0,0,1,Ingresso parcheggio Campi Sportivi,NA
8,02/15/2014 16.45.00,Strada Urbana,da specificare,NA,Veicolo in marcia contro ostacolo accidentale,Una carreggiata a doppio senso,Asciutto,Asfaltata,Assente,Sereno,Normale,Buona,Ore Diurne,1,0,0,0,50 mt prima del civ 681 dir Casilina,NA
15,02/15/2014 16.45.00,Strada Urbana,all'intersezione con,VIA BRIAGLIA,Veicolo in marcia contro ostacolo fisso,Una carreggiata a doppio senso,Asciutto,Asfaltata,Orizzontale,Sereno,Scarso,Buona,Ore Diurne,0,0,0,4,NA,NA
20,02/15/2014 16.45.00,Statale,da specificare,NA,Scontro laterale fra veicoli in marcia,Una carreggiata a senso unico di marcia,Asciutto,Asfaltata,Verticale ed orizzontale,Sereno,Normale,Buona,Ore Diurne,0,0,0,3,"rampa svincolo VIA CASSIA VEIENTANA ""Le Rughe""",NA
13,02/15/2014 16.45.00,Strada Urbana,in prossimità,del civico n.,Veicolo in marcia contro ostacolo accidentale,Una carreggiata a doppio senso,Asciutto,Asfaltata,Assente,Sereno,Normale,Buona,Ore Diurne,0,0,0,2,NA,51
12,02/15/2014 16.50.00,Regionale,da specificare,NA,Veicolo in marcia contro ostacolo fisso,Due carreggiate,Asciutto,Asfaltata,Verticale,Sereno,Normale,Buona,Ore Diurne,0,0,0,1,laterale prox svincolo Pontiva direz. Roma,NA
1,02/15/2014 17.00.00,Strada Urbana,da specificare,NA,Scontro laterale fra veicoli in marcia,Una carreggiata a senso unico di marcia,Asciutto,Asfaltata,Verticale ed orizzontale,Sereno,Normale,Buona,Ore Diurne,0,0,0,3,Largo A. Petrucci,NA
19,02/15/2014 17.00.00,Strada Urbana,in corrispondenza,del civico n.,Veicolo in marcia contro veicoli in sosta,Una carreggiata a senso unico di marcia,Asciutto,Asfaltata,Orizzontale,Sereno,Scarso,Buona,Ore Diurne,0,0,0,2,NA,43
8,02/15/2014 17.00.00,Regionale entro l'abitato,da specificare,NA,Veicolo in marcia contro ostacolo accidentale,Una carreggiata a doppio senso,Asciutto,Asfaltata,Assente,Sereno,Normale,Buona,Ore Diurne,0,0,0,1,50 mt dal civ 681 direz. Casilina,NA
4,02/15/2014 17.30.00,Strada Urbana,in prossimità,del civico n.,Veicolo in marcia contro ostacolo accidentale,Una carreggiata a senso unico di marcia,Asciutto,Asfaltata,Verticale ed orizzontale,Sereno,Scarso,Buona,Sufficiente,0,0,0,1,NA,31
4,02/15/2014 17.40.00,Strada Urbana,da specificare,NA,Veicolo in marcia contro veicolo in sosta,Una carreggiata a senso unico di marcia,Asciutto,Asfaltata,Assente,Sereno,Normale,Sufficiente,Sufficiente,0,0,0,1,Fronte civ. 302/A,NA
18,02/15/2014 18.00.00,Strada Urbana,da specificare,NA,Scontro laterale fra veicoli in marcia,Una carreggiata a doppio senso,Asciutto,Asfaltata,Verticale ed orizzontale,Sereno,Normale,Sufficiente,Sufficiente,0,0,0,3,in prossimita' di Via E.Stampini,NA
1,02/15/2014 18.05.00,Strada Urbana,all'intersezione con,VIA AVENTINA,Scontro laterale fra veicoli in marcia,Una carreggiata a senso unico di marcia,Asciutto,In cubetti di porfido,Verticale ed orizzontale,Sereno,Scarso,Buona,Sufficiente,0,0,0,2,NA,NA
7,02/15/2014 18.30.00,Strada Urbana,in corrispondenza,del civico n.,Scontro frontale/laterale DX fra veicoli in marcia,Una carreggiata a doppio senso,Asciutto,Asfaltata,Verticale ed orizzontale,Sereno,Normale,Buona,Sufficiente,0,0,0,2,NA,6
1,02/15/2014 18.30.00,Strada Urbana,da specificare,NA,Scontro laterale fra veicoli in marcia,Una carreggiata a senso unico di marcia,Asciutto,Acciotolata,Verticale ed orizzontale,Sereno,Normale,Buona,Sufficiente,0,0,0,4,altezza Chiesa S. Caterina in Magnanapoli,NA
13,02/15/2014 18.45.00,Strada Urbana,in corrispondenza,del civico n.,Veicolo in marcia contro ostacolo accidentale,Una carreggiata a doppio senso,Asciutto,Asfaltata,Assente,Sereno,Scarso,Buona,Inesistente,0,0,0,1,NA,128
12,02/15/2014 19.00.00,Strada Urbana,in corrispondenza,del civico n.,Scontro laterale fra veicoli in marcia,Due carreggiate,Asciutto,Asfaltata,Verticale ed orizzontale,Sereno,Scarso,Sufficiente,Sufficiente,0,0,0,3,NA,96
1,02/15/2014 19.00.00,Strada Urbana,all'intersezione con,VIA FERDINANDO DI SAVOIA,Scontro laterale fra veicoli in marcia,Una carreggiata a senso unico di marcia,Asciutto,Asfaltata,Verticale ed orizzontale,Sereno,Intenso,Buona,Sufficiente,0,0,0,4,NA,NA
11,02/15/2014 19.00.00,Regionale entro l'abitato,all'intersezione semaforizzata con,VIA OROPA,Scontro frontale fra veicoli in marcia,Più di due carreggiate,Asciutto,Asfaltata,Verticale ed orizzontale,Sereno,Normale,Buona,Sufficiente,0,0,0,4,NA,NA
9,02/15/2014 19.10.00,Strada Urbana,in prossimità,del civico n.,Investimento di pedone,Una carreggiata a doppio senso,Asciutto,Asfaltata,Assente,Sereno,Scarso,Sufficiente,Sufficiente,1,0,0,1,NA,12
8,02/15/2014 19.10.00,Comunale extraurbana,in prossimità,del civico n.,Veicolo in marcia contro ostacolo accidentale,Una carreggiata a doppio senso,Asciutto,Con buche,Verticale ed orizzontale,Sereno,Scarso,Buona,Inesistente,0,0,0,2,NA,302
8,02/15/2014 19.30.00,Comunale extraurbana,in prossimità,del civico n.,Veicolo in marcia contro ostacolo accidentale,Una carreggiata a doppio senso,Asciutto,Con buche,Verticale ed orizzontale,Sereno,Scarso,Buona,Inesistente,0,0,0,2,NA,302
13,02/15/2014 19.30.00,Strada Urbana,da specificare,NA,Veicolo in marcia contro ostacolo accidentale,Una carreggiata a senso unico di marcia,Asciutto,Asfaltata,Verticale,Sereno,Normale,Buona,Inesistente,0,0,0,2,100 mt prima rotatoria via fosso del dragoncello,NA
13,02/15/2014 19.40.00,Strada Urbana,da specificare,NA,Veicolo in marcia contro ostacolo accidentale,Una carreggiata a doppio senso,Asciutto,Asfaltata,Assente,Sereno,Scarso,Buona,Sufficiente,0,0,0,3,prossimità via cermenate,NA
17,02/15/2014 20.00.00,Strada Urbana,all'intersezione semaforizzata con,VIA DELLA CONCILIAZIONE,Scontro laterale fra veicoli in marcia,Una carreggiata a senso unico di marcia,Asciutto,In cubetti di porfido,Verticale ed orizzontale,Sereno,Normale,Sufficiente,Sufficiente,0,0,0,4,NA,NA
4,02/15/2014 20.10.00,Strada Urbana,da specificare,NA,Veicolo in marcia contro ostacolo accidentale,Una carreggiata a senso unico di marcia,Asciutto,Con buche,Verticale ed orizzontale,Sereno,Scarso,Sufficiente,Insufficiente,0,0,0,2,rampa  Monte Giberto dir. Fidene,NA
8,02/15/2014 20.25.00,Strada Urbana,in prossimità,del civico n.,Veicolo in marcia contro ostacolo accidentale,Una carreggiata a senso unico di marcia,Asciutto,Asfaltata,Orizzontale,Sereno,Scarso,Sufficiente,Sufficiente,0,0,0,1,NA,55
8,02/15/2014 20.35.00,Strada Urbana,in corrispondenza,del civico n.,Veicolo in marcia contro ostacolo accidentale,Una carreggiata a senso unico di marcia,Asciutto,Con buche,Assente,Sereno,Scarso,Sufficiente,Sufficiente,0,0,0,2,NA,55
15,02/15/2014 20.40.00,Strada Urbana,all'intersezione con,VIA LA CONTEA,Scontro laterale fra veicoli in marcia,Una carreggiata a doppio senso,Asciutto,Asfaltata,Orizzontale,Sereno,Scarso,Buona,Sufficiente,0,0,0,2,NA,NA
6,02/15/2014 20.50.00,Strada Urbana,all'intersezione con,VIA GUIDO CORA,Veicolo in marcia contro veicolo in sosta,Una carreggiata a senso unico di marcia,Asciutto,Asfaltata,Verticale ed orizzontale,Sereno,Scarso,Buona,Sufficiente,0,0,0,1,NA,NA
2,02/15/2014 21.00.00,Strada Urbana,da specificare,NA,Veicolo in marcia contro ostacolo fisso,Una carreggiata a senso unico di marcia,Asciutto,Asfaltata,Verticale ed orizzontale,Sereno,Scarso,Sufficiente,Sufficiente,0,0,0,1,in pross. Via Bellini,NA
2,02/15/2014 22.30.00,Strada Urbana,in prossimità,del civico n.,Veicolo in marcia contro ostacolo accidentale,Una carreggiata a doppio senso,Asciutto,Asfaltata,Verticale ed orizzontale,Sereno,Scarso,Sufficiente,Sufficiente,0,0,0,1,NA,663
2,02/15/2014 22.30.00,Strada Urbana,in prossimità,del civico n.,Veicolo in marcia contro ostacolo accidentale,Una carreggiata a doppio senso,Asciutto,Asfaltata,Verticale ed orizzontale,Sereno,Scarso,Sufficiente,Sufficiente,0,0,0,1,NA,663
5,02/15/2014 22.50.00,Strada Urbana,all'intersezione con,VIA GERANO,Veicolo in marcia contro ostacolo accidentale,Una carreggiata a senso unico di marcia,Asciutto,Con buche,Assente,Sereno,Scarso,Insufficiente,Inesistente,0,0,0,2,NA,NA
1,02/15/2014 23.30.00,Strada Urbana,da specificare,NA,Scontro laterale fra veicoli in marcia,Una carreggiata a senso unico di marcia,Asciutto,Asfaltata,Verticale ed orizzontale,Sereno,Intenso,Buona,Sufficiente,0,0,0,5,all'altezza di PIAZZA SDNEY SONNINO,NA
20,02/15/2014 23.50.00,Strada Urbana,da specificare,NA,Veicolo in marcia contro ostacolo accidentale,Una carreggiata a doppio senso,Asciutto,Asfaltata,Orizzontale,Sereno,Normale,Sufficiente,Sufficiente,0,0,0,1,altezza via Duchi di Castro,NA
8,02/15/2014 23.50.00,Strada Urbana,in prossimità,del civico n.,Veicolo in marcia contro ostacolo accidentale,Una carreggiata a senso unico di marcia,Asciutto,Con buche,Verticale ed orizzontale,Sereno,Scarso,Buona,Inesistente,0,0,0,4,NA,165/f
1,02/16/2014 00.40.00,Strada Urbana,in prossimità,del civico n.,Investimento di pedone,Una carreggiata a doppio senso,Asciutto,Asfaltata,Verticale ed orizzontale,Sereno,Scarso,Buona,Sufficiente,1,0,0,0,NA,SNC
6,02/16/2014 01.20.00,Strada Urbana,all'intersezione con,VIA CIRO DA URBINO,Scontro frontale/laterale SX fra veicoli in marcia,Una carreggiata a doppio senso,Asciutto,Asfaltata,Verticale ed orizzontale,Sereno,Scarso,Buona,Sufficiente,1,0,0,5,NA,NA
8,02/16/2014 01.50.00,Strada Urbana,in corrispondenza,del palo luce n.,Veicolo in marcia contro ostacolo accidentale,Una carreggiata a doppio senso,Asciutto,Con buche,Assente,Sereno,Scarso,Buona,Sufficiente,0,0,0,4,NA,7
5,02/16/2014 02.00.00,Statale entro l'abitato,all'intersezione con,VIA LANCIANO,Scontro laterale fra veicoli in marcia,Una carreggiata a doppio senso,Asciutto,Asfaltata,Verticale ed orizzontale,Sereno,Scarso,Sufficiente,Sufficiente,1,0,0,2,NA,NA
11,02/16/2014 02.40.00,Strada Urbana,da specificare,NA,Infortunio per caduta del veicolo,Una carreggiata a doppio senso,Asciutto,Lastricata,Verticale ed orizzontale,Sereno,Scarso,Buona,Sufficiente,0,0,0,1,pross. ponte ferrovia,NA
1,02/16/2014 03.40.00,Strada Urbana,all'intersezione semaforizzata con,VIA RAFFAELE PERSICHETTI,Scontro frontale/laterale DX fra veicoli in marcia,Una carreggiata a senso unico di marcia,Asciutto,Asfaltata,Verticale ed orizzontale,Sereno,Scarso,Buona,Sufficiente,1,0,0,5,NA,NA
11,02/16/2014 04.00.00,Strada Urbana,da specificare,NA,Veicolo in marcia contro ostacolo fisso,Una carreggiata a senso unico di marcia,Asciutto,Asfaltata,Verticale ed orizzontale,Nuvoloso,Scarso,Sufficiente,Sufficiente,0,0,0,1,in prossimità Laurentina,NA
9,02/16/2014 04.10.00,Strada Urbana,da specificare,NA,Veicolo in marcia contro veicoli in sosta,Una carreggiata a senso unico di marcia,Asciutto,Asfaltata,Verticale ed orizzontale,Sereno,Scarso,Sufficiente,Sufficiente,0,0,0,4,FR. CIV. 55,NA
20,02/16/2014 06.00.00,Strada Urbana,da specificare,NA,Veicolo in marcia contro ostacolo fisso,Una carreggiata a doppio senso,Asciutto,Asfaltata,Orizzontale,Sereno,Scarso,Buona,Sufficiente,1,0,0,0,direz. Due Ponti altezza palo ACEA 46,NA
1,02/16/2014 07.15.00,Strada Urbana,in prossimità,del palo luce n.,Tamponamento,Una carreggiata a senso unico di marcia,Asciutto,Acciotolata,Verticale ed orizzontale,Sereno,Scarso,Buona,Ore Diurne,1,0,0,1,NA,3
6,02/16/2014 07.15.00,Strada Urbana,all'intersezione con,VIA DI GROTTA DI GREGNA,Veicolo in marcia contro ostacolo fisso,Una carreggiata a doppio senso,Asciutto,Asfaltata,Verticale ed orizzontale,Sereno,Scarso,Buona,Ore Diurne,0,0,0,1,NA,NA
10,02/16/2014 09.00.00,Strada Urbana,all'intersezione con,VIA SANDRO PENNA,Scontro frontale/laterale SX fra veicoli in marcia,Una carreggiata a senso unico di marcia,Asciutto,Asfaltata,Verticale ed orizzontale,Sereno,Scarso,Buona,Ore Diurne,0,0,0,2,NA,NA
10,02/16/2014 10.30.00,Strada Urbana,all'intersezione semaforizzata con,VIA SCRIBONIO CURIONE,Scontro frontale/laterale SX fra veicoli in marcia,Due carreggiate,Asciutto,Asfaltata,Verticale ed orizzontale,Sereno,Scarso,Buona,Ore Diurne,0,0,0,2,NA,NA
3,02/16/2014 10.36.00,Strada Urbana,all'intersezione con,VIA DEI MARRUCINI,Scontro frontale/laterale SX fra veicoli in marcia,Una carreggiata a senso unico di marcia,Asciutto,Asfaltata,Verticale ed orizzontale,Sereno,Normale,Buona,Ore Diurne,2,0,0,1,NA,NA
19,02/16/2014 10.45.00,Strada Urbana,in corrispondenza,del civico n.,Investimento di pedone,Una carreggiata a senso unico di marcia,Asciutto,Asfaltata,Assente,Sereno,Normale,Buona,Ore Diurne,1,0,0,1,NA,26
12,02/16/2014 11.15.00,Strada Urbana,da specificare,NA,Scontro laterale fra veicoli in marcia,Una carreggiata a doppio senso,Asciutto,Asfaltata,Verticale ed orizzontale,Nuvoloso,Scarso,Buona,Ore Diurne,0,0,0,3,ingresso Metro Magliana,NA
1,02/16/2014 11.30.00,Strada Urbana,in prossimità,del palo luce n.,Scontro laterale fra veicoli in marcia,Una carreggiata a senso unico di marcia,Asciutto,Asfaltata,Verticale ed orizzontale,Sereno,Scarso,Buona,Ore Diurne,0,0,0,5,NA,2
16,02/16/2014 11.40.00,Strada Urbana,da specificare,NA,Veicolo in marcia contro veicolo arresto,Due carreggiate,Asciutto,Asfaltata,Verticale ed orizzontale,Sereno,Normale,Buona,Ore Diurne,1,0,0,1,in prossimità civ.65,NA
16,02/16/2014 11.50.00,Strada Urbana,all'intersezione con,PIAZZA FONTEIANA,Scontro frontale/laterale DX fra veicoli in marcia,Una carreggiata a doppio senso,Asciutto,Asfaltata,Verticale,Sereno,Scarso,Buona,Ore Diurne,0,0,0,3,NA,NA
8,02/16/2014 11.50.00,Strada Urbana,da specificare,NA,Scontro laterale fra veicoli in marcia,Una carreggiata a doppio senso,Asciutto,Asfaltata,Assente,Sereno,Intenso,Buona,Ore Diurne,0,0,0,5,prossimità PIAZZA SERRULE,NA
1,02/16/2014 11.50.00,Strada Urbana,in prossimità,del palo luce n.,Scontro laterale fra veicoli in marcia,Una carreggiata a doppio senso,Asciutto,Asfaltata,Verticale ed orizzontale,Sereno,Normale,Buona,Ore Diurne,1,0,0,1,NA,2
10,02/16/2014 11.50.00,Strada Urbana,da specificare,NA,Scontro laterale fra veicoli in marcia,Una carreggiata a senso unico di marcia,Asciutto,Asfaltata,Orizzontale,Sereno,Scarso,Buona,Ore Diurne,0,0,0,3,cavalcavia direzione roma centro  palo IP 63,NA
8,02/16/2014 12.00.00,Strada Urbana,in prossimità,del civico n.,Scontro frontale/laterale DX fra veicoli in marcia,Una carreggiata a doppio senso,Asciutto,Asfaltata,Orizzontale,Sereno,Normale,Buona,Ore Diurne,0,0,0,7,NA,1111
18,02/16/2014 12.00.00,Strada Urbana,in corrispondenza,del civico n.,Investimento di pedone,Una carreggiata a doppio senso,Asciutto,Asfaltata,Assente,Sereno,Scarso,Buona,Ore Diurne,1,0,0,1,NA,8
6,02/16/2014 12.10.00,Strada Urbana,in corrispondenza,del civico n.,Veicolo in marcia contro veicolo in sosta,Una carreggiata a senso unico di marcia,Asciutto,Asfaltata,Assente,Sereno,Scarso,Buona,Ore Diurne,0,0,0,2,NA,23/25
10,02/16/2014 12.25.00,Strada Urbana,in corrispondenza,del civico n.,Scontro frontale/laterale DX fra veicoli in marcia,Due carreggiate,Asciutto,Asfaltata,Verticale ed orizzontale,Sereno,Normale,Buona,Ore Diurne,0,0,0,4,NA,905
23,02/16/2014 12.25.00,Comunale extraurbana,in prossimità,della chilometrica,Infortunio per sola frenata improvvisa,Più di due carreggiate,Asciutto,Asfaltata,Verticale ed orizzontale,Sereno,Normale,Buona,Ore Diurne,1,0,0,0,NA,18.2
18,02/16/2014 13.00.00,Strada Urbana,da specificare,NA,Scontro frontale/laterale SX fra veicoli in marcia,Due carreggiate,Asciutto,Asfaltata,Verticale ed orizzontale,Sereno,Normale,Buona,Ore Diurne,1,0,0,2,in prossimità della rampa VIA DI BOCCEA ,NA
15,02/16/2014 13.15.00,Strada Urbana,in prossimità,del civico n.,Veicolo in marcia contro ostacolo accidentale,Una carreggiata a doppio senso,Asciutto,Asfaltata,Orizzontale,Sereno,Scarso,Buona,Ore Diurne,0,0,0,1,NA,72
1,02/16/2014 13.20.00,Strada Urbana,all'intersezione con,VIA PUGLIE,Scontro frontale/laterale DX fra veicoli in marcia,Una carreggiata a senso unico di marcia,Asciutto,Asfaltata,Verticale ed orizzontale,Sereno,Scarso,Buona,Ore Diurne,1,0,0,3,NA,NA
1,02/16/2014 13.20.00,Strada Urbana,all'intersezione semaforizzata con,VIA DI S. CROCE IN GERUSALEMME,Tamponamento,Una carreggiata a senso unico di marcia,Asciutto,Asfaltata,Verticale ed orizzontale,Sereno,Normale,Buona,Ore Diurne,2,0,0,1,NA,NA
11,02/16/2014 13.30.00,Strada Urbana,in corrispondenza,del civico n.,Veicolo in marcia contro veicolo in sosta,Una carreggiata a doppio senso,Asciutto,Asfaltata,Verticale ed orizzontale,Sereno,Normale,Buona,Ore Diurne,1,0,0,4,NA,31
16,02/16/2014 13.30.00,Strada Urbana,in prossimità,del civico n.,Investimento di pedone,Una carreggiata a senso unico di marcia,Asciutto,Asfaltata,Verticale ed orizzontale,Sereno,Normale,Buona,Ore Diurne,0,0,0,2,NA,32
8,02/16/2014 13.40.00,Strada Urbana,da specificare,NA,Scontro laterale fra veicoli in marcia,Due carreggiate,Asciutto,Asfaltata,Verticale ed orizzontale,Sereno,Scarso,Buona,Ore Diurne,0,0,0,5,altezza rotatoria via COLUMBIA,NA
13,02/16/2014 14.15.00,Strada Urbana,all'intersezione con,VIA CARLO BOSIO,Scontro frontale/laterale DX fra veicoli in marcia,Una carreggiata a doppio senso,Asciutto,Asfaltata,Orizzontale,Sereno,Normale,Buona,Ore Diurne,1,0,0,3,NA,NA
4,02/16/2014 15.00.00,Strada Urbana,da specificare,NA,Veicolo in marcia contro veicolo in sosta,Una carreggiata a doppio senso,Asciutto,Asfaltata,Verticale,Sereno,Normale,Buona,Ore Diurne,0,0,0,2,via Ottorino Gentiloni,NA
8,02/16/2014 15.00.00,Strada Urbana,all'intersezione con,VIA DOMENICO BECCAFUMI,Scontro frontale/laterale SX fra veicoli in marcia,Una carreggiata a senso unico di marcia,Asciutto,Asfaltata,Verticale ed orizzontale,Sereno,Scarso,Insufficiente,Ore Diurne,0,0,0,5,NA,NA
8,02/16/2014 15.15.00,Strada Urbana,da specificare,NA,Veicolo in marcia contro ostacolo accidentale,Una carreggiata a senso unico di marcia,Asciutto,Strada pavimentata dissestata,Verticale,Sereno,Normale,Buona,Ore Diurne,0,0,0,2,in prossimità via SOLDATI,NA
13,02/16/2014 15.15.00,Provinciale,da specificare,NA,Scontro frontale/laterale SX fra veicoli in marcia,Una carreggiata a doppio senso,Asciutto,Asfaltata,Verticale ed orizzontale,Sereno,Normale,Buona,Ore Diurne,2,0,0,1,altezza III CANCELLO,NA
20,02/16/2014 15.40.00,Statale entro l'abitato,in prossimità,del civico n.,Scontro laterale fra veicoli in marcia,Una carreggiata a doppio senso,Asciutto,Asfaltata,Orizzontale,Sereno,Normale,Buona,Ore Diurne,1,0,0,1,NA,1178/a
6,02/16/2014 15.50.00,Strada Urbana,in prossimità,del civico n.,Scontro laterale fra veicoli in marcia,Due carreggiate,Asciutto,Asfaltata,Verticale ed orizzontale,Sereno,Scarso,Buona,Ore Diurne,0,0,0,2,NA,50
8,02/16/2014 16.00.00,Strada Urbana,da specificare,NA,Veicolo in marcia contro ostacolo accidentale,Due carreggiate,Asciutto,Con buche,Verticale ed orizzontale,Sereno,Scarso,Buona,Ore Diurne,0,0,0,2,fronte civico 21,NA
18,02/16/2014 16.00.00,Strada Urbana,da specificare,NA,Scontro frontale/laterale SX fra veicoli in marcia,Una carreggiata a doppio senso,Asciutto,Asfaltata,Verticale ed orizzontale,Sereno,Scarso,Buona,Ore Diurne,0,0,0,2,rampa d'accesso da via Boccea,NA
18,02/16/2014 16.30.00,Strada Urbana,all'intersezione con,VIA CARDINALE CAPRARA,Scontro frontale/laterale SX fra veicoli in marcia,Una carreggiata a doppio senso,Asciutto,Asfaltata,Assente,Sereno,Scarso,Buona,Ore Diurne,0,0,0,4,NA,NA