Gruppo,DataOraIncidente,Localizzazione1,Localizzazione2,Strada02,NaturaIncidente,TipoStrada,FondoStradale,Pavimentazione,Segnaletica,CondizioneAtmosferica,Traffico,Visibilita,Illuminazione,NUM_FERITI,NUM_RISERVATA,NUM_MORTI,NUM_ILLESI,DaSpecificare,Chilometrica
1,02/21/2014 13.55.00,Strada Urbana,in corrispondenza,del civico n.,Veicolo in marcia contro ostacolo accidentale,Una carreggiata a doppio senso,Sdrucciolevole (terriccio),Asfaltata,Verticale ed orizzontale,Sereno,Normale,Buona,Ore Diurne,1,0,0,0,NA,98/b
8,02/21/2014 14.00.00,Strada Urbana,da specificare,NA,Veicolo in marcia contro ostacolo accidentale,Due carreggiate,Asciutto,Asfaltata,Verticale,Nuvoloso,Normale,Buona,Ore Diurne,0,0,0,1, corrisp. Via della Ricerca Scientifica,NA
2,02/21/2014 14.00.00,Strada Urbana,all'intersezione semaforizzata con,VIA DI S. VALENTINO,Scontro laterale fra veicoli in marcia,Una carreggiata a senso unico di marcia,Asciutto,Asfaltata,Verticale ed orizzontale,Sereno,Normale,Buona,Ore Diurne,1,0,0,2,NA,NA
7,02/21/2014 14.10.00,Strada Urbana,in prossimità,del civico n.,Veicolo in marcia contro veicolo in sosta,Una carreggiata a doppio senso,Asciutto,Asfaltata,Assente,Sereno,Scarso,Buona,Ore Diurne,0,0,0,0,NA,19
3,02/21/2014 14.10.00,Strada Urbana,da specificare,NA,Tamponamento,Una carreggiata a senso unico di marcia,Asciutto,Asfaltata,Verticale ed orizzontale,Sereno,Normale,Buona,Ore Diurne,0,0,0,2,pross. via Tiburtina,NA
18,02/21/2014 14.10.00,Strada Urbana,all'intersezione con,VIA LUCIO II,Scontro frontale/laterale DX fra veicoli in marcia,Una carreggiata a doppio senso,Asciutto,Asfaltata,Verticale ed orizzontale,Sereno,Normale,Buona,Ore Diurne,0,0,0,2,NA,NA
1,02/21/2014 14.20.00,Strada Urbana,all'intersezione con,LARGO DELL'AMBA ARADAM,Scontro laterale fra veicoli in marcia,Una carreggiata a doppio senso,Asciutto,Asfaltata,Verticale ed orizzontale,Sereno,Normale,Buona,Ore Diurne,1,0,0,2,NA,NA
13,02/21/2014 14.30.00,Strada Urbana,all'intersezione con,VIA VINCENZO DAVICO,Infortunio per caduta del veicolo,Una carreggiata a doppio senso,Asciutto,Asfaltata,Verticale ed orizzontale,Sereno,Scarso,Buona,Ore Diurne,0,0,0,2,NA,NA
4,02/21/2014 14.45.00,Provinciale,in prossimità,del civico n.,Tamponamento,Una carreggiata a doppio senso,Asciutto,Asfaltata,Verticale ed orizzontale,Sereno,Normale,Buona,Ore Diurne,1,0,0,1,NA,1412
2,02/21/2014 15.00.00,Strada Urbana,in prossimità,del civico n.,Scontro laterale fra veicoli in marcia,Una carreggiata a senso unico di marcia,Asciutto,Asfaltata,Verticale ed orizzontale,Sereno,Scarso,Buona,Ore Diurne,0,0,0,2,NA,23
13,02/21/2014 15.10.00,Provinciale,da specificare,NA,Scontro frontale/laterale DX fra veicoli in marcia,Una carreggiata a senso unico alternato,Asciutto,Asfaltata,Verticale ed orizzontale,Sereno,Scarso,Buona,Ore Diurne,0,0,0,3,altezza VI cancello,NA
13,02/21/2014 15.11.00,Strada Urbana,all'intersezione con,VIA IPPONATTE,Scontro frontale/laterale SX fra veicoli in marcia,Una carreggiata a senso unico di marcia,Asciutto,Asfaltata,Verticale ed orizzontale,Sereno,Scarso,Buona,Ore Diurne,1,0,0,1,NA,NA
11,02/21/2014 15.15.00,Strada Urbana,in prossimità,del civico n.,Investimento di pedone,Una carreggiata a senso unico di marcia,Asciutto,Asfaltata,Assente,Sereno,Normale,Buona,Ore Diurne,0,1,0,1,NA,54
1,02/21/2014 15.30.00,Strada Urbana,in corrispondenza,del civico n.,Veicolo in marcia contro ostacolo accidentale,Una carreggiata a senso unico di marcia,Asciutto,Con buche,Verticale ed orizzontale,Sereno,Normale,Buona,Ore Diurne,0,0,0,1,NA,9
2,02/21/2014 15.30.00,Strada Urbana,in prossimità,del civico n.,Scontro frontale/laterale DX fra veicoli in marcia,Una carreggiata a senso unico di marcia,Asciutto,Asfaltata,Verticale ed orizzontale,Sereno,Normale,Buona,Ore Diurne,1,0,0,1,NA,120
11,02/21/2014 15.30.00,Regionale entro l'abitato,all'intersezione semaforizzata con,VIA LAURENTINA,Scontro laterale fra veicoli in marcia,Una carreggiata a doppio senso,Asciutto,Asfaltata,Verticale ed orizzontale,Sereno,Normale,Buona,Ore Diurne,0,0,0,2,NA,NA
18,02/21/2014 15.30.00,Strada Urbana,all'intersezione con,VIA CALISTO II,Scontro laterale fra veicoli in marcia,Una carreggiata a doppio senso,Asciutto,Asfaltata,Verticale ed orizzontale,Sereno,Normale,Buona,Ore Diurne,0,0,0,2,NA,NA
19,02/21/2014 15.30.00,Strada Urbana,da specificare,NA,Tamponamento,Una carreggiata a doppio senso,Asciutto,Asfaltata,Orizzontale,Sereno,Normale,Buona,Ore Diurne,0,0,0,2,in prossimità di Via P.P. Pasolini,NA
11,02/21/2014 15.40.00,Strada Urbana,in prossimità,del palo luce n.,Scontro laterale fra veicoli in marcia,Due carreggiate,Asciutto,Asfaltata,Verticale ed orizzontale,Sereno,Normale,Buona,Ore Diurne,1,0,0,2,NA,190
20,02/21/2014 15.45.00,Strada Urbana,in corrispondenza,del civico n.,Scontro frontale/laterale SX fra veicoli in marcia,Una carreggiata a doppio senso,Asciutto,Acciotolata,Assente,Sereno,Scarso,Buona,Ore Diurne,0,0,0,3,NA,68
8,02/21/2014 15.50.00,Strada Urbana,da specificare,NA,Veicolo in marcia contro ostacolo accidentale,Due carreggiate,Asciutto,Asfaltata,Verticale,Sereno,Normale,Buona,Ore Diurne,0,0,0,3,alt. Via della Ricerca Scientifica,NA
4,02/21/2014 16.00.00,Strada Urbana,all'intersezione con,VIA CARLO BERNARI,Scontro laterale fra veicoli in marcia,Una carreggiata a doppio senso,Asciutto,Asfaltata,Verticale,Sereno,Intenso,Buona,Ore Diurne,1,0,0,1,NA,NA
23,02/21/2014 16.00.00,NA,in prossimità,del civico n.,Scontro laterale fra veicoli in marcia,NA,NA,NA,NA,NA,NA,NA,NA,0,0,0,0,NA,151
23,02/21/2014 16.00.00,Strada Urbana,in prossimità,del civico n.,Scontro laterale fra veicoli in marcia,Due carreggiate,Asciutto,Asfaltata,Verticale ed orizzontale,Sereno,Intenso,Buona,Ore Diurne,0,0,0,2,NA,151
12,02/21/2014 16.10.00,Provinciale,da specificare,NA,Scontro laterale fra veicoli in marcia,Una carreggiata a doppio senso,Asciutto,Asfaltata,Verticale ed orizzontale,Sereno,Scarso,Buona,Ore Diurne,1,0,0,3,civ. 1800 direzione Roma,NA
18,02/21/2014 16.20.00,Strada Urbana,da specificare,NA,Investimento di pedone,Due carreggiate,Asciutto,Asfaltata,Verticale ed orizzontale,Sole radente,Normale,Buona,Ore Diurne,1,0,0,2,prossimità Largo R.Camastra,NA
5,02/21/2014 16.30.00,Strada Urbana,da specificare,NA,Infortunio per sola frenata improvvisa,Due carreggiate,Asciutto,Asfaltata,Verticale ed orizzontale,Sereno,Normale,Buona,Ore Diurne,1,0,0,1,direz.centro prox.svinc.Togliatti M. Ponte Mammolo,NA
19,02/21/2014 16.40.00,Strada Urbana,da specificare,NA,Scontro laterale fra veicoli in marcia,Una carreggiata a senso unico di marcia,Asciutto,Asfaltata,Assente,Sereno,Normale,Buona,Ore Diurne,0,0,0,3,prossimità V. Taverna,NA
8,02/21/2014 16.40.00,Strada Urbana,all'intersezione con,VIALE ANTONIO CIAMARRA,Scontro laterale fra veicoli in marcia,Due carreggiate,Asciutto,Asfaltata,Verticale ed orizzontale,Sereno,Normale,Sufficiente,Ore Diurne,0,0,0,2,NA,NA
20,02/21/2014 16.45.00,Strada Urbana,da specificare,NA,Veicolo in marcia contro veicolo in sosta,Una carreggiata a senso unico di marcia,Asciutto,Asfaltata,Verticale ed orizzontale,Sereno,Scarso,Buona,Ore Diurne,0,0,0,1,.,NA
3,02/21/2014 16.45.00,Strada Urbana,in prossimità,del civico n.,Veicolo in marcia contro veicoli in arresto,Una carreggiata a senso unico di marcia,Asciutto,Asfaltata,Verticale ed orizzontale,Sereno,Scarso,Buona,Ore Diurne,0,0,0,0,NA,35
18,02/21/2014 16.45.00,Strada Urbana,in corrispondenza,del civico n.,Veicolo in marcia contro veicolo fermo,Due carreggiate,Asciutto,Asfaltata,Verticale ed orizzontale,Sereno,Normale,Buona,Ore Diurne,0,0,0,2,NA,60
8,02/21/2014 16.50.00,Strada Urbana,in prossimità,del civico n.,Scontro laterale fra veicoli in marcia,Una carreggiata a senso unico di marcia,Asciutto,Asfaltata,Verticale ed orizzontale,Sereno,Normale,Buona,Ore Diurne,0,0,0,3,NA,80
8,02/21/2014 16.52.00,Strada Urbana,in prossimità,del civico n.,Scontro laterale fra veicoli in marcia,Una carreggiata a senso unico di marcia,Asciutto,Asfaltata,Verticale ed orizzontale,Sereno,Normale,Buona,Ore Diurne,0,0,0,3,NA,80
18,02/21/2014 17.00.00,Strada Urbana,in corrispondenza,del civico n.,Scontro laterale fra veicoli in marcia,Una carreggiata a senso unico di marcia,Asciutto,Asfaltata,Verticale ed orizzontale,Sereno,Intenso,Buona,Ore Diurne,0,0,0,3,NA,527/a
4,02/21/2014 17.15.00,Strada Urbana,in prossimità,del civico n.,Investimento di pedone,Due carreggiate,Asciutto,Asfaltata,Verticale ed orizzontale,Sereno,Normale,Buona,Ore Diurne,1,0,0,1,NA,69
13,02/21/2014 18.20.00,Provinciale entro l'abitato,in corrispondenza,della chilometrica,Scontro frontale/laterale DX fra veicoli in marcia,Una carreggiata a doppio senso,Asciutto,Asfaltata,Verticale ed orizzontale,Sereno,Normale,Insufficiente,Inesistente,0,0,0,2,NA,22.93
3,02/21/2014 18.20.00,Strada Urbana,all'intersezione semaforizzata con,VIA FAMIANO NARDINI,Scontro laterale fra veicoli in marcia,Una carreggiata a doppio senso,Asciutto,Asfaltata,Verticale ed orizzontale,Sereno,Normale,Sufficiente,Sufficiente,1,0,0,2,NA,NA
8,02/21/2014 18.30.00,Strada Urbana,da specificare,NA,Ribaltamento senza urto contro ostacolo fisso,Due carreggiate,Asciutto,Asfaltata,Verticale ed orizzontale,Sereno,Normale,Buona,Ore Diurne,2,0,0,0,100 mt prima intersezione (e dir) via P. TOGLIATTI,NA
2,02/21/2014 18.30.00,Strada Urbana,in corrispondenza,del civico n.,Veicolo in marcia contro ostacolo accidentale,Una carreggiata a senso unico di marcia,Asciutto,Asfaltata,Verticale ed orizzontale,Sereno,Normale,Buona,Sufficiente,0,0,0,1,NA,fr 9E
12,02/21/2014 18.40.00,Regionale,da specificare,NA,Veicolo in marcia contro ostacolo accidentale,Una carreggiata a doppio senso,Asciutto,Con buche,Verticale ed orizzontale,Sereno,Scarso,Insufficiente,Inesistente,0,0,0,1,laterale in prox V.Eroi di Cefalonia,NA
7,02/21/2014 19.15.00,Strada Urbana,in corrispondenza,del civico n.,Scontro frontale/laterale SX fra veicoli in marcia,Una carreggiata a doppio senso,Asciutto,Asfaltata,Verticale ed orizzontale,Sereno,Intenso,Buona,Ore Diurne,1,0,0,1,NA,246
8,02/21/2014 19.30.00,Strada Urbana,da specificare,NA,Tamponamento Multiplo,Una carreggiata a senso unico di marcia,Asciutto,Asfaltata,Assente,Sereno,Scarso,Sufficiente,Sufficiente,1,0,0,7,alt via Bottidda,NA
1,02/21/2014 19.35.00,Strada Urbana,da specificare,NA,Tamponamento,Due carreggiate,Asciutto,Asfaltata,Verticale ed orizzontale,Sereno,Normale,Buona,Sufficiente,1,0,0,1,direzione Lungotevere  a Ripa,NA
15,02/21/2014 19.40.00,Comunale extraurbana,in corrispondenza,del civico n.,Investimento di pedone,Una carreggiata a doppio senso,Asciutto,Asfaltata,Orizzontale,Sereno,Scarso,Sufficiente,Sufficiente,1,0,0,1,NA,1
18,02/21/2014 19.40.00,Strada Urbana,all'intersezione semaforizzata con,VIA DEI MONTI DI PRIMAVALLE,Scontro frontale/laterale DX fra veicoli in marcia,Una carreggiata a doppio senso,Asciutto,Asfaltata,Verticale ed orizzontale,Sereno,Intenso,Sufficiente,Sufficiente,1,0,0,3,NA,NA
15,02/21/2014 19.45.00,Strada Urbana,in corrispondenza,del civico n.,Scontro frontale/laterale SX fra veicoli in marcia,Una carreggiata a doppio senso,Asciutto,Asfaltata,Verticale ed orizzontale,Sereno,Normale,Buona,Sufficiente,1,0,0,1,NA,826A
6,02/21/2014 20.00.00,Strada Urbana,da specificare,NA,Investimento di pedone,Più di due carreggiate,Asciutto,Asfaltata,Verticale ed orizzontale,Sereno,Intenso,Buona,Sufficiente,1,0,0,1,FRONTE VIA ERASMO GATTAMELATA,NA
13,02/21/2014 20.10.00,Strada Urbana,da specificare,NA,Scontro frontale/laterale SX fra veicoli in marcia,Una carreggiata a doppio senso,Asciutto,Asfaltata,Verticale ed orizzontale,Sereno,Normale,Buona,Sufficiente,2,1,0,0,altezza rampa viadotto attico tabacchi,NA
20,02/21/2014 20.30.00,Regionale entro l'abitato,in corrispondenza,del civico n.,Scontro frontale/laterale DX fra veicoli in marcia,Una carreggiata a doppio senso,Asciutto,Asfaltata,Verticale ed orizzontale,Sereno,Normale,Buona,Sufficiente,1,0,0,1,NA,932
6,02/21/2014 20.40.00,Strada Urbana,all'intersezione con,VIA DEI CICERI,Scontro laterale fra veicoli in marcia,Una carreggiata a senso unico di marcia,Asciutto,Asfaltata,Verticale ed orizzontale,Sereno,Scarso,Buona,Sufficiente,1,0,0,1,NA,NA
20,02/21/2014 20.45.00,Strada Urbana,in prossimità,del civico n.,Scontro laterale fra veicoli in marcia,Più di due carreggiate,Asciutto,Asfaltata,Verticale ed orizzontale,Sereno,Scarso,Buona,Sufficiente,0,0,0,2,NA,118
2,02/21/2014 21.00.00,Strada Urbana,in prossimità,del civico n.,Tamponamento,Una carreggiata a doppio senso,Asciutto,Asfaltata,Verticale ed orizzontale,Sereno,Normale,Buona,Sufficiente,2,0,0,1,NA,98
11,02/21/2014 21.30.00,Strada Urbana,all'intersezione con,VIALE CARLO TOMMASO ODESCALCHI,Scontro laterale fra veicoli in marcia,Due carreggiate,Asciutto,Asfaltata,Verticale ed orizzontale,Sereno,Scarso,Sufficiente,Sufficiente,0,0,0,3,NA,NA
4,02/21/2014 21.55.00,Strada Urbana,in corrispondenza,del civico n.,Veicolo in marcia contro ostacolo fisso,Due carreggiate,Asciutto,Asfaltata,Verticale ed orizzontale,Sereno,Normale,Buona,Sufficiente,0,0,0,1,NA,360
3,02/21/2014 23.00.00,Strada Urbana,in prossimità,del civico n.,Veicolo in marcia contro ostacolo fisso,Una carreggiata a doppio senso,Asciutto,Asfaltata,Verticale ed orizzontale,Sereno,Scarso,Sufficiente,Sufficiente,0,0,0,1,NA,54
12,02/21/2014 23.15.00,Strada Urbana,in prossimità,del civico n.,Veicolo in marcia contro veicolo in sosta,Una carreggiata a senso unico di marcia,Asciutto,Asfaltata,Verticale ed orizzontale,Sereno,Scarso,Buona,Sufficiente,0,0,0,1,NA,74
3,02/22/2014 00.00.00,Strada Urbana,in corrispondenza,del civico n.,Veicolo in marcia contro ostacolo fisso,Una carreggiata a doppio senso,Bagnato (umidità in atto),Asfaltata,Verticale ed orizzontale,Nuvoloso,Scarso,Buona,Sufficiente,0,1,0,0,NA,451
17,02/22/2014 00.00.00,Strada Urbana,in prossimità,del civico n.,Veicolo in marcia contro veicolo in sosta,Una carreggiata a senso unico alternato,Bagnato (umidità in atto),Lastricata,Orizzontale,Nuvoloso,Scarso,Sufficiente,Sufficiente,0,0,0,1,NA,147
8,02/22/2014 00.01.00,Strada Urbana,all'intersezione con,VIA PIETRO SOMMARIVA,Veicolo in marcia contro veicoli in sosta,Una carreggiata a doppio senso,Asciutto,Asfaltata,Orizzontale,Sereno,Scarso,Buona,Sufficiente,0,0,0,0,NA,NA
11,02/22/2014 01.00.00,Strada Urbana,in prossimità,del civico n.,Fuoriuscita dalla sede stradale,Una carreggiata a senso unico di marcia,Asciutto,Asfaltata,Assente,Nuvoloso,Scarso,Sufficiente,Sufficiente,1,0,0,0,NA,14
13,02/22/2014 01.00.00,Regionale entro l'abitato,da specificare,NA,Ribaltamento senza urto contro ostacolo fisso,Una carreggiata a senso unico di marcia,Asciutto,Asfaltata,Verticale ed orizzontale,Sereno,Scarso,Sufficiente,Inesistente,0,0,0,1,PARALLELA VIA GUIDO CALZA,NA
2,02/22/2014 01.10.00,Strada Urbana,da specificare,NA,Veicolo in marcia contro veicolo in sosta,Una carreggiata a senso unico di marcia,Asciutto,Asfaltata,Orizzontale,Nuvoloso,Scarso,Buona,Sufficiente,0,0,0,2, in prossimità di PIAZZA TRENTO,NA
12,02/22/2014 02.00.00,Strada Urbana,all'intersezione con,VIA FIUME BIANCO,Veicolo in marcia contro ostacolo fisso,Una carreggiata a senso unico di marcia,Asciutto,Asfaltata,Verticale ed orizzontale,Sereno,Scarso,Buona,Sufficiente,0,0,0,1,NA,NA
6,02/22/2014 02.00.00,Strada Urbana,all'intersezione semaforizzata con,VIA TOR DE' SCHIAVI,Scontro frontale/laterale SX fra veicoli in marcia,Più di due carreggiate,Asciutto,Asfaltata,Verticale ed orizzontale,Sereno,Scarso,Sufficiente,Sufficiente,1,0,0,1,NA,NA
9,02/22/2014 02.40.00,Strada Urbana,all'intersezione semaforizzata con,PIAZZA CAMILLO FINOCCHIARO APRILE,Scontro laterale fra veicoli in marcia,Due carreggiate,Bagnato (pioggia),Asfaltata,Verticale ed orizzontale,Pioggia in atto,Scarso,Sufficiente,Sufficiente,0,0,0,2,NA,NA
1,02/22/2014 03.00.00,Strada Urbana,all'intersezione con,VIA OTRANTO,Scontro frontale/laterale SX fra veicoli in marcia,Una carreggiata a senso unico di marcia,Bagnato (pioggia),Asfaltata,Verticale ed orizzontale,Pioggia in atto,Scarso,Buona,Sufficiente,2,0,0,2,NA,NA
7,02/22/2014 03.40.00,Strada Urbana,in prossimità,del civico n.,Veicolo in marcia contro veicoli in sosta,Una carreggiata a doppio senso,Asciutto,Asfaltata,Verticale ed orizzontale,Sereno,Scarso,Sufficiente,Sufficiente,0,0,0,0,NA,104
20,02/22/2014 04.00.00,Strada Urbana,in corrispondenza,del civico n.,Veicolo in marcia contro veicolo in sosta,Una carreggiata a doppio senso,Bagnato (pioggia),Asfaltata,Orizzontale,Nuvoloso,Scarso,Insufficiente,Inesistente,1,0,0,1,NA,670
11,02/22/2014 05.00.00,Strada Urbana,in prossimità,del civico n.,Veicolo in marcia contro veicoli in sosta,Una carreggiata a senso unico di marcia,Bagnato (pioggia),Asfaltata,Verticale ed orizzontale,Nuvoloso,Normale,Buona,Sufficiente,2,0,0,0,NA,91/A
19,02/22/2014 05.35.00,Strada Urbana,all'intersezione con,VIA FRATELLI GUALANDI,Scontro frontale/laterale SX fra veicoli in marcia,Due carreggiate,Bagnato (pioggia),Asfaltata,Verticale ed orizzontale,Nuvoloso,Scarso,Buona,Sufficiente,1,0,0,1,NA,NA
4,02/22/2014 07.00.00,Strada Urbana,da specificare,NA,Veicolo in marcia contro ostacolo fisso,Due carreggiate,Bagnato (umidità in atto),Asfaltata,Verticale ed orizzontale,Nuvoloso,Scarso,Buona,Ore Diurne,0,0,0,0,altezza PIAZZA P.C. TALENTI,NA
12,02/22/2014 07.30.00,Strada Urbana,da specificare,NA,Scontro laterale fra veicoli in marcia,Due carreggiate,Bagnato (umidità in atto),Asfaltata,Verticale ed orizzontale,Nuvoloso,Normale,Buona,Ore Diurne,3,0,0,2,altezza palo ACEA 755 direzione Roma centro,NA
2,02/22/2014 07.40.00,Strada Urbana,in corrispondenza,del civico n.,Tamponamento Multiplo,Una carreggiata a doppio senso,Bagnato (pioggia),Asfaltata,Verticale ed orizzontale,Nuvoloso,Scarso,Buona,Ore Diurne,0,0,0,3,NA,136
17,02/22/2014 07.50.00,Strada Urbana,in prossimità,del civico n.,Veicolo in marcia contro ostacolo fisso,Una carreggiata a senso unico di marcia,Bagnato (pioggia),Asfaltata,Verticale ed orizzontale,Nuvoloso,Scarso,Buona,Ore Diurne,1,0,0,0,NA,16
8,02/22/2014 08.00.00,Provinciale entro l'abitato,all'intersezione semaforizzata con,VIA DELLA RISERVA NUOVA,Tamponamento,Una carreggiata a doppio senso,Bagnato (pioggia),Asfaltata,Verticale ed orizzontale,Nuvoloso,Scarso,Buona,Ore Diurne,2,0,0,4,NA,NA
9,02/22/2014 09.10.00,Strada Urbana,da specificare,NA,Tamponamento,Più di due carreggiate,Asciutto,Asfaltata,Verticale ed orizzontale,Nuvoloso,Normale,Buona,Ore Diurne,0,0,0,4,fronte civico 803,NA
2,02/22/2014 09.30.00,Strada Urbana,all'intersezione con,VIA MORICONE,Scontro frontale/laterale DX fra veicoli in marcia,Una carreggiata a senso unico di marcia,Bagnato (pioggia),Asfaltata,Verticale ed orizzontale,Nuvoloso,Normale,Buona,Ore Diurne,0,0,0,3,NA,NA
6,02/22/2014 10.05.00,Strada Urbana,all'intersezione con,VIA ARGENTINA ALTOBELLI,Scontro frontale/laterale DX fra veicoli in marcia,Più di due carreggiate,Asciutto,Asfaltata,Verticale ed orizzontale,Sereno,Intenso,Buona,Ore Diurne,1,0,0,2,NA,NA
8,02/22/2014 10.30.00,Strada Urbana,in prossimità,del civico n.,Veicolo in marcia contro ostacolo accidentale,Due carreggiate,Asciutto,Asfaltata,Orizzontale,Nuvoloso,Normale,Buona,Ore Diurne,0,0,0,1,NA,167
17,02/22/2014 10.30.00,Strada Urbana,in prossimità,del civico n.,Investimento di pedone,Una carreggiata a doppio senso,Asciutto,Asfaltata,Verticale ed orizzontale,Sereno,Normale,Buona,Ore Diurne,1,0,0,1,NA,6/A
13,02/22/2014 11.30.00,Strada Urbana,da specificare,NA,Scontro laterale fra veicoli in marcia,Due carreggiate,Asciutto,Asfaltata,Assente,Sereno,Normale,Buona,Ore Diurne,0,0,0,2,in prossimità del vivaio,NA
15,02/22/2014 11.40.00,Strada Urbana,in corrispondenza,del civico n.,Investimento di pedone,Una carreggiata a doppio senso,Asciutto,Asfaltata,Verticale ed orizzontale,Nuvoloso,Normale,Buona,Ore Diurne,1,0,0,1,NA,243A
17,02/22/2014 11.55.00,Strada Urbana,all'intersezione semaforizzata con,LUNGOTEVERE MARESCIALLO CADORNA,Scontro laterale fra veicoli in marcia,Una carreggiata a senso unico di marcia,Asciutto,Asfaltata,Verticale ed orizzontale,Nuvoloso,Intenso,Buona,Ore Diurne,0,0,0,2,NA,NA
16,02/22/2014 12.00.00,Strada Urbana,da specificare,NA,Tamponamento,Una carreggiata a doppio senso,Asciutto,Asfaltata,Assente,Sereno,Scarso,Buona,Ore Diurne,0,0,0,2,primo cancello subito dopo il civico 67,NA
23,02/22/2014 12.05.00,Strada Urbana,da specificare,NA,Infortunio per sola frenata improvvisa,Due carreggiate,Bagnato (pioggia),Asfaltata,Verticale ed orizzontale,Nuvoloso,Normale,Buona,Ore Diurne,1,0,0,0,in prossimità dell'impianto semaforico,NA
17,02/22/2014 12.20.00,Strada Urbana,in prossimità,del civico n.,Scontro frontale/laterale DX fra veicoli in marcia,Una carreggiata a senso unico di marcia,Asciutto,Asfaltata,Verticale ed orizzontale,Sereno,Normale,Buona,Ore Diurne,0,0,0,2,NA,12
18,02/22/2014 12.20.00,Strada Urbana,in prossimità,del civico n.,Ribaltamento senza urto contro ostacolo fisso,Una carreggiata a doppio senso,Asciutto,Asfaltata,Verticale ed orizzontale,Sereno,Normale,Buona,Ore Diurne,1,0,0,0,NA,114
8,02/22/2014 12.30.00,Strada Urbana,da specificare,NA,Veicolo in marcia contro ostacolo accidentale,Una carreggiata a doppio senso,Bagnato (pioggia),Asfaltata,Verticale ed orizzontale,Pioggia in atto,Normale,Buona,Ore Diurne,0,0,0,1,altezza Via MONTALBANO ELICONA,NA
7,02/22/2014 12.35.00,Strada Urbana,all'intersezione semaforizzata con,VIA DELLE ACACIE,Veicolo in marcia contro ostacolo accidentale,Una carreggiata a doppio senso,Bagnato (umidità in atto),Asfaltata,Verticale ed orizzontale,Sereno,Normale,Buona,Ore Diurne,0,0,0,1,NA,NA
9,02/22/2014 12.40.00,Strada Urbana,all'intersezione semaforizzata con,PIAZZALE APPIO,Tamponamento,Una carreggiata a doppio senso,Bagnato (pioggia),Asfaltata,Verticale ed orizzontale,Pioggia in atto,NA,Buona,Ore Diurne,0,0,0,2,NA,NA
5,02/22/2014 12.40.00,Strada Urbana,da specificare,NA,Ribaltamento senza urto contro ostacolo fisso,Una carreggiata a senso unico di marcia,Asciutto,Asfaltata,Orizzontale,Sereno,Intenso,Buona,Ore Diurne,0,0,0,2,pross. svincolo Monti Tiburtini,NA
10,02/22/2014 12.45.00,Strada Urbana,da specificare,NA,Tamponamento,Due carreggiate,Asciutto,Asfaltata,Verticale ed orizzontale,Sereno,Scarso,Buona,Ore Diurne,2,0,0,2,fc Palo ACEA 824,NA
8,02/22/2014 13.00.00,Strada Urbana,all'intersezione con,VIA LUCIO FONTANA,Veicolo in marcia contro ostacolo accidentale,Una carreggiata a senso unico di marcia,Asciutto,Asfaltata,Verticale,Nuvoloso,Normale,Buona,Ore Diurne,0,0,0,1,NA,NA
5,02/22/2014 13.00.00,Strada Urbana,all'intersezione semaforizzata con,VIA SPINOZA,Scontro frontale/laterale SX fra veicoli in marcia,Due carreggiate,Asciutto,Asfaltata,Verticale ed orizzontale,Nuvoloso,Scarso,Buona,Ore Diurne,1,0,0,2,NA,NA
16,02/22/2014 13.05.00,Strada Urbana,all'intersezione con,VIA DELLA PISANA,Scontro laterale fra veicoli in marcia,Una carreggiata a doppio senso,Asciutto,Asfaltata,Verticale ed orizzontale,Sereno,Normale,Buona,Ore Diurne,1,0,0,2,NA,NA
6,02/22/2014 13.30.00,Strada Urbana,in prossimità,del civico n.,Scontro frontale fra veicoli in marcia,Più di due carreggiate,Asciutto,Asfaltata,Verticale ed orizzontale,Sereno,Normale,Buona,Ore Diurne,0,0,0,3,NA,212/b
4,02/22/2014 13.40.00,Statale entro l'abitato,da specificare,NA,Tamponamento,Due carreggiate,Asciutto,Asfaltata,Verticale ed orizzontale,Sereno,Normale,Buona,Ore Diurne,0,0,0,3,direzione Roma Centro,NA
7,02/22/2014 13.50.00,Strada Urbana,in corrispondenza,del civico n.,Scontro frontale/laterale DX fra veicoli in marcia,Una carreggiata a doppio senso,Asciutto,Asfaltata,Orizzontale,Sereno,Normale,Buona,Ore Diurne,0,0,0,3,NA,439
20,02/22/2014 14.00.00,Strada Urbana,in prossimità,del civico n.,Veicolo in marcia contro ostacolo accidentale,Una carreggiata a doppio senso,Asciutto,Strada pavimentata dissestata,Temporanea di cantiere,Sereno,Scarso,Buona,Ore Diurne,0,0,0,1,NA,fronte 40/F
2,02/22/2014 14.00.00,Strada Urbana,all'intersezione semaforizzata con,PONTE DUCA D'AOSTA,Tamponamento Multiplo,Una carreggiata a doppio senso,Asciutto,Asfaltata,Verticale ed orizzontale,Sereno,Normale,Buona,Ore Diurne,0,0,0,4,NA,NA
17,02/22/2014 14.45.00,Strada Urbana,all'intersezione semaforizzata con,LUNGOTEVERE MARESCIALLO CADORNA,Scontro laterale fra veicoli in marcia,Due carreggiate,Asciutto,Asfaltata,Verticale ed orizzontale,Sereno,Normale,Buona,Ore Diurne,0,0,0,2,NA,NA
13,02/22/2014 14.50.00,Strada Urbana,all'intersezione con,VIA CARL ORFF,Scontro frontale fra veicoli in marcia,Due carreggiate,Asciutto,Asfaltata,Verticale ed orizzontale,Sereno,Normale,Buona,Ore Diurne,3,0,0,3,NA,NA