Gruppo,DataOraIncidente,Localizzazione1,Localizzazione2,Strada02,NaturaIncidente,TipoStrada,FondoStradale,Pavimentazione,Segnaletica,CondizioneAtmosferica,Traffico,Visibilita,Illuminazione,NUM_FERITI,NUM_RISERVATA,NUM_MORTI,NUM_ILLESI,DaSpecificare,Chilometrica
16,03/04/2014 14.00.00,Strada Urbana,all'intersezione con,VIA LICIO GIORGIERI,Scontro laterale fra veicoli in marcia,Due carreggiate,Bagnato (pioggia),Asfaltata,Orizzontale,Nuvoloso,Normale,Buona,Ore Diurne,0,0,0,4,NA,NA
16,03/04/2014 14.10.00,Strada Urbana,in corrispondenza,del civico n.,Tamponamento Multiplo,Più di due carreggiate,Bagnato (pioggia),Strada pavimentata dissestata,Verticale ed orizzontale,Nuvoloso,Normale,Buona,Ore Diurne,0,0,0,3,NA,66
15,03/04/2014 14.10.00,Strada Urbana,all'intersezione con,VIALE ALESSANDRO MARCHETTI,Veicolo in marcia contro ostacolo accidentale,Una carreggiata a doppio senso,Bagnato (pioggia),Asfaltata,Assente,Pioggia in atto,Scarso,Buona,Ore Diurne,0,0,0,1,NA,NA
3,03/04/2014 14.15.00,Strada Urbana,da specificare,NA,Scontro frontale/laterale SX fra veicoli in marcia,Due carreggiate,Bagnato (pioggia),Asfaltata,Verticale ed orizzontale,Pioggia in atto,Normale,Buona,Ore Diurne,1,0,0,2,altezza frone Via Pietro L'Eremita,NA
18,03/04/2014 14.20.00,Strada Urbana,in prossimità,del civico n.,Scontro laterale fra veicoli in marcia,Una carreggiata a senso unico di marcia,Bagnato (pioggia),Asfaltata,Verticale ed orizzontale,Pioggia in atto,Scarso,Buona,Ore Diurne,0,0,0,2,NA,14
1,03/04/2014 14.30.00,Strada Urbana,all'intersezione con,VIA MATTEO BOIARDO,Investimento di pedone,Più di due carreggiate,Bagnato (pioggia),Asfaltata,Verticale ed orizzontale,Pioggia in atto,Intenso,Buona,Ore Diurne,1,0,0,1,NA,NA
18,03/04/2014 14.40.00,Strada Urbana,da specificare,NA,Tamponamento,Una carreggiata a doppio senso,Bagnato (pioggia),Asfaltata,Verticale ed orizzontale,Pioggia in atto,Normale,Buona,Ore Diurne,1,0,0,1,ALTEZZA VIA ADRIANO I,NA
1,03/04/2014 15.00.00,Strada Urbana,all'intersezione con,VIA DRUSO,Scontro laterale fra veicoli in marcia,Due carreggiate,Bagnato (pioggia),Asfaltata,Verticale ed orizzontale,Pioggia in atto,Normale,Buona,Ore Diurne,0,0,0,5,NA,NA
5,03/04/2014 15.15.00,Strada Urbana,da specificare,NA,Tamponamento Multiplo,Due carreggiate,Bagnato (umidità in atto),Asfaltata,Verticale ed orizzontale,Nuvoloso,Normale,Buona,Ore Diurne,0,0,0,6,alt. Metro Ponte Mammolo dir. centro,NA
23,03/04/2014 15.25.00,Comunale extraurbana,in corrispondenza,della chilometrica,Tamponamento,Due carreggiate,Bagnato (pioggia),Asfaltata,Verticale ed orizzontale,Nuvoloso,Normale,Buona,Ore Diurne,0,0,0,3,NA,19.4
1,03/04/2014 16.00.00,Strada Urbana,in prossimità,del civico n.,Investimento di pedone,Due carreggiate,Bagnato (pioggia),Asfaltata,Verticale ed orizzontale,Pioggia in atto,Intenso,Buona,Ore Diurne,1,0,0,1,NA,104/A
9,03/04/2014 16.10.00,Strada Urbana,da specificare,NA,Scontro laterale fra veicoli in marcia,Una carreggiata a senso unico di marcia,Bagnato (pioggia),Asfaltata,Verticale ed orizzontale,Nuvoloso,Normale,Buona,Ore Diurne,0,0,0,5,altezza VIA DEI CESSATI SPIRITI,NA
1,03/04/2014 16.15.00,Strada Urbana,in prossimità,del palo luce n.,Tamponamento,Una carreggiata a doppio senso,Bagnato (pioggia),Asfaltata,Verticale ed orizzontale,Pioggia in atto,Intenso,Buona,Ore Diurne,1,0,0,2,NA,4
19,03/04/2014 16.15.00,Strada Urbana,in corrispondenza,della chilometrica,Tamponamento Multiplo,Una carreggiata a senso unico di marcia,Asciutto,Asfaltata,Orizzontale,Sereno,Intenso,Buona,Ore Diurne,0,0,0,3,NA,1
2,03/04/2014 16.20.00,Strada Urbana,in prossimità,del civico n.,Tamponamento Multiplo,Due carreggiate,Bagnato (pioggia),Asfaltata,Verticale ed orizzontale,Pioggia in atto,Intenso,Buona,Ore Diurne,2,0,0,4,NA,501
2,03/04/2014 16.30.00,Strada Urbana,da specificare,NA,Veicolo in marcia contro ostacolo accidentale,Due carreggiate,Asciutto,Con buche,Verticale ed orizzontale,Sereno,Normale,Buona,Ore Diurne,0,0,0,1,alt. uscita viale Etiopia,NA
17,03/04/2014 16.40.00,Strada Urbana,all'intersezione con,LUNGOTEVERE VATICANO,Scontro laterale fra veicoli in marcia,Una carreggiata a senso unico di marcia,Asciutto,Asfaltata,Verticale ed orizzontale,Nuvoloso,Normale,Buona,Ore Diurne,0,0,0,2,NA,NA
11,03/04/2014 16.45.00,Strada Urbana,all'intersezione con,VIA GIACOMO TREVIS,Scontro frontale/laterale SX fra veicoli in marcia,Due carreggiate,Bagnato (pioggia),Asfaltata,Verticale ed orizzontale,Nuvoloso,Normale,Buona,Ore Diurne,0,0,0,2,NA,NA
20,03/04/2014 17.00.00,Strada Urbana,da specificare,NA,Tamponamento,Due carreggiate,Bagnato (umidità in atto),Asfaltata,Orizzontale,Nuvoloso,Intenso,Buona,Ore Diurne,1,0,0,2,dir. via Salaria alt. rampa da V.le T. di Quinto,NA
5,03/04/2014 17.15.00,Strada Urbana,in prossimità,del civico n.,Veicolo in marcia contro veicoli in sosta,Una carreggiata a senso unico di marcia,Asciutto,Asfaltata,Orizzontale,Nuvoloso,Normale,Buona,Ore Diurne,0,0,0,1,NA,66
18,03/04/2014 17.30.00,Strada Urbana,da specificare,NA,Tamponamento,Più di due carreggiate,Bagnato (pioggia),Asfaltata,Verticale ed orizzontale,Nuvoloso,Intenso,Buona,Ore Diurne,0,0,0,5,prossimità P.zza S. G. B. de La Salle,NA
1,03/04/2014 17.30.00,Strada Urbana,da specificare,NA,Scontro laterale fra veicoli in marcia,Una carreggiata a senso unico di marcia,Bagnato (pioggia),Asfaltata,Verticale ed orizzontale,Pioggia in atto,Normale,Sufficiente,Sufficiente,0,0,0,2,ALBERO N.26,NA
6,03/04/2014 17.50.00,Provinciale entro l'abitato,all'intersezione con,VIA GUGLIELMO ALBIMONTE,Scontro laterale fra veicoli in marcia,Più di due carreggiate,Bagnato (umidità in atto),Asfaltata,Orizzontale,Nuvoloso,Intenso,Sufficiente,Sufficiente,1,0,0,2,NA,NA
9,03/04/2014 18.05.00,Strada Urbana,in prossimità,del civico n.,Veicolo in marcia contro veicolo fermo,Una carreggiata a senso unico di marcia,Asciutto,Asfaltata,Verticale ed orizzontale,Nuvoloso,Normale,Buona,Sufficiente,1,0,0,4,NA,32
15,03/04/2014 18.20.00,Strada Urbana,in corrispondenza,del civico n.,Scontro laterale fra veicoli in marcia,Una carreggiata a doppio senso,Asciutto,Asfaltata,Verticale ed orizzontale,Nuvoloso,Intenso,Buona,Sufficiente,0,0,0,2,NA,251
5,03/04/2014 18.20.00,Strada Urbana,in prossimità,del civico n.,Scontro laterale fra veicoli in marcia,Una carreggiata a senso unico di marcia,Bagnato (umidità in atto),Asfaltata,Orizzontale,Nuvoloso,Normale,Sufficiente,Insufficiente,0,0,0,2,NA,850
18,03/04/2014 18.20.00,Strada Urbana,in corrispondenza,del civico n.,Veicolo in marcia contro ostacolo accidentale,Una carreggiata a doppio senso,Asciutto,Asfaltata,Verticale,Sereno,Normale,Buona,Sufficiente,0,0,0,3,NA,759
1,03/04/2014 18.30.00,Strada Urbana,all'intersezione con,VIA FLAVIA,Scontro frontale/laterale SX fra veicoli in marcia,Una carreggiata a senso unico di marcia,Bagnato (pioggia),Asfaltata,Verticale ed orizzontale,Nuvoloso,Scarso,Sufficiente,Sufficiente,0,0,0,3,NA,NA
8,03/04/2014 18.35.00,Strada Urbana,in prossimità,del civico n.,Tamponamento,Due carreggiate,Asciutto,Asfaltata,Verticale ed orizzontale,Nuvoloso,Normale,Sufficiente,Sufficiente,1,0,0,1,NA,110
10,03/04/2014 18.35.00,Strada Urbana,all'intersezione semaforizzata con,VIA VALERIO PUBLICOLA,Scontro frontale/laterale DX fra veicoli in marcia,Due carreggiate,Bagnato (pioggia),Asfaltata,Verticale ed orizzontale,Nuvoloso,Normale,Buona,Sufficiente,0,0,0,3,NA,NA
8,03/04/2014 18.40.00,Strada Urbana,in prossimità,del civico n.,Investimento di pedone,Una carreggiata a doppio senso,Asciutto,Asfaltata,Verticale ed orizzontale,Nuvoloso,Normale,Sufficiente,Sufficiente,1,0,0,1,NA,590
8,03/04/2014 18.40.00,Strada Urbana,in prossimità,del civico n.,Veicolo in marcia contro ostacolo accidentale,Una carreggiata a doppio senso,Bagnato (umidità in atto),Asfaltata,Assente,Nuvoloso,Scarso,Sufficiente,Insufficiente,0,0,0,1,NA,172
12,03/04/2014 18.45.00,Provinciale,da specificare,NA,Veicolo in marcia contro ostacolo accidentale,Una carreggiata a doppio senso,Bagnato (pioggia),Asfaltata,Temporanea di cantiere,Nuvoloso,Normale,Sufficiente,Inesistente,0,0,0,1,"tra il km. 16,00 ed il km. 17,00",NA
8,03/04/2014 18.50.00,Strada Urbana,in prossimità,del civico n.,Veicolo in marcia contro ostacolo accidentale,Una carreggiata a senso unico di marcia,Asciutto,Asfaltata,Verticale,Nuvoloso,Normale,Sufficiente,Sufficiente,0,0,0,1,NA,35
2,03/04/2014 19.00.00,Strada Urbana,all'intersezione semaforizzata con,VIA DI S. COSTANZA,Infortunio per caduta del veicolo,Una carreggiata a senso unico di marcia,Asciutto,Asfaltata,Verticale ed orizzontale,Sereno,Normale,Sufficiente,Sufficiente,1,0,0,0,NA,NA
16,03/04/2014 19.10.00,Strada Urbana,in prossimità,del civico n.,Scontro laterale fra veicoli in marcia,Una carreggiata a senso unico di marcia,Asciutto,Asfaltata,Verticale ed orizzontale,Sereno,Normale,Buona,Sufficiente,0,0,0,3,NA,6
20,03/04/2014 19.15.00,Strada Urbana,da specificare,NA,Tamponamento Multiplo,Due carreggiate,Asciutto,Asfaltata,Verticale ed orizzontale,Sereno,Normale,Sufficiente,Sufficiente,2,0,0,4,fronte civico 113,NA
8,03/04/2014 19.30.00,Strada Urbana,all'intersezione con,VIA ALLAI,Scontro frontale/laterale DX fra veicoli in marcia,Una carreggiata a doppio senso,Bagnato (umidità in atto),Asfaltata,Verticale,Nuvoloso,Scarso,Buona,Sufficiente,0,0,0,6,NA,NA
3,03/04/2014 19.40.00,Strada Urbana,da specificare,NA,Veicolo in marcia contro ostacolo accidentale,Una carreggiata a senso unico di marcia,Bagnato (pioggia),Asfaltata,Verticale ed orizzontale,Nuvoloso,Scarso,Sufficiente,Sufficiente,0,0,0,1,alt. fronte p.le valerio massimo area parcheggio,NA
20,03/04/2014 19.45.00,Strada Urbana,in prossimità,del civico n.,Veicolo in marcia contro veicoli in sosta,Una carreggiata a senso unico di marcia,Asciutto,Asfaltata,Assente,Nuvoloso,Scarso,Sufficiente,Sufficiente,0,0,0,1,NA,f.c. 88
13,03/04/2014 19.55.00,Strada Urbana,all'intersezione con,VIA PADRE PERILLI,Scontro laterale fra veicoli in marcia,Due carreggiate,Asciutto,Asfaltata,Verticale ed orizzontale,Sereno,Scarso,Sufficiente,Sufficiente,0,0,0,2,NA,NA
1,03/04/2014 20.15.00,Strada Urbana,all'intersezione semaforizzata con,LARGO CAVALIERI DI COLOMBO,Scontro frontale/laterale SX fra veicoli in marcia,Più di due carreggiate,Bagnato (pioggia),Asfaltata,Verticale ed orizzontale,Nuvoloso,Normale,Sufficiente,Sufficiente,1,0,0,1,NA,NA
2,03/04/2014 20.30.00,Strada Urbana,in corrispondenza,del civico n.,Scontro laterale fra veicoli in marcia,Una carreggiata a senso unico di marcia,Asciutto,Asfaltata,Verticale ed orizzontale,Nuvoloso,Normale,Sufficiente,Sufficiente,1,0,0,1,NA,161
19,03/04/2014 21.30.00,Strada Urbana,all'intersezione semaforizzata con,VIA LUIGI ARBIB PASCUCCI,Scontro frontale/laterale DX fra veicoli in marcia,Una carreggiata a senso unico di marcia,Bagnato (umidità in atto),Asfaltata,Verticale,Sereno,Normale,Sufficiente,Sufficiente,1,0,0,2,NA,NA
15,03/04/2014 22.00.00,Strada Urbana,in prossimità,del civico n.,Veicolo in marcia contro ostacolo accidentale,Una carreggiata a doppio senso,Bagnato (umidità in atto),Con buche,Verticale ed orizzontale,Nuvoloso,Scarso,Buona,Sufficiente,0,0,0,1,NA,1
15,03/04/2014 22.20.00,Strada Urbana,all'intersezione con,VIALE ALESSANDRO MARCHETTI,Veicolo in marcia contro ostacolo fisso,Una carreggiata a doppio senso,Bagnato (pioggia),Asfaltata,Assente,Nuvoloso,Scarso,Buona,Sufficiente,1,0,0,0,NA,NA
3,03/04/2014 22.25.00,Strada Urbana,all'intersezione semaforizzata con,CIRCONVALLAZIONE NOMENTANA,Scontro laterale fra veicoli in marcia,Una carreggiata a doppio senso,Asciutto,Asfaltata,Verticale ed orizzontale,Sereno,Normale,Sufficiente,Sufficiente,0,0,0,3,NA,NA
2,03/04/2014 23.15.00,Strada Urbana,da specificare,NA,Scontro frontale/laterale SX fra veicoli in marcia,Due carreggiate,Asciutto,Asfaltata,Verticale,Sereno,Scarso,Buona,Sufficiente,0,0,0,3,direz. PLE FLAMINIO alt. sovrapasso Via delle Magn,NA
7,03/04/2014 23.30.00,Strada Urbana,all'intersezione con,VIA DEI PINI,Scontro frontale/laterale SX fra veicoli in marcia,Una carreggiata a senso unico di marcia,Asciutto,Asfaltata,Verticale,Sereno,Scarso,Buona,Sufficiente,0,0,0,2,NA,NA
1,03/05/2014 00.35.00,Strada Urbana,all'intersezione con,VIA AVENTINA,Scontro frontale/laterale DX fra veicoli in marcia,Una carreggiata a senso unico di marcia,Asciutto,Acciotolata,Verticale ed orizzontale,Sereno,Scarso,Buona,Sufficiente,0,0,0,2,NA,NA
9,03/05/2014 00.40.00,Strada Urbana,in prossimità,del civico n.,Tamponamento,Due carreggiate,Asciutto,Asfaltata,Verticale ed orizzontale,Sereno,Scarso,Buona,Sufficiente,0,0,0,2,NA,646
11,03/05/2014 01.10.00,Strada Urbana,all'intersezione semaforizzata con,VIALE DI S. PAOLO,Scontro frontale/laterale DX fra veicoli in marcia,Due carreggiate,Bagnato (umidità in atto),Asfaltata,Verticale ed orizzontale,Nuvoloso,Scarso,Sufficiente,Sufficiente,0,0,0,2,NA,NA
7,03/05/2014 02.00.00,Strada Urbana,in corrispondenza,del civico n.,Tamponamento,Due carreggiate,Asciutto,Asfaltata,Assente,Sereno,Scarso,Buona,Sufficiente,0,0,0,3,NA,355
2,03/05/2014 03.00.00,Strada Urbana,da specificare,NA,Ribaltamento senza urto contro ostacolo fisso,Due carreggiate,Bagnato (umidità in atto),Asfaltata,Orizzontale,Nuvoloso,Scarso,Sufficiente,Sufficiente,0,0,0,1,fronte Circolo Canottieri Aniene,NA
8,03/05/2014 04.30.00,Strada Urbana,da specificare,NA,Veicolo in marcia contro ostacolo fisso,Una carreggiata a doppio senso,Asciutto,Asfaltata,Verticale ed orizzontale,Sereno,Scarso,Sufficiente,Inesistente,2,0,0,0,alt. Via Avola,NA
20,03/05/2014 04.45.00,Strada Urbana,in prossimità,del civico n.,Veicolo in marcia contro ostacolo fisso,Una carreggiata a doppio senso,Asciutto,Asfaltata,Orizzontale,Nuvoloso,Scarso,Sufficiente,Sufficiente,0,0,0,1,NA,60
18,03/05/2014 06.10.00,Strada Urbana,in prossimità,del civico n.,Scontro laterale fra veicoli in marcia,Una carreggiata a senso unico di marcia,Asciutto,Asfaltata,Verticale ed orizzontale,Sereno,Scarso,Sufficiente,Sufficiente,1,0,0,1,NA,330
9,03/05/2014 06.15.00,Strada Urbana,all'intersezione con,VIA POMEZIA,Scontro frontale/laterale SX fra veicoli in marcia,Una carreggiata a senso unico di marcia,Bagnato (umidità in atto),Asfaltata,Verticale ed orizzontale,Sereno,Normale,Buona,Sufficiente,0,0,0,2,NA,NA
6,03/05/2014 06.30.00,Strada Urbana,in corrispondenza,del civico n.,Veicolo in marcia contro veicolo in sosta,Una carreggiata a senso unico di marcia,Asciutto,Asfaltata,Orizzontale,Sereno,Scarso,Sufficiente,Sufficiente,0,0,0,1,NA,114
5,03/05/2014 06.45.00,Strada Urbana,da specificare,NA,Veicolo in marcia contro ostacolo fisso,Due carreggiate,Asciutto,Asfaltata,Verticale ed orizzontale,Sereno,Normale,Buona,Ore Diurne,0,0,0,1,altezza Portonaccio,NA
13,03/05/2014 07.00.00,Strada Urbana,all'intersezione con,VIA CARLO MAVIGLIA,Scontro frontale/laterale SX fra veicoli in marcia,Una carreggiata a doppio senso,Asciutto,Asfaltata,Verticale,Sereno,Normale,Buona,Ore Diurne,0,0,0,2,NA,NA
19,03/05/2014 07.05.00,Strada Urbana,all'intersezione con,VIA ANDREA VERGA,Scontro frontale/laterale DX fra veicoli in marcia,Una carreggiata a senso unico di marcia,Bagnato (umidità in atto),Asfaltata,Verticale ed orizzontale,Sereno,Normale,Buona,Ore Diurne,1,0,0,3,NA,NA
18,03/05/2014 07.30.00,Statale,in corrispondenza,della chilometrica,Tamponamento,Due carreggiate,Asciutto,Asfaltata,Verticale ed orizzontale,Sole radente,Intenso,Buona,Ore Diurne,3,0,0,2,NA,17
8,03/05/2014 07.30.00,Strada Urbana,da specificare,NA,Veicolo in marcia contro ostacolo accidentale,Una carreggiata a doppio senso,Asciutto,Con buche,Verticale ed orizzontale,Sereno,Normale,Buona,Ore Diurne,1,0,0,0,circa 50 mt prima campo nomadi dir Tiburtina,NA
13,03/05/2014 07.30.00,Strada Urbana,all'intersezione con,VIA DELLE MOLUCCHE,Tamponamento,Una carreggiata a doppio senso,Asciutto,Asfaltata,Verticale ed orizzontale,Sereno,Normale,Buona,Ore Diurne,1,0,0,1,NA,NA
2,03/05/2014 07.30.00,Strada Urbana,all'intersezione con,VIALE ETIOPIA,Tamponamento Multiplo,Una carreggiata a doppio senso,Asciutto,Asfaltata,Verticale ed orizzontale,Sereno,Intenso,Buona,Ore Diurne,1,0,0,4,NA,NA
17,03/05/2014 07.50.00,Strada Urbana,all'intersezione con,VIA DELLE FOSSE DI CASTELLO,Scontro laterale fra veicoli in marcia,Una carreggiata a senso unico di marcia,Asciutto,Asfaltata,Verticale ed orizzontale,Sereno,Normale,Buona,Ore Diurne,0,0,0,2,NA,NA
20,03/05/2014 08.00.00,Strada Urbana,in corrispondenza,del civico n.,Scontro frontale/laterale SX fra veicoli in marcia,Una carreggiata a doppio senso,Asciutto,Asfaltata,Verticale ed orizzontale,Sereno,Intenso,Buona,Ore Diurne,0,0,0,2,NA,47
20,03/05/2014 08.00.00,Strada Urbana,all'intersezione con,VIA ANDREA GIARDINA,Scontro frontale fra veicoli in marcia,Una carreggiata a senso unico di marcia,Asciutto,Asfaltata,Verticale ed orizzontale,Sereno,Normale,Buona,Ore Diurne,0,0,0,2,NA,NA
20,03/05/2014 08.15.00,Strada Urbana,da specificare,NA,Tamponamento Multiplo,Una carreggiata a doppio senso,Asciutto,Asfaltata,Verticale ed orizzontale,Sereno,Intenso,Buona,Ore Diurne,1,0,0,3,altezza rampa Corso di Francia dir. Salaria,NA
11,03/05/2014 08.25.00,Strada Urbana,in prossimità,del civico n.,Scontro frontale/laterale DX fra veicoli in marcia,Una carreggiata a doppio senso,Asciutto,Asfaltata,Orizzontale,Sereno,Intenso,Buona,Ore Diurne,1,0,0,1,NA,290
13,03/05/2014 08.30.00,Strada Urbana,da specificare,NA,Investimento di pedone,Una carreggiata a doppio senso,Asciutto,Asfaltata,Verticale,Sereno,Scarso,Buona,Ore Diurne,1,0,0,2,in prossimità di Via Ostiense,NA
8,03/05/2014 08.30.00,Provinciale entro l'abitato,all'intersezione con,VIA DELL'ACQUA VERGINE,Scontro frontale/laterale DX fra veicoli in marcia,Una carreggiata a doppio senso,Asciutto,Asfaltata,Verticale ed orizzontale,Nuvoloso,Normale,Buona,Ore Diurne,2,0,0,0,NA,NA
15,03/05/2014 08.40.00,Strada Urbana,in corrispondenza,del palo luce n.,Veicolo in marcia contro ostacolo accidentale,Una carreggiata a doppio senso,Asciutto,Asfaltata,Verticale ed orizzontale,Sereno,Normale,Buona,Ore Diurne,1,0,0,0,NA,336
5,03/05/2014 08.50.00,Strada Urbana,in prossimità,del civico n.,Veicolo in marcia contro ostacolo accidentale,Una carreggiata a doppio senso,Asciutto,Asfaltata,Orizzontale,Sereno,Normale,Buona,Ore Diurne,0,0,0,1,NA,1236
9,03/05/2014 09.00.00,Strada Urbana,in prossimità,del civico n.,Veicolo in marcia contro veicolo fermo,Una carreggiata a doppio senso,Asciutto,Asfaltata,Verticale ed orizzontale,Sereno,Normale,Buona,Ore Diurne,0,0,0,2,NA,252
13,03/05/2014 09.00.00,Strada Urbana,all'intersezione con,VIA GUIDO CALZA,Veicolo in marcia contro ostacolo fisso,Una carreggiata a senso unico di marcia,Asciutto,Asfaltata,Orizzontale,Sereno,Normale,Buona,Ore Diurne,0,0,0,2,NA,NA
19,03/05/2014 09.15.00,Strada Urbana,all'intersezione con,VIA ANTON MARIA VALSALVA,Scontro laterale fra veicoli in marcia,Una carreggiata a doppio senso,Asciutto,Asfaltata,Verticale ed orizzontale,Sereno,Normale,Buona,Ore Diurne,0,0,0,2,NA,NA
5,03/05/2014 09.50.00,Strada Urbana,all'intersezione con,VIA TIBURTINA,Scontro laterale fra veicoli in marcia,Una carreggiata a doppio senso,Asciutto,Asfaltata,Verticale ed orizzontale,Sereno,Normale,Buona,Ore Diurne,0,0,0,1,NA,NA
15,03/05/2014 10.05.00,Strada Urbana,all'intersezione semaforizzata con,VIA ODERISI DA GUBBIO,Scontro laterale fra veicoli in marcia,Una carreggiata a doppio senso,Asciutto,Asfaltata,Verticale ed orizzontale,Sereno,Intenso,Buona,Ore Diurne,0,0,0,2,NA,NA
3,03/05/2014 10.15.00,Strada Urbana,all'intersezione con,VIA DEI RETI,Scontro laterale fra veicoli in marcia,Una carreggiata a senso unico di marcia,Asciutto,Asfaltata,Verticale ed orizzontale,Sereno,Normale,Buona,Ore Diurne,0,0,0,3,NA,NA
20,03/05/2014 11.00.00,Strada Urbana,in prossimità,del civico n.,Scontro laterale fra veicoli in marcia,Una carreggiata a doppio senso,Asciutto,Asfaltata,Orizzontale,Sereno,Intenso,Buona,Ore Diurne,0,0,0,2,NA,673
15,03/05/2014 11.10.00,Strada Urbana,da specificare,NA,Veicolo in marcia contro ostacolo accidentale,Una carreggiata a doppio senso,Asciutto,Asfaltata,Orizzontale,Sereno,Normale,Buona,Ore Diurne,0,0,0,1,PROSSIMITA' FRONTE CIVICO 37,NA
16,03/05/2014 11.10.00,Strada Urbana,in prossimità,del civico n.,Veicolo in marcia contro ostacolo accidentale,Una carreggiata a doppio senso,Asciutto,Asfaltata,Orizzontale,Sereno,Normale,Buona,Ore Diurne,0,0,0,1,NA,121
19,03/05/2014 11.15.00,Strada Urbana,in corrispondenza,del civico n.,Investimento di pedone,Una carreggiata a senso unico di marcia,Asciutto,Con buche,Verticale ed orizzontale,Sereno,Scarso,Buona,Ore Diurne,2,0,1,0,NA,85b
11,03/05/2014 11.20.00,Strada Urbana,all'intersezione con,CIRCONVALLAZIONE ORIENTALE,Tamponamento,Una carreggiata a doppio senso,Asciutto,Asfaltata,Verticale ed orizzontale,Sereno,Normale,Buona,Ore Diurne,0,0,0,6,NA,NA
5,03/05/2014 11.20.00,Strada Urbana,in prossimità,del civico n.,Scontro laterale fra veicoli in marcia,Due carreggiate,Asciutto,Asfaltata,Orizzontale,Sereno,Normale,Buona,Ore Diurne,0,0,0,3,NA,614
12,03/05/2014 11.25.00,Strada Urbana,all'intersezione con,VIA UMBERTO GRANI,Scontro laterale fra veicoli in marcia,Una carreggiata a senso unico di marcia,Asciutto,Asfaltata,Verticale ed orizzontale,Sereno,Normale,Buona,Ore Diurne,0,0,0,2,NA,NA
8,03/05/2014 11.30.00,Strada Urbana,da specificare,NA,Scontro frontale/laterale SX fra veicoli in marcia,Una carreggiata a doppio senso,Asciutto,Asfaltata,Verticale,Sereno,Normale,Buona,Ore Diurne,0,0,0,2,alt. Via Petralia Sottana,NA
11,03/05/2014 11.30.00,Strada Urbana,da specificare,NA,Scontro frontale/laterale DX fra veicoli in marcia,Una carreggiata a senso unico di marcia,Asciutto,Asfaltata,Verticale ed orizzontale,Sereno,Scarso,Buona,Ore Diurne,0,0,0,2,in prossimità di Via A. Severo,NA
17,03/05/2014 11.50.00,Strada Urbana,da specificare,NA,Tamponamento Multiplo,Una carreggiata a doppio senso,Asciutto,Asfaltata,Verticale ed orizzontale,Sereno,Normale,Buona,Ore Diurne,1,0,0,5,in corrispondenza di viale Angelico,NA
4,03/05/2014 12.00.00,Strada Urbana,in corrispondenza,del civico n.,Investimento di pedone,Una carreggiata a doppio senso,Asciutto,Asfaltata,Verticale ed orizzontale,Sereno,Normale,Buona,Ore Diurne,1,0,0,1,NA,27
13,03/05/2014 12.00.00,Strada Urbana,in prossimità,del civico n.,Veicolo in marcia contro ostacolo fisso,Una carreggiata a senso unico di marcia,Asciutto,Asfaltata,Assente,Sereno,Scarso,Buona,Ore Diurne,0,0,0,1,NA,148-150
1,03/05/2014 12.15.00,Strada Urbana,all'intersezione semaforizzata con,PONTE GARIBALDI,Scontro frontale/laterale DX fra veicoli in marcia,Più di due carreggiate,Asciutto,Asfaltata,Verticale ed orizzontale,Sereno,Normale,Buona,Ore Diurne,0,0,0,3,NA,NA
20,03/05/2014 12.30.00,Strada Urbana,in corrispondenza,del civico n.,Tamponamento,Due carreggiate,Asciutto,Asfaltata,Orizzontale,Sereno,Normale,Buona,Ore Diurne,0,0,0,2,NA,122
19,03/05/2014 12.50.00,Strada Urbana,all'intersezione semaforizzata con,VIA ARISTIDE GABELLI,Scontro laterale fra veicoli in marcia,Una carreggiata a doppio senso,Asciutto,Asfaltata,Orizzontale,Sereno,Normale,Buona,Ore Diurne,1,0,0,1,NA,NA
8,03/05/2014 12.50.00,Strada Urbana,in corrispondenza,del civico n.,Veicolo in marcia contro ostacolo accidentale,Due carreggiate,Asciutto,Asfaltata,Verticale ed orizzontale,Sereno,Normale,Buona,Ore Diurne,0,0,0,1,NA,165/f
18,03/05/2014 12.55.00,Strada Urbana,in prossimità,del civico n.,Scontro laterale fra veicoli in marcia,Una carreggiata a senso unico di marcia,Asciutto,Asfaltata,Verticale ed orizzontale,Sereno,Normale,Sufficiente,Ore Diurne,0,0,0,2,NA,37
19,03/05/2014 13.00.00,Strada Urbana,da specificare,NA,Scontro frontale/laterale DX fra veicoli in marcia,Una carreggiata a senso unico di marcia,Asciutto,Asfaltata,Verticale ed orizzontale,Sereno,Normale,Buona,Ore Diurne,0,0,0,2,prossimità fronte civico 108,NA
8,03/05/2014 13.00.00,Strada Urbana,in prossimità,del civico n.,Veicolo in marcia contro ostacolo fisso,Una carreggiata a senso unico di marcia,Asciutto,Strada pavimentata dissestata,Assente,Sereno,Scarso,Buona,Ore Diurne,0,0,0,2,NA,50
2,03/05/2014 13.05.00,Strada Urbana,da specificare,NA,Ribaltamento senza urto contro ostacolo fisso,Una carreggiata a doppio senso,Asciutto,Asfaltata,Verticale ed orizzontale,Sereno,Normale,Buona,Ore Diurne,1,0,0,0,alt. via Ruggero Fauro,NA
8,03/05/2014 13.15.00,Strada Urbana,all'intersezione con,VIALE PAOLO FERDINANDO QUAGLIA,Tamponamento,Una carreggiata a senso unico di marcia,Asciutto,Asfaltata,Verticale ed orizzontale,Sereno,Normale,Buona,Ore Diurne,1,0,0,1,NA,NA