Gruppo,DataOraIncidente,Localizzazione1,Localizzazione2,Strada02,NaturaIncidente,TipoStrada,FondoStradale,Pavimentazione,Segnaletica,CondizioneAtmosferica,Traffico,Visibilita,Illuminazione,NUM_FERITI,NUM_RISERVATA,NUM_MORTI,NUM_ILLESI,DaSpecificare,Chilometrica
11,03/13/2014 14.30.00,Strada Urbana,in prossimità,del palo luce n.,Tamponamento Multiplo,Più di due carreggiate,Asciutto,Asfaltata,Verticale ed orizzontale,Sereno,Normale,Buona,Ore Diurne,0,0,0,5,NA,322
13,03/13/2014 14.40.00,Strada Urbana,all'intersezione con,VIA PADRE GIUSEPPE ERCOLE,Veicolo in marcia contro ostacolo accidentale,Due carreggiate,Asciutto,Asfaltata,Assente,Sereno,Scarso,Buona,Ore Diurne,1,0,0,0,NA,NA
15,03/13/2014 14.45.00,Strada Urbana,da specificare,NA,Tamponamento Multiplo,Una carreggiata a doppio senso,Asciutto,Asfaltata,Orizzontale,Sereno,Normale,Buona,Ore Diurne,0,0,0,4,corrispondenza fronte civico 369,NA
4,03/13/2014 14.45.00,Strada Urbana,in prossimità,del civico n.,Scontro laterale fra veicoli in marcia,Una carreggiata a doppio senso,Asciutto,Asfaltata,Assente,Sereno,Scarso,Buona,Ore Diurne,0,0,0,3,NA,50/C
1,03/13/2014 14.50.00,Strada Urbana,in prossimità,del civico n.,Scontro laterale fra veicoli in marcia,Una carreggiata a senso unico di marcia,Asciutto,Asfaltata,Verticale ed orizzontale,Sereno,Intenso,Buona,Ore Diurne,0,0,0,3,NA,120
4,03/13/2014 14.50.00,Strada Urbana,da specificare,NA,Investimento di pedone,Una carreggiata a doppio senso,Asciutto,Asfaltata,Verticale ed orizzontale,Sereno,Normale,Buona,Ore Diurne,2,0,0,0,prossimità di Via Val di Non,NA
1,03/13/2014 14.50.00,Strada Urbana,all'intersezione semaforizzata con,PIAZZA DI PORTA S. GIOVANNI,Scontro laterale fra veicoli in marcia,Una carreggiata a doppio senso,Asciutto,Asfaltata,Verticale ed orizzontale,Sereno,Normale,Buona,Ore Diurne,0,0,0,3,NA,NA
11,03/13/2014 15.10.00,Strada Urbana,in corrispondenza,del civico n.,Scontro laterale fra veicoli in marcia,Una carreggiata a senso unico di marcia,Asciutto,Asfaltata,Verticale ed orizzontale,Sereno,Normale,Buona,Ore Diurne,0,0,0,3,NA,3
11,03/13/2014 15.30.00,Strada Urbana,all'intersezione con,VIA DEL COMMERCIO,Investimento di pedone,Una carreggiata a doppio senso,Asciutto,Asfaltata,Verticale ed orizzontale,Sereno,Normale,Buona,Ore Diurne,1,0,0,1,NA,NA
5,03/13/2014 15.35.00,Strada Urbana,da specificare,NA,Scontro frontale/laterale SX fra veicoli in marcia,Una carreggiata a doppio senso,Asciutto,Asfaltata,Orizzontale,Sereno,Normale,Buona,Ore Diurne,0,0,0,2,SNC,NA
18,03/13/2014 15.45.00,Strada Urbana,in prossimità,del civico n.,Scontro laterale fra veicoli in marcia,Una carreggiata a senso unico di marcia,Asciutto,Asfaltata,Verticale ed orizzontale,Sereno,Normale,Buona,Ore Diurne,0,0,0,3,NA,406
17,03/13/2014 16.00.00,Strada Urbana,in corrispondenza,del civico n.,Veicolo in marcia contro veicoli in arresto,Una carreggiata a senso unico di marcia,Asciutto,Asfaltata,Verticale ed orizzontale,Sereno,Normale,Buona,Ore Diurne,0,0,0,1,NA,34
1,03/13/2014 16.00.00,Strada Urbana,in prossimità,del palo luce n.,Scontro laterale fra veicoli in marcia,Una carreggiata a senso unico di marcia,Asciutto,In cubetti di porfido,Verticale ed orizzontale,Sereno,Intenso,Buona,Ore Diurne,1,0,0,1,NA,3
8,03/13/2014 16.10.00,Strada Urbana,da specificare,NA,Veicolo in marcia contro veicolo in sosta,Una carreggiata a doppio senso,Asciutto,Asfaltata,Orizzontale,Sereno,Normale,Buona,Ore Diurne,0,0,0,0,parcheggio area privata civ. 487,NA
1,03/13/2014 16.20.00,Strada Urbana,all'intersezione con,VIA DI PORTA PORTESE,Scontro frontale/laterale DX fra veicoli in marcia,Una carreggiata a doppio senso,Asciutto,In cubetti di porfido,Verticale ed orizzontale,Sereno,Normale,Buona,Ore Diurne,0,0,0,2,NA,NA
1,03/13/2014 16.35.00,Strada Urbana,in prossimità,del civico n.,Veicolo in marcia contro veicolo in sosta,Una carreggiata a senso unico di marcia,Asciutto,In cubetti di porfido,Verticale,Sereno,Scarso,Buona,Ore Diurne,0,0,0,1,NA,143/145
15,03/13/2014 16.50.00,Strada Urbana,in corrispondenza,del civico n.,Tamponamento,Due carreggiate,Asciutto,Asfaltata,Assente,Sereno,Intenso,Buona,Ore Diurne,0,0,0,2,NA,174
9,03/13/2014 16.50.00,Strada Urbana,in prossimità,del civico n.,Investimento di pedone,Due carreggiate,Asciutto,Asfaltata,Verticale ed orizzontale,Sereno,Scarso,Sufficiente,Ore Diurne,1,0,0,3,NA,221
7,03/13/2014 17.00.00,Strada Urbana,da specificare,NA,Tamponamento,Una carreggiata a doppio senso,Asciutto,Asfaltata,Orizzontale,Sereno,Normale,Buona,Ore Diurne,0,0,0,2,FRONTE CIVICO 122,NA
1,03/13/2014 17.10.00,Strada Urbana,in prossimità,del civico n.,Veicolo in marcia contro ostacolo accidentale,Una carreggiata a doppio senso,Asciutto,Asfaltata,Verticale ed orizzontale,Sereno,Scarso,Buona,Ore Diurne,0,0,0,1,NA,2/A
9,03/13/2014 17.15.00,Strada Urbana,all'intersezione con,VIA IBERIA,Scontro frontale/laterale SX fra veicoli in marcia,Una carreggiata a senso unico di marcia,Asciutto,Asfaltata,Verticale ed orizzontale,Sereno,Normale,Sufficiente,Ore Diurne,0,0,0,3,NA,NA
1,03/13/2014 17.30.00,Strada Urbana,in prossimità,del civico n.,Veicolo in marcia contro ostacolo accidentale,Una carreggiata a doppio senso,Viscido da liquidi oleosi,Asfaltata,Verticale ed orizzontale,Sereno,Normale,Buona,Ore Diurne,2,0,0,0,NA,2/A
17,03/13/2014 17.35.00,Strada Urbana,all'intersezione con,VIA PLINIO,Scontro frontale/laterale DX fra veicoli in marcia,Una carreggiata a senso unico di marcia,Asciutto,Asfaltata,Verticale ed orizzontale,Sereno,Normale,Buona,Ore Diurne,3,0,0,0,NA,NA
15,03/13/2014 17.50.00,Strada Urbana,in prossimità,del civico n.,Investimento di pedone,Una carreggiata a doppio senso,Asciutto,Asfaltata,Assente,Sereno,Normale,Buona,Ore Diurne,1,0,0,2,NA,57
5,03/13/2014 18.10.00,Strada Urbana,in prossimità,del civico n.,Veicolo in marcia contro ostacolo fisso,Una carreggiata a doppio senso,Asciutto,Asfaltata,Verticale ed orizzontale,Sereno,Normale,Buona,Sufficiente,0,0,1,0,NA,1470
11,03/13/2014 18.20.00,Strada Urbana,da specificare,NA,Veicolo in marcia contro veicolo in sosta,Due carreggiate,Asciutto,Asfaltata,Orizzontale,Sereno,Scarso,Buona,Sufficiente,0,0,0,1,fronte Mercato Montagnola,NA
7,03/13/2014 18.45.00,Strada Urbana,all'intersezione con,VIA DEI GELSI,Scontro laterale fra veicoli in marcia,Due carreggiate,Asciutto,Asfaltata,Verticale ed orizzontale,Sereno,Normale,Buona,Ore Diurne,0,0,0,3,NA,NA
7,03/13/2014 19.15.00,Strada Urbana,all'intersezione con,VIA DELLE ACACIE,Scontro frontale/laterale SX fra veicoli in marcia,Due carreggiate,Asciutto,Asfaltata,Verticale ed orizzontale,Sereno,Normale,Buona,Sufficiente,0,0,0,4,NA,NA
6,03/13/2014 19.15.00,Strada Urbana,da specificare,NA,Scontro frontale/laterale DX fra veicoli in marcia,Una carreggiata a senso unico di marcia,Asciutto,Asfaltata,Verticale ed orizzontale,Sereno,Normale,Buona,Sufficiente,0,0,0,4,all'altezza del civico 15,NA
12,03/13/2014 19.35.00,Strada Urbana,da specificare,NA,Veicolo in marcia contro veicoli in sosta,Una carreggiata a senso unico di marcia,Asciutto,Asfaltata,Verticale ed orizzontale,Sereno,Normale,Buona,Sufficiente,1,0,0,0,"laterale, alt. civ. 558 dir. G.R.A",NA
9,03/13/2014 19.45.00,Strada Urbana,da specificare,NA,Scontro frontale/laterale DX fra veicoli in marcia,Una carreggiata a doppio senso,Asciutto,Asfaltata,Orizzontale,Sereno,Scarso,Buona,Sufficiente,0,0,0,3,fronte via Caulonia,NA
13,03/13/2014 20.00.00,Strada Urbana,all'intersezione con,VIA FIUMALBO,Tamponamento Multiplo,Una carreggiata a doppio senso,Asciutto,Asfaltata,Verticale ed orizzontale,Sereno,Intenso,Buona,Insufficiente,2,0,0,3,NA,NA
4,03/13/2014 20.00.00,Strada Urbana,all'intersezione semaforizzata con,VIA OVIDIO,Investimento di pedone,Due carreggiate,Asciutto,Asfaltata,Verticale ed orizzontale,Sereno,Normale,Sufficiente,Sufficiente,1,0,0,1,NA,NA
20,03/13/2014 20.30.00,Provinciale,in prossimità,della chilometrica,Scontro frontale fra veicoli in marcia,Una carreggiata a doppio senso,Asciutto,Asfaltata,Verticale ed orizzontale,Sereno,Scarso,Insufficiente,Insufficiente,2,0,0,0,NA,3.9
13,03/13/2014 21.15.00,Strada Urbana,in prossimità,del civico n.,Veicolo in marcia contro veicolo in sosta,Una carreggiata a doppio senso,Asciutto,Asfaltata,Assente,Sereno,Scarso,Sufficiente,Sufficiente,0,0,0,0,NA,8
8,03/13/2014 21.30.00,Strada Urbana,in corrispondenza,del civico n.,Veicolo in marcia contro veicolo in sosta,Due carreggiate,Asciutto,Asfaltata,Assente,Sereno,Scarso,Insufficiente,Inesistente,1,0,0,0,NA,71
5,03/13/2014 21.40.00,Statale entro l'abitato,all'intersezione con,VIA STANISLAO CANNIZZARO,Scontro laterale fra veicoli in marcia,Una carreggiata a doppio senso,Asciutto,Asfaltata,Verticale ed orizzontale,Sereno,Normale,Sufficiente,Sufficiente,3,0,0,0,NA,NA
12,03/13/2014 22.00.00,Strada Urbana,all'intersezione con,VIA FEDERICO ALESSANDRINI,Scontro frontale/laterale SX fra veicoli in marcia,Una carreggiata a doppio senso,Asciutto,Asfaltata,Verticale ed orizzontale,Sereno,Scarso,Buona,Sufficiente,1,0,0,2,NA,NA
6,03/13/2014 22.50.00,Strada Urbana,da specificare,NA,Scontro frontale/laterale SX fra veicoli in marcia,Due carreggiate,Asciutto,Asfaltata,Assente,Sereno,Scarso,Sufficiente,Insufficiente,0,0,0,3,altezza palo acea 40,NA
1,03/13/2014 23.35.00,Strada Urbana,in prossimità,del civico n.,Veicolo in marcia contro veicolo in sosta,Una carreggiata a senso unico di marcia,Asciutto,Acciotolata,Verticale ed orizzontale,Sereno,Scarso,Sufficiente,Sufficiente,0,0,0,2,NA,51
5,03/14/2014 01.30.00,Strada Urbana,in prossimità,del civico n.,Investimento di pedone,Due carreggiate,Asciutto,Asfaltata,Verticale ed orizzontale,Sereno,Scarso,Sufficiente,Sufficiente,1,0,0,2,NA,363
20,03/14/2014 01.30.00,NA,in prossimità,della chilometrica,Fuoriuscita dalla sede stradale,NA,NA,NA,NA,NA,NA,NA,NA,3,0,0,0,NA,18.8
4,03/14/2014 05.40.00,Statale entro l'abitato,in prossimità,del civico n.,Veicolo in marcia contro ostacolo fisso,Due carreggiate,Asciutto,Asfaltata,Orizzontale,Sereno,Scarso,Buona,Sufficiente,0,0,0,1,NA,875
4,03/14/2014 06.45.00,Strada Urbana,in prossimità,del civico n.,Tamponamento Multiplo,Una carreggiata a doppio senso,Asciutto,Asfaltata,Assente,Sereno,Normale,Buona,Ore Diurne,1,0,0,4,NA,50
18,03/14/2014 07.15.00,Strada Urbana,in prossimità,del civico n.,Scontro laterale fra veicoli in marcia,Una carreggiata a doppio senso,Asciutto,Asfaltata,Verticale ed orizzontale,Sereno,Intenso,Buona,Ore Diurne,0,0,0,2,NA,307/A
17,03/14/2014 07.20.00,Strada Urbana,all'intersezione con,VIALE GIUSEPPE MAZZINI,Scontro laterale fra veicoli in marcia,Una carreggiata a senso unico di marcia,Asciutto,Asfaltata,Verticale ed orizzontale,Sereno,Scarso,Buona,Ore Diurne,1,0,0,1,NA,NA
11,03/14/2014 07.30.00,Strada Urbana,all'intersezione con,VIA DELL'ACCADEMIA ALDINA,Ribaltamento senza urto contro ostacolo fisso,Una carreggiata a senso unico di marcia,Asciutto,Asfaltata,Verticale ed orizzontale,Sereno,Normale,Buona,Ore Diurne,1,0,0,0,NA,NA
2,03/14/2014 07.30.00,Strada Urbana,in corrispondenza,del civico n.,Veicolo in marcia contro veicoli in sosta,Una carreggiata a senso unico di marcia,Asciutto,Asfaltata,Verticale ed orizzontale,Sereno,Normale,Buona,Ore Diurne,0,0,0,1,NA,32
9,03/14/2014 08.00.00,Strada Urbana,in prossimità,del civico n.,Scontro laterale fra veicoli in marcia,Due carreggiate,Asciutto,Asfaltata,Verticale ed orizzontale,Sereno,Normale,Buona,Ore Diurne,0,0,0,2,NA,6
3,03/14/2014 08.05.00,Strada Urbana,in corrispondenza,del civico n.,Veicolo in marcia contro ostacolo accidentale,Due carreggiate,Sdrucciolevole (pietrisco),Asfaltata,Verticale ed orizzontale,Sereno,Normale,Buona,Ore Diurne,1,0,0,0,NA,2
23,03/14/2014 08.15.00,Strada Urbana,all'intersezione con,VIA ALBERTO FRANCHETTI,Scontro frontale/laterale DX fra veicoli in marcia,Una carreggiata a doppio senso,Asciutto,Asfaltata,Verticale ed orizzontale,Sereno,Intenso,Buona,Ore Diurne,1,0,0,1,NA,NA
15,03/14/2014 08.20.00,Strada Urbana,in corrispondenza,del civico n.,Scontro frontale/laterale SX fra veicoli in marcia,Una carreggiata a doppio senso,Asciutto,Asfaltata,Assente,Sereno,Normale,Buona,Ore Diurne,1,0,0,1,NA,303
5,03/14/2014 08.20.00,Strada Urbana,da specificare,NA,Scontro laterale fra veicoli in marcia,Una carreggiata a doppio senso,Asciutto,Asfaltata,Verticale ed orizzontale,Sereno,Scarso,Buona,Ore Diurne,2,0,0,0,prossimità via del Tecnopolo,NA
13,03/14/2014 08.30.00,Strada Urbana,all'intersezione con,VIA GIUSEPPE MARIA ZAMPI,Scontro frontale/laterale DX fra veicoli in marcia,Una carreggiata a doppio senso,Asciutto,Asfaltata,Assente,Sereno,Normale,Buona,Ore Diurne,0,0,0,2,NA,NA
20,03/14/2014 08.30.00,Regionale entro l'abitato,all'intersezione con,VIA BEVAGNA,Scontro laterale fra veicoli in marcia,Una carreggiata a doppio senso,Asciutto,Asfaltata,Verticale ed orizzontale,Sereno,Intenso,Buona,Ore Diurne,0,0,0,3,NA,NA
13,03/14/2014 08.30.00,Strada Urbana,all'intersezione con,VIA FEDERICO VIANELLO,Tamponamento,Una carreggiata a doppio senso,Asciutto,Strada pavimentata dissestata,Assente,Sereno,Normale,Buona,Ore Diurne,0,0,0,2,NA,NA
20,03/14/2014 08.40.00,Strada Urbana,in prossimità,del civico n.,Investimento di pedone,Una carreggiata a doppio senso,Asciutto,Asfaltata,Verticale ed orizzontale,Sereno,Normale,Buona,Ore Diurne,2,0,0,0,NA,647
16,03/14/2014 08.40.00,Strada Urbana,in corrispondenza,del civico n.,Scontro frontale/laterale DX fra veicoli in marcia,Una carreggiata a doppio senso,Asciutto,Asfaltata,Verticale ed orizzontale,Sereno,Intenso,Buona,Ore Diurne,0,0,0,2,NA,403
1,03/14/2014 08.45.00,Strada Urbana,all'intersezione con,VIA AMERIGO VESPUCCI,Scontro frontale/laterale DX fra veicoli in marcia,Una carreggiata a senso unico di marcia,Asciutto,In cubetti di porfido,Verticale ed orizzontale,Sereno,Normale,Buona,Ore Diurne,0,0,0,3,NA,NA
11,03/14/2014 08.50.00,Strada Urbana,da specificare,NA,Scontro laterale fra veicoli in marcia,Più di due carreggiate,Asciutto,Asfaltata,Verticale ed orizzontale,Sereno,Normale,Buona,Ore Diurne,1,0,0,2,100 m prima di via Oropa (dir. G.R.A.),NA
10,03/14/2014 08.55.00,Strada Urbana,all'intersezione con,VIA ENZO BENEDETTO,Scontro frontale/laterale DX fra veicoli in marcia,Una carreggiata a doppio senso,Asciutto,Asfaltata,Verticale ed orizzontale,Sereno,Normale,Buona,Ore Diurne,0,0,0,1,NA,NA
1,03/14/2014 08.55.00,Strada Urbana,all'intersezione con,VICOLO DELLA CAMPANA,Veicolo in marcia contro ostacolo accidentale,Una carreggiata a senso unico di marcia,Viscido da liquidi oleosi,Acciotolata,Verticale ed orizzontale,Sereno,Normale,Buona,Ore Diurne,0,0,0,1,NA,NA
17,03/14/2014 09.00.00,Strada Urbana,in prossimità,del civico n.,Tamponamento Multiplo,Più di due carreggiate,Asciutto,Asfaltata,Verticale ed orizzontale,Sereno,Intenso,Buona,Ore Diurne,0,0,0,3,NA,39
5,03/14/2014 09.00.00,Provinciale entro l'abitato,da specificare,NA,Tamponamento,Due carreggiate,Asciutto,Asfaltata,Verticale ed orizzontale,Sereno,Normale,Buona,Ore Diurne,0,0,0,2,prox GRA dir Centrale del Latte ,NA
8,03/14/2014 09.10.00,Statale entro l'abitato,da specificare,NA,Tamponamento,Una carreggiata a doppio senso,Asciutto,Asfaltata,Verticale ed orizzontale,Sereno,Intenso,Buona,Ore Diurne,0,0,0,2,in prossimità di VIA G. BONASONI,NA
5,03/14/2014 09.10.00,Strada Urbana,all'intersezione con,VIA DEI DURANTINI,Scontro laterale fra veicoli in marcia,Due carreggiate,Asciutto,Asfaltata,Verticale ed orizzontale,Sereno,Normale,Buona,Ore Diurne,0,0,0,3,NA,NA
1,03/14/2014 09.10.00,Strada Urbana,in prossimità,del palo luce n.,Scontro laterale fra veicoli in marcia,Una carreggiata a doppio senso,Asciutto,Asfaltata,Verticale ed orizzontale,Sereno,Normale,Buona,Ore Diurne,0,0,0,1,NA,38
1,03/14/2014 09.20.00,Strada Urbana,all'intersezione semaforizzata con,VIA LUIGI RONCINOTTO,Tamponamento,Una carreggiata a doppio senso,Asciutto,Asfaltata,Verticale ed orizzontale,Sereno,Normale,Buona,Ore Diurne,1,0,0,1,NA,NA
13,03/14/2014 09.40.00,Strada Urbana,all'intersezione con,VIA DELLE CASE BASSE,Scontro frontale/laterale DX fra veicoli in marcia,Una carreggiata a senso unico di marcia,Asciutto,Asfaltata,Verticale,Sereno,Normale,Buona,Ore Diurne,1,0,0,1,NA,NA
5,03/14/2014 09.50.00,Strada Urbana,all'intersezione con,VIA DEI DURANTINI,Tamponamento,Due carreggiate,Asciutto,Asfaltata,Verticale ed orizzontale,Sereno,Normale,Buona,Ore Diurne,1,0,0,1,NA,NA
7,03/14/2014 10.00.00,Strada Urbana,all'intersezione semaforizzata con,VIALE PALMIRO TOGLIATTI,Scontro laterale fra veicoli in marcia,Due carreggiate,Asciutto,Asfaltata,Verticale ed orizzontale,Sereno,Normale,Buona,Ore Diurne,0,0,0,2,NA,NA
15,03/14/2014 10.00.00,Strada Urbana,da specificare,NA,Tamponamento,Due carreggiate,Asciutto,Asfaltata,Orizzontale,Sereno,Scarso,Buona,Ore Diurne,0,0,0,4,fronte civico 141,NA
2,03/14/2014 10.15.00,Strada Urbana,in prossimità,del civico n.,Scontro frontale/laterale DX fra veicoli in marcia,Due carreggiate,Asciutto,Asfaltata,Verticale ed orizzontale,Sereno,Normale,Buona,Ore Diurne,0,0,0,2,NA,229
20,03/14/2014 10.50.00,Strada Urbana,in prossimità,del civico n.,Scontro laterale fra veicoli in marcia,Una carreggiata a doppio senso,Asciutto,Asfaltata,Assente,Sereno,Normale,Buona,Ore Diurne,0,0,0,4,NA,2
13,03/14/2014 11.00.00,Strada Urbana,in prossimità,del civico n.,Scontro frontale/laterale DX fra veicoli in marcia,Una carreggiata a doppio senso,Asciutto,Asfaltata,Verticale,Sereno,Normale,Buona,Ore Diurne,0,0,0,2,NA,17
9,03/14/2014 11.10.00,Strada Urbana,da specificare,NA,Scontro laterale fra veicoli in marcia,Due carreggiate,Sdrucciolevole (fango),Asfaltata,Verticale ed orizzontale,Sereno,Normale,Buona,Ore Diurne,1,0,0,1,fronte via Veturia,NA
1,03/14/2014 11.15.00,Strada Urbana,in corrispondenza,del civico n.,Scontro laterale fra veicoli in marcia,Due carreggiate,Asciutto,Asfaltata,Verticale ed orizzontale,Sereno,Intenso,Buona,Ore Diurne,0,0,0,2,NA,60
1,03/14/2014 11.20.00,Strada Urbana,all'intersezione con,VIA LUDOVICO DI SAVOIA,Scontro laterale fra veicoli in marcia,Una carreggiata a doppio senso,Asciutto,Asfaltata,Verticale ed orizzontale,Sereno,Normale,Buona,Ore Diurne,0,0,0,3,NA,NA
8,03/14/2014 11.50.00,Strada Urbana,in corrispondenza,del civico n.,Investimento di pedone,Una carreggiata a doppio senso,Asciutto,Asfaltata,Verticale ed orizzontale,Sereno,Normale,Buona,Ore Diurne,1,0,0,1,NA,5
15,03/14/2014 12.00.00,Strada Urbana,in prossimità,del civico n.,Veicolo in marcia contro veicolo in sosta,Due carreggiate,Asciutto,Asfaltata,Assente,Sereno,Scarso,Buona,Ore Diurne,1,0,0,0,NA,6
9,03/14/2014 12.05.00,Strada Urbana,all'intersezione semaforizzata con,VIA TUSCOLANA,Scontro laterale fra veicoli in marcia,Due carreggiate,Asciutto,Asfaltata,Verticale ed orizzontale,Sereno,Normale,Buona,Ore Diurne,1,0,0,1,NA,NA
16,03/14/2014 12.10.00,Strada Urbana,all'intersezione con,VIA GIUSEPPE VANNI,Scontro laterale fra veicoli in marcia,Una carreggiata a doppio senso,Asciutto,Asfaltata,Verticale,Sereno,Normale,Buona,Ore Diurne,1,0,0,2,NA,NA
1,03/14/2014 12.20.00,Strada Urbana,da specificare,NA,Investimento di pedone,Due carreggiate,Asciutto,Asfaltata,Verticale ed orizzontale,Sereno,Intenso,Buona,Ore Diurne,2,0,0,1,LATO OPPOSTO CIVICO 9,NA
19,03/14/2014 12.40.00,Strada Urbana,in prossimità,del civico n.,Scontro frontale/laterale DX fra veicoli in marcia,Una carreggiata a doppio senso,Asciutto,Asfaltata,Orizzontale,Sereno,Normale,Buona,Ore Diurne,1,0,0,2,NA,491
2,03/14/2014 12.45.00,Strada Urbana,all'intersezione semaforizzata con,VIA BRUXELLES,Scontro frontale/laterale DX fra veicoli in marcia,Una carreggiata a doppio senso,Asciutto,Asfaltata,Verticale ed orizzontale,Sereno,Normale,Buona,Ore Diurne,0,0,0,2,NA,NA
5,03/14/2014 12.45.00,Strada Urbana,all'intersezione con,VIA VACUNA,Scontro laterale fra veicoli in marcia,Una carreggiata a senso unico di marcia,Asciutto,Asfaltata,Verticale ed orizzontale,Sereno,Scarso,Buona,Ore Diurne,1,0,0,3,NA,NA
12,03/14/2014 13.25.00,Strada Urbana,in prossimità,del civico n.,Scontro laterale fra veicoli in marcia,Una carreggiata a senso unico di marcia,Asciutto,Asfaltata,Verticale ed orizzontale,Sereno,Normale,Buona,Ore Diurne,0,0,0,2,NA,258
13,03/14/2014 13.30.00,Strada Urbana,in prossimità,del civico n.,Scontro laterale fra veicoli in marcia,Una carreggiata a senso unico di marcia,Asciutto,Asfaltata,Verticale ed orizzontale,Sereno,Normale,Buona,Ore Diurne,0,0,0,2,NA,30
10,03/14/2014 13.35.00,Strada Urbana,in corrispondenza,del civico n.,Scontro laterale fra veicoli in marcia,Una carreggiata a senso unico di marcia,Asciutto,Asfaltata,Verticale ed orizzontale,Sereno,Normale,Buona,Ore Diurne,0,0,0,2,NA,1172
16,03/14/2014 13.45.00,Strada Urbana,da specificare,NA,Scontro laterale fra veicoli in marcia,Una carreggiata a senso unico di marcia,Asciutto,Asfaltata,Assente,Sereno,Normale,Buona,Ore Diurne,0,0,0,2,fronte civico 7 lato parcheggio mercato,NA
20,03/14/2014 13.50.00,Regionale entro l'abitato,all'intersezione con,VIA BRACCIANENSE,Scontro frontale fra veicoli in marcia,Una carreggiata a doppio senso,Asciutto,Asfaltata,Verticale ed orizzontale,Sereno,Normale,Buona,Ore Diurne,1,0,0,1,NA,NA
16,03/14/2014 14.00.00,Strada Urbana,in corrispondenza,del civico n.,Scontro laterale fra veicoli in marcia,Una carreggiata a doppio senso,Asciutto,Asfaltata,Orizzontale,Sereno,Normale,Buona,Ore Diurne,0,0,0,3,NA,426
4,03/14/2014 14.00.00,Provinciale entro l'abitato,in corrispondenza,del civico n.,Scontro frontale fra veicoli in marcia,Una carreggiata a doppio senso,Asciutto,Asfaltata,Orizzontale,Sereno,Normale,Buona,Ore Diurne,2,0,0,1,NA,556
13,03/14/2014 14.15.00,Strada Urbana,all'intersezione con,VIA CAMILLO DA ALBINO,Scontro frontale/laterale SX fra veicoli in marcia,Una carreggiata a senso unico di marcia,Asciutto,Asfaltata,Verticale ed orizzontale,Sereno,Normale,Buona,Ore Diurne,1,0,0,1,NA,NA
19,03/14/2014 14.30.00,Strada Urbana,da specificare,NA,Tamponamento Multiplo,Una carreggiata a doppio senso,Asciutto,Asfaltata,Orizzontale,Sereno,Intenso,Buona,Ore Diurne,1,0,0,4,prossimita' via P.P.Pasolini,NA
19,03/14/2014 14.50.00,Strada Urbana,in corrispondenza,del civico n.,Scontro frontale/laterale DX fra veicoli in marcia,Una carreggiata a doppio senso,Asciutto,Asfaltata,Orizzontale,Sereno,Normale,Buona,Ore Diurne,1,0,0,1,NA,181
1,03/14/2014 15.15.00,Strada Urbana,da specificare,NA,Scontro frontale/laterale SX fra veicoli in marcia,Una carreggiata a senso unico di marcia,Asciutto,In cubetti di porfido,Verticale ed orizzontale,Sereno,Normale,Buona,Ore Diurne,2,0,0,1,al centro Piazza,NA
17,03/14/2014 15.30.00,Strada Urbana,in corrispondenza,del civico n.,Veicolo in marcia contro veicolo in sosta,Una carreggiata a doppio senso,Asciutto,Asfaltata,Verticale ed orizzontale,Sereno,Scarso,Buona,Ore Diurne,0,0,0,1,NA,10
20,03/14/2014 16.00.00,Strada Urbana,all'intersezione con,VIA FLAMINIA,Tamponamento,Due carreggiate,Asciutto,Asfaltata,Orizzontale,Sereno,Normale,Buona,Ore Diurne,0,0,0,2,NA,NA
17,03/14/2014 16.00.00,Strada Urbana,da specificare,NA,Scontro laterale fra veicoli in marcia,Una carreggiata a doppio senso,Asciutto,Asfaltata,Verticale ed orizzontale,Sereno,Scarso,Buona,Ore Diurne,0,0,0,3,fronte via Avezzana,NA
12,03/14/2014 16.20.00,Strada Urbana,all'intersezione con,VIA CRISTOFORO COLOMBO,Scontro frontale/laterale SX fra veicoli in marcia,Una carreggiata a doppio senso,Asciutto,Asfaltata,Verticale ed orizzontale,Sereno,Normale,Buona,Ore Diurne,0,0,0,3,NA,NA
5,03/14/2014 16.45.00,Strada Urbana,in prossimità,del civico n.,Scontro laterale fra veicoli in marcia,Due carreggiate,Asciutto,Asfaltata,Assente,Sereno,Normale,Buona,Ore Diurne,0,0,0,4,NA,50
9,03/14/2014 16.50.00,Strada Urbana,in corrispondenza,del civico n.,Veicolo in marcia contro veicoli in sosta,Una carreggiata a doppio senso,Asciutto,Asfaltata,Verticale ed orizzontale,Sereno,Normale,Buona,Ore Diurne,0,0,0,1,NA,75
13,03/14/2014 16.55.00,Strada Urbana,in prossimità,del civico n.,Scontro frontale/laterale SX fra veicoli in marcia,Una carreggiata a doppio senso,Asciutto,Asfaltata,Orizzontale,Sereno,Normale,Buona,Ore Diurne,1,0,0,1,NA,334
11,03/14/2014 17.00.00,Strada Urbana,da specificare,NA,Veicolo in marcia contro ostacolo accidentale,Due carreggiate,Sdrucciolevole (pietrisco),Asfaltata,Verticale ed orizzontale,Sereno,Normale,Buona,Ore Diurne,1,0,0,0,Altezza civ. 614,NA
10,03/14/2014 17.00.00,Statale entro l'abitato,da specificare,NA,Tamponamento,Una carreggiata a senso unico di marcia,Asciutto,Asfaltata,Verticale ed orizzontale,Sereno,Normale,Buona,Ore Diurne,0,0,0,2,corsia collegamento Anagnina/Tuscolana civ.1874b,NA