Gruppo,DataOraIncidente,Localizzazione1,Localizzazione2,Strada02,NaturaIncidente,TipoStrada,FondoStradale,Pavimentazione,Segnaletica,CondizioneAtmosferica,Traffico,Visibilita,Illuminazione,NUM_FERITI,NUM_RISERVATA,NUM_MORTI,NUM_ILLESI,DaSpecificare,Chilometrica
1,04/02/2014 16.50.00,Strada Urbana,all'intersezione con,VIA DEL PERNICONE,Scontro frontale/laterale DX fra veicoli in marcia,Una carreggiata a senso unico di marcia,Asciutto,Asfaltata,Verticale,Sereno,Normale,Buona,Ore Diurne,0,0,0,2,NA,NA
16,04/02/2014 16.55.00,Strada Urbana,da specificare,NA,Scontro laterale fra veicoli in marcia,Due carreggiate,Asciutto,Asfaltata,Verticale ed orizzontale,Sereno,Normale,Buona,Ore Diurne,2,0,0,2,fronte civico 97,NA
8,04/02/2014 17.00.00,Strada Urbana,da specificare,NA,Scontro laterale fra veicoli in marcia,Una carreggiata a senso unico di marcia,Asciutto,Asfaltata,Verticale ed orizzontale,Sereno,Normale,Buona,Ore Diurne,0,0,0,2,rotatoria fronte Policlinico Tor Vergata,NA
20,04/02/2014 17.20.00,Regionale entro l'abitato,da specificare,NA,Scontro laterale fra veicoli in marcia,Due carreggiate,Asciutto,Asfaltata,Verticale ed orizzontale,Sereno,Normale,Buona,Ore Diurne,1,0,0,3,prossimità sottopasso Euclide,NA
1,04/02/2014 17.30.00,Strada Urbana,all'intersezione con,VIA VICENZA,Scontro laterale fra veicoli in marcia,Una carreggiata a senso unico di marcia,Asciutto,Asfaltata,Verticale ed orizzontale,Sereno,Normale,Buona,Ore Diurne,0,0,0,1,NA,NA
6,04/02/2014 17.30.00,Strada Urbana,in corrispondenza,del civico n.,Scontro laterale fra veicoli in marcia,Una carreggiata a doppio senso,Asciutto,Asfaltata,Verticale ed orizzontale,Sereno,Normale,Buona,Ore Diurne,1,0,0,3,NA,1
18,04/02/2014 17.30.00,Comunale extraurbana,in prossimità,del palo luce n.,Tamponamento Multiplo,Una carreggiata a doppio senso,Asciutto,Asfaltata,Verticale ed orizzontale,Sereno,Intenso,Buona,Ore Diurne,0,0,0,5,NA,29
16,04/02/2014 17.30.00,Strada Urbana,in corrispondenza,del civico n.,Scontro frontale fra veicoli in marcia,Una carreggiata a doppio senso,Asciutto,Asfaltata,Verticale ed orizzontale,Sereno,Normale,Buona,Ore Diurne,1,0,0,2,NA,69
17,04/02/2014 17.35.00,Strada Urbana,in prossimità,del civico n.,Veicolo in marcia contro veicolo fermo,Due carreggiate,Asciutto,Asfaltata,Verticale ed orizzontale,Sereno,Scarso,Buona,Ore Diurne,0,0,0,2,NA,1
9,04/02/2014 17.40.00,Strada Urbana,in prossimità,del civico n.,Tamponamento,Una carreggiata a doppio senso,Asciutto,Asfaltata,Verticale ed orizzontale,Sereno,Normale,Buona,Ore Diurne,1,0,0,1,NA,22
4,04/02/2014 17.45.00,Strada Urbana,all'intersezione con,VIA CAVRIGLIA,Tamponamento,Due carreggiate,Asciutto,Asfaltata,Verticale ed orizzontale,Sereno,Normale,Buona,Ore Diurne,0,0,0,3,NA,NA
13,04/02/2014 17.55.00,Strada Urbana,da specificare,NA,Veicolo in marcia contro ostacolo accidentale,Una carreggiata a doppio senso,Asciutto,Asfaltata,Assente,Sereno,Normale,Buona,Ore Diurne,0,0,0,2,ALTEZZA IDROVORE,NA
8,04/02/2014 18.00.00,Strada Urbana,all'intersezione con,VIA GRATTERI,Scontro frontale fra veicoli in marcia,Una carreggiata a senso unico di marcia,Asciutto,Asfaltata,Verticale,Sereno,Scarso,Buona,Ore Diurne,0,0,0,3,NA,NA
2,04/02/2014 18.15.00,Strada Urbana,in corrispondenza,del civico n.,Scontro frontale/laterale DX fra veicoli in marcia,Una carreggiata a doppio senso,Asciutto,Asfaltata,Verticale ed orizzontale,Sereno,Normale,Buona,Ore Diurne,0,0,0,3,NA,34
12,04/02/2014 18.20.00,Strada Urbana,all'intersezione con,VIA DI TOR PAGNOTTA,Scontro frontale/laterale DX fra veicoli in marcia,Due carreggiate,Asciutto,Asfaltata,Verticale ed orizzontale,Sereno,Normale,Buona,Ore Diurne,2,0,0,1,NA,NA
6,04/02/2014 18.35.00,Strada Urbana,all'intersezione con,VIA DI ACQUA BULLICANTE,Scontro frontale/laterale DX fra veicoli in marcia,Una carreggiata a senso unico di marcia,Asciutto,Asfaltata,Verticale ed orizzontale,Sereno,Normale,Buona,Ore Diurne,0,0,0,3,NA,NA
1,04/02/2014 18.40.00,Strada Urbana,in prossimità,del civico n.,Scontro laterale fra veicoli in marcia,Una carreggiata a senso unico di marcia,Asciutto,In cubetti di porfido,Verticale ed orizzontale,Sereno,Intenso,Buona,Ore Diurne,0,0,0,2,NA,2
8,04/02/2014 18.45.00,Strada Urbana,in prossimità,del civico n.,Veicolo in marcia contro ostacolo accidentale,Una carreggiata a doppio senso,Asciutto,Asfaltata,Orizzontale,Sereno,Normale,Buona,Ore Diurne,0,0,0,1,NA,89
7,04/02/2014 18.45.00,Strada Urbana,in corrispondenza,del civico n.,Veicolo in marcia contro veicolo fermo,Una carreggiata a senso unico di marcia,Asciutto,Asfaltata,Assente,Nuvoloso,Scarso,Buona,Ore Diurne,1,0,0,3,NA,19
3,04/02/2014 18.45.00,Strada Urbana,in prossimità,del civico n.,Investimento di pedone,Una carreggiata a senso unico di marcia,Asciutto,Asfaltata,Verticale ed orizzontale,Sereno,Normale,Buona,Ore Diurne,1,0,0,2,NA,40
3,04/02/2014 19.00.00,Strada Urbana,in prossimità,del civico n.,Veicolo in marcia contro veicolo in sosta,Una carreggiata a senso unico di marcia,Asciutto,Asfaltata,Verticale ed orizzontale,Sereno,Normale,Sufficiente,Ore Diurne,0,0,0,1,NA,10
16,04/02/2014 19.00.00,NA,in corrispondenza,del civico n.,Tamponamento,NA,NA,NA,NA,NA,NA,NA,NA,0,0,0,4,NA,724
17,04/02/2014 19.30.00,Strada Urbana,all'intersezione con,VIA GERMANICO,Scontro frontale/laterale DX fra veicoli in marcia,Una carreggiata a senso unico di marcia,Asciutto,Asfaltata,Verticale ed orizzontale,Sereno,Normale,Sufficiente,Sufficiente,1,0,0,1,NA,NA
20,04/02/2014 19.50.00,Strada Urbana,da specificare,NA,Scontro laterale fra veicoli in marcia,Due carreggiate,Asciutto,Asfaltata,Orizzontale,Sereno,Intenso,Buona,Sufficiente,0,0,0,2,prossimità via Flaminia,NA
16,04/02/2014 19.50.00,Strada Urbana,in prossimità,del civico n.,Tamponamento Multiplo,Una carreggiata a doppio senso,Asciutto,Asfaltata,Orizzontale,Sereno,Normale,Sufficiente,Sufficiente,1,0,0,2,NA,129
20,04/02/2014 20.10.00,Strada Urbana,all'intersezione con,VIA DEI MONTI DELLA VALCHETTA,Scontro laterale fra veicoli in marcia,Due carreggiate,Asciutto,Asfaltata,Verticale ed orizzontale,Sereno,Normale,Sufficiente,Sufficiente,2,0,0,0,NA,NA
8,04/02/2014 20.30.00,Strada Urbana,in corrispondenza,del civico n.,Investimento di pedone,Una carreggiata a doppio senso,Asciutto,Asfaltata,Verticale ed orizzontale,Sereno,Scarso,Sufficiente,Sufficiente,1,0,0,1,NA,1626
16,04/02/2014 20.30.00,Strada Urbana,in corrispondenza,del civico n.,Scontro frontale fra veicoli in marcia,Una carreggiata a doppio senso,Asciutto,Asfaltata,Verticale ed orizzontale,Sereno,Normale,Buona,Sufficiente,2,0,0,1,NA,41
18,04/02/2014 20.30.00,Strada Urbana,all'intersezione con,VIA GUIDO CALCAGNINI,Scontro laterale fra veicoli in marcia,Una carreggiata a doppio senso,Asciutto,Asfaltata,Verticale,Sereno,Normale,Buona,Sufficiente,1,0,0,1,NA,NA
8,04/02/2014 20.45.00,Strada Urbana,in prossimità,del civico n.,Veicolo in marcia contro veicoli in sosta,Una carreggiata a doppio senso,Asciutto,Asfaltata,Verticale ed orizzontale,Sereno,Scarso,Sufficiente,Sufficiente,0,0,0,1,NA,28
9,04/02/2014 20.50.00,Strada Urbana,all'intersezione semaforizzata con,PIAZZA DI PONTE LUNGO,Veicolo in marcia contro ostacolo accidentale,Una carreggiata a doppio senso,Viscido da liquidi oleosi,Asfaltata,Verticale ed orizzontale,Sereno,Normale,Buona,Sufficiente,0,0,0,1,NA,NA
9,04/02/2014 20.50.00,Strada Urbana,all'intersezione semaforizzata con,PIAZZA DI PONTE LUNGO,Veicolo in marcia contro ostacolo accidentale,Una carreggiata a doppio senso,Viscido da liquidi oleosi,Asfaltata,Verticale ed orizzontale,Sereno,Normale,Buona,Sufficiente,0,0,0,1,NA,NA
20,04/02/2014 21.00.00,Strada Urbana,da specificare,NA,Tamponamento Multiplo,Due carreggiate,Asciutto,Asfaltata,Verticale ed orizzontale,Sereno,Normale,Buona,Sufficiente,0,0,0,7,dir. stadio - prossimità Viale Tor di Quinto,NA
1,04/02/2014 21.15.00,Strada Urbana,all'intersezione con,PIAZZALE OSTIENSE,Scontro laterale fra veicoli in marcia,Più di due carreggiate,Asciutto,Asfaltata,Verticale ed orizzontale,Sereno,Normale,Sufficiente,Sufficiente,0,0,0,3,NA,NA
1,04/02/2014 22.00.00,Strada Urbana,in corrispondenza,del civico n.,Veicolo in marcia contro ostacolo accidentale,Una carreggiata a senso unico di marcia,Asciutto,In cubetti di porfido,Verticale ed orizzontale,Sereno,Normale,Sufficiente,Sufficiente,0,0,0,1,NA,63
10,04/02/2014 22.30.00,Strada Urbana,all'intersezione con,VIALE UMBERTO TUPINI,Scontro frontale/laterale SX fra veicoli in marcia,Una carreggiata a doppio senso,Asciutto,Asfaltata,Verticale ed orizzontale,Sereno,Scarso,Buona,Sufficiente,0,0,0,2,NA,NA
9,04/03/2014 00.00.00,Strada Urbana,in corrispondenza,del civico n.,Veicolo in marcia contro veicolo in sosta,Una carreggiata a senso unico di marcia,Asciutto,Asfaltata,Orizzontale,Sereno,Scarso,Buona,Sufficiente,0,0,0,0,NA,58
8,04/03/2014 02.30.00,Strada Urbana,in prossimità,del civico n.,Scontro frontale fra veicoli in marcia,Una carreggiata a doppio senso,Asciutto,Asfaltata,Verticale ed orizzontale,Sereno,Scarso,Buona,Sufficiente,2,0,0,0,NA,277
16,04/03/2014 05.00.00,Strada Urbana,da specificare,NA,Veicolo in marcia contro veicolo in sosta,Una carreggiata a doppio senso,Asciutto,Asfaltata,Assente,Sereno,Normale,Buona,Sufficiente,0,0,0,0,fronte civico 38,NA
5,04/03/2014 08.00.00,Strada Urbana,da specificare,NA,Tamponamento,Una carreggiata a doppio senso,Asciutto,Asfaltata,Verticale ed orizzontale,Nuvoloso,Intenso,Buona,Ore Diurne,1,0,0,1,Ponte di Portonaccio dir. Centro,NA
18,04/03/2014 08.05.00,Strada Urbana,in corrispondenza,del civico n.,Scontro frontale/laterale SX fra veicoli in marcia,Una carreggiata a senso unico di marcia,Asciutto,Asfaltata,Assente,Nuvoloso,Normale,Buona,Ore Diurne,1,0,0,1,NA,2
3,04/03/2014 08.25.00,Strada Urbana,da specificare,NA,Scontro laterale fra veicoli in marcia,Una carreggiata a senso unico di marcia,Asciutto,Asfaltata,Orizzontale,Sereno,Normale,Buona,Ore Diurne,0,0,0,2,altezza Via Catania,NA
4,04/03/2014 08.25.00,Strada Urbana,all'intersezione con,VIA SCARPANTO,Scontro frontale/laterale DX fra veicoli in marcia,Due carreggiate,Asciutto,Asfaltata,Verticale ed orizzontale,Nuvoloso,Intenso,Buona,Ore Diurne,0,0,0,2,NA,NA
8,04/03/2014 08.30.00,Strada Urbana,all'intersezione con,AUTOSTRADA PER L'AQUILA,Scontro frontale/laterale SX fra veicoli in marcia,Una carreggiata a doppio senso,Asciutto,Asfaltata,Verticale ed orizzontale,Nuvoloso,Normale,Buona,Ore Diurne,5,0,0,0,NA,NA
9,04/03/2014 08.40.00,Strada Urbana,in prossimità,del civico n.,Tamponamento,Due carreggiate,Asciutto,Asfaltata,Verticale ed orizzontale,Sereno,Normale,Buona,Ore Diurne,2,0,0,1,NA,520/A
19,04/03/2014 09.05.00,Strada Urbana,in prossimità,del civico n.,Scontro laterale fra veicoli in marcia,Una carreggiata a doppio senso,Asciutto,Asfaltata,Verticale ed orizzontale,Nuvoloso,Intenso,Buona,Ore Diurne,0,0,0,2,NA,10942
20,04/03/2014 09.05.00,Strada Urbana,all'intersezione con,VIA STEFANO JACINI,Scontro laterale fra veicoli in marcia,Due carreggiate,Asciutto,Asfaltata,Orizzontale,Nuvoloso,Intenso,Buona,Ore Diurne,0,0,0,3,NA,NA
12,04/03/2014 09.10.00,Strada Urbana,all'intersezione con,VIALE BEATA VERGINE DEL CARMELO,Scontro frontale/laterale DX fra veicoli in marcia,Una carreggiata a senso unico di marcia,Asciutto,Asfaltata,Verticale ed orizzontale,Nuvoloso,Normale,Buona,Ore Diurne,1,0,0,4,NA,NA
2,04/03/2014 09.15.00,Strada Urbana,in prossimità,del civico n.,Veicolo in marcia contro veicolo arresto,Due carreggiate,Asciutto,Asfaltata,Verticale ed orizzontale,Nuvoloso,Normale,Buona,Ore Diurne,0,0,0,2,NA,50
16,04/03/2014 09.20.00,Strada Urbana,in corrispondenza,del civico n.,Tamponamento,Due carreggiate,Asciutto,Asfaltata,Verticale ed orizzontale,Nuvoloso,Normale,Buona,Ore Diurne,1,0,0,1,NA,41
10,04/03/2014 09.50.00,Strada Urbana,da specificare,NA,Tamponamento,Una carreggiata a doppio senso,Asciutto,Asfaltata,Verticale ed orizzontale,Nuvoloso,Normale,Buona,Ore Diurne,1,0,0,1,"corr. semaf. pedon. pross. fermata ""capan. castror",NA
8,04/03/2014 09.55.00,Strada Urbana,in corrispondenza,del civico n.,Scontro frontale/laterale SX fra veicoli in marcia,Una carreggiata a doppio senso,Asciutto,Asfaltata,Assente,Nuvoloso,Scarso,Buona,Ore Diurne,0,0,0,2,NA,31
18,04/03/2014 10.05.00,Strada Urbana,all'intersezione semaforizzata con,VIA BRA,Scontro frontale fra veicoli in marcia,Una carreggiata a doppio senso,Asciutto,Asfaltata,Verticale ed orizzontale,Nuvoloso,Normale,Buona,Ore Diurne,1,0,0,1,NA,NA
12,04/03/2014 10.05.00,Strada Urbana,da specificare,NA,Investimento di pedone,Una carreggiata a doppio senso,Asciutto,Asfaltata,Verticale,Nuvoloso,Scarso,Buona,Ore Diurne,1,0,0,1,fronte entrata Metro,NA
6,04/03/2014 11.20.00,Strada Urbana,in corrispondenza,del civico n.,Investimento di pedone,Due carreggiate,Asciutto,Asfaltata,Orizzontale,Nuvoloso,Normale,Buona,Ore Diurne,1,0,0,1,NA,265
11,04/03/2014 11.30.00,Strada Urbana,in prossimità,del civico n.,Scontro laterale fra veicoli in marcia,Due carreggiate,Asciutto,Asfaltata,Verticale ed orizzontale,Nuvoloso,Normale,Buona,Ore Diurne,0,0,0,2,NA,75
8,04/03/2014 11.45.00,Strada Urbana,in corrispondenza,del civico n.,Investimento di pedone,Una carreggiata a doppio senso,Asciutto,Asfaltata,Verticale ed orizzontale,Nuvoloso,Normale,Sufficiente,Ore Diurne,1,0,0,1,NA,82
8,04/03/2014 11.45.00,Provinciale entro l'abitato,da specificare,NA,Tamponamento Multiplo,Una carreggiata a doppio senso,Asciutto,Asfaltata,Verticale ed orizzontale,Nuvoloso,Normale,Buona,Ore Diurne,0,0,0,3,ALL'ALTEZZA DI VIA EBOLI,NA
10,04/03/2014 11.50.00,Strada Urbana,all'intersezione con,VIALE ANICIO GALLO,Scontro frontale/laterale SX fra veicoli in marcia,Due carreggiate,Asciutto,Asfaltata,Verticale ed orizzontale,Nuvoloso,Normale,Buona,Ore Diurne,0,0,0,2,NA,NA
2,04/03/2014 11.55.00,Strada Urbana,all'intersezione semaforizzata con,VIA TEVERE,Veicolo in marcia contro veicolo in sosta,Una carreggiata a senso unico di marcia,Asciutto,Asfaltata,Verticale ed orizzontale,Sereno,Normale,Buona,Ore Diurne,0,0,0,1,NA,NA
13,04/03/2014 12.00.00,Strada Urbana,da specificare,NA,Scontro laterale fra veicoli in marcia,Due carreggiate,Asciutto,Asfaltata,Verticale,Nuvoloso,Normale,Buona,Ore Diurne,1,0,0,2,prossimità Via Garau,NA
10,04/03/2014 12.30.00,Strada Urbana,in corrispondenza,del civico n.,Scontro laterale fra veicoli in marcia,Due carreggiate,Asciutto,Asfaltata,Verticale,Nuvoloso,Normale,Buona,Ore Diurne,0,0,0,2,NA,1697
19,04/03/2014 12.40.00,Strada Urbana,in prossimità,del civico n.,Scontro laterale fra veicoli in marcia,Una carreggiata a doppio senso,Asciutto,Asfaltata,Orizzontale,Sereno,Scarso,Buona,Sufficiente,1,0,0,1,NA,86
5,04/03/2014 12.45.00,Strada Urbana,da specificare,NA,Scontro frontale fra veicoli in marcia,Una carreggiata a doppio senso,Asciutto,Asfaltata,Assente,Sereno,Intenso,Buona,Ore Diurne,0,0,0,5,prossimità via Pieve Torina,NA
18,04/03/2014 12.45.00,Strada Urbana,in prossimità,del civico n.,Investimento di pedone,Una carreggiata a doppio senso,Asciutto,Asfaltata,Verticale ed orizzontale,Sereno,Intenso,Buona,Ore Diurne,1,0,0,1,NA,161
7,04/03/2014 12.50.00,Strada Urbana,all'intersezione semaforizzata con,VIA DEI PLATANI,Tamponamento,Due carreggiate,Asciutto,Asfaltata,Verticale ed orizzontale,Sereno,Intenso,Buona,Ore Diurne,0,0,0,2,NA,NA
10,04/03/2014 13.00.00,Strada Urbana,da specificare,NA,Tamponamento,Una carreggiata a doppio senso,Asciutto,Asfaltata,Orizzontale,Sereno,Normale,Buona,Ore Diurne,1,0,0,3,fronte civico 195/b,NA
12,04/03/2014 13.00.00,Comunale extraurbana,all'intersezione con,VIA DI TRIGORIA,Scontro frontale/laterale SX fra veicoli in marcia,Una carreggiata a doppio senso,Asciutto,Asfaltata,Verticale ed orizzontale,Sereno,Normale,Buona,Ore Diurne,0,0,0,1,NA,NA
8,04/03/2014 13.00.00,Strada Urbana,da specificare,NA,Tamponamento,Una carreggiata a doppio senso,Asciutto,Asfaltata,Verticale,Sereno,Normale,Buona,Ore Diurne,1,0,0,1,pross. Via Maletto,NA
1,04/03/2014 13.15.00,Strada Urbana,in prossimità,del civico n.,Scontro frontale/laterale DX fra veicoli in marcia,Una carreggiata a senso unico di marcia,Asciutto,Asfaltata,Verticale ed orizzontale,Nebbia,Intenso,Buona,Ore Diurne,0,0,0,3,NA,101b
8,04/03/2014 13.15.00,Statale entro l'abitato,all'intersezione con,VIA GIULIO BONASONI,Scontro frontale/laterale SX fra veicoli in marcia,Una carreggiata a doppio senso,Asciutto,Asfaltata,Verticale ed orizzontale,Nuvoloso,Intenso,Buona,Ore Diurne,1,0,0,1,NA,NA
3,04/03/2014 13.30.00,Strada Urbana,da specificare,NA,Tamponamento,Una carreggiata a senso unico di marcia,Asciutto,Asfaltata,Verticale ed orizzontale,Sereno,Normale,Buona,Ore Diurne,0,0,0,2,lato Stazione,NA
20,04/03/2014 13.34.00,Strada Urbana,in prossimità,del civico n.,Veicolo in marcia contro veicolo in sosta,Una carreggiata a doppio senso,Asciutto,Asfaltata,Assente,Nuvoloso,Normale,Buona,Ore Diurne,0,0,0,2,NA,56
3,04/03/2014 13.40.00,Strada Urbana,all'intersezione con,VIA MASANIELLO,Scontro frontale/laterale SX fra veicoli in marcia,Una carreggiata a senso unico di marcia,Asciutto,Asfaltata,Verticale ed orizzontale,Nuvoloso,Normale,Buona,Ore Diurne,1,0,0,0,NA,NA
12,04/03/2014 13.50.00,Strada Urbana,in corrispondenza,del civico n.,Veicolo in marcia contro veicoli fermi,Una carreggiata a doppio senso,Asciutto,Asfaltata,Verticale ed orizzontale,Sereno,Normale,Buona,Ore Diurne,2,0,0,1,NA,47
4,04/03/2014 14.00.00,Strada Urbana,da specificare,NA,Veicolo in marcia contro veicoli in sosta,Una carreggiata a senso unico di marcia,Asciutto,Asfaltata,Verticale,Sereno,Scarso,Buona,Ore Diurne,0,0,0,0,PROSSIMITA' VIA L.PIRANDELLO,NA
18,04/03/2014 14.00.00,Strada Urbana,in prossimità,del civico n.,Ribaltamento senza urto contro ostacolo fisso,Una carreggiata a doppio senso,Asciutto,Asfaltata,Verticale ed orizzontale,Sereno,Normale,Buona,Ore Diurne,1,0,0,1,NA,116
16,04/03/2014 14.05.00,Strada Urbana,all'intersezione con,VIA DEI LAMBERTINI,Scontro frontale/laterale DX fra veicoli in marcia,Una carreggiata a doppio senso,Asciutto,Asfaltata,Verticale,Sereno,Normale,Buona,Ore Diurne,0,0,0,2,NA,NA
12,04/03/2014 14.15.00,Strada Urbana,all'intersezione con,VIA DI DECIMA,Scontro frontale/laterale SX fra veicoli in marcia,Una carreggiata a doppio senso,Asciutto,Asfaltata,Verticale ed orizzontale,Sereno,Normale,Buona,Ore Diurne,1,0,0,1,NA,NA
18,04/03/2014 14.30.00,Strada Urbana,da specificare,NA,Scontro frontale/laterale SX fra veicoli in marcia,Due carreggiate,Asciutto,Asfaltata,Verticale ed orizzontale,Sereno,Normale,Buona,Ore Diurne,1,0,0,1,in prossimità di Via GIUSEPPE PALOMBINI,NA
16,04/03/2014 14.40.00,Strada Urbana,all'intersezione con,VIALE DI VILLA PAMPHILI,Scontro frontale/laterale SX fra veicoli in marcia,Una carreggiata a doppio senso,Asciutto,Asfaltata,Verticale ed orizzontale,Sereno,Normale,Buona,Ore Diurne,0,0,0,2,NA,NA
13,04/03/2014 14.40.00,Strada Urbana,da specificare,NA,Scontro laterale fra veicoli in marcia,Una carreggiata a senso unico di marcia,Asciutto,Asfaltata,Verticale ed orizzontale,Sereno,Normale,Buona,Ore Diurne,0,0,0,2,alt.rotatoria AMMIRAGLIO DEL BONO,NA
17,04/03/2014 14.50.00,Strada Urbana,in prossimità,del palo luce n.,Scontro laterale fra veicoli in marcia,Una carreggiata a senso unico di marcia,Asciutto,Asfaltata,Verticale ed orizzontale,Sereno,Intenso,Buona,Ore Diurne,1,0,0,2,NA,17
6,04/03/2014 16.00.00,Strada Urbana,in corrispondenza,del civico n.,Veicolo in marcia contro ostacolo accidentale,Una carreggiata a senso unico di marcia,Asciutto,Asfaltata,Assente,Sereno,Scarso,Buona,Ore Diurne,1,0,0,0,NA,3
2,04/03/2014 16.00.00,Strada Urbana,in prossimità,del civico n.,Scontro laterale fra veicoli in marcia,Una carreggiata a doppio senso,Asciutto,Asfaltata,Verticale ed orizzontale,Sereno,Normale,Buona,Ore Diurne,0,0,0,2,NA,14
1,04/03/2014 16.00.00,Strada Urbana,da specificare,NA,Tamponamento Multiplo,Più di due carreggiate,Asciutto,Asfaltata,Verticale ed orizzontale,Sereno,Intenso,Buona,Ore Diurne,0,0,0,4,altezza officina FIAT,NA
8,04/03/2014 16.10.00,Strada Urbana,all'intersezione con,VIA DELLE RONDINI,Tamponamento Multiplo,Due carreggiate,Asciutto,Asfaltata,Verticale ed orizzontale,Sereno,Normale,Buona,Ore Diurne,0,0,0,4,NA,NA
7,04/03/2014 16.15.00,Strada Urbana,da specificare,NA,Tamponamento Multiplo,Due carreggiate,Asciutto,Asfaltata,Orizzontale,Sereno,Normale,Buona,Ore Diurne,0,0,0,3,In prossimità di Viale Palmiro Togliatti,NA
11,04/03/2014 16.15.00,Strada Urbana,in corrispondenza,del civico n.,Scontro frontale/laterale SX fra veicoli in marcia,Una carreggiata a doppio senso,Asciutto,Asfaltata,Verticale ed orizzontale,Sereno,Normale,Buona,Ore Diurne,1,0,0,1,NA,132
19,04/03/2014 16.15.00,Strada Urbana,in prossimità,del civico n.,Tamponamento,Una carreggiata a doppio senso,Asciutto,Asfaltata,Orizzontale,Sereno,Intenso,Buona,Ore Diurne,0,0,0,4,NA,9612
20,04/03/2014 16.20.00,Strada Urbana,da specificare,NA,Investimento di pedone,Una carreggiata a doppio senso,Asciutto,Asfaltata,Verticale ed orizzontale,Sereno,Intenso,Buona,Ore Diurne,1,0,0,1,prossimità via Riano,NA
9,04/03/2014 16.30.00,Strada Urbana,in corrispondenza,del civico n.,Tamponamento,Una carreggiata a senso unico di marcia,Asciutto,Asfaltata,Orizzontale,Sereno,Normale,Buona,Ore Diurne,0,0,0,4,NA,7
15,04/03/2014 16.40.00,Strada Urbana,da specificare,NA,Tamponamento,Una carreggiata a senso unico di marcia,Asciutto,Asfaltata,Verticale ed orizzontale,Sereno,Normale,Buona,Ore Diurne,2,0,0,1,PROSS. INTERS. SEMAFORIZ. VIADOTTO DELLA MAGLIANA,NA
6,04/03/2014 17.00.00,Strada Urbana,in corrispondenza,del civico n.,Veicolo in marcia contro veicolo in sosta,Due carreggiate,Asciutto,Asfaltata,Orizzontale,Sereno,Intenso,Buona,Ore Diurne,0,0,0,2,NA,320
17,04/03/2014 17.00.00,Strada Urbana,in corrispondenza,del civico n.,Veicolo in marcia contro veicolo in sosta,Una carreggiata a senso unico di marcia,Asciutto,In cubetti di porfido,Verticale ed orizzontale,Sereno,Normale,Buona,Ore Diurne,0,0,0,0,NA,6
15,04/03/2014 17.00.00,Strada Urbana,all'intersezione con,VIA LANFRANCO MAROI,Scontro laterale fra veicoli in marcia,Una carreggiata a doppio senso,Asciutto,Asfaltata,Verticale ed orizzontale,Sereno,Normale,Buona,Ore Diurne,1,0,0,3,NA,NA
3,04/03/2014 17.30.00,Strada Urbana,da specificare,NA,Scontro laterale fra veicoli in marcia,Una carreggiata a senso unico di marcia,Asciutto,Asfaltata,Verticale ed orizzontale,Sereno,Normale,Buona,Ore Diurne,0,0,0,2,altezza Via Baglivi,NA
16,04/03/2014 17.35.00,Strada Urbana,in prossimità,del civico n.,Scontro laterale fra veicoli in marcia,Due carreggiate,Asciutto,Asfaltata,Verticale ed orizzontale,Sereno,Normale,Buona,Ore Diurne,0,0,0,2,NA,f.c.55
15,04/03/2014 17.40.00,Strada Urbana,in corrispondenza,del civico n.,Veicolo in marcia contro veicoli in sosta,Una carreggiata a senso unico di marcia,Asciutto,Asfaltata,Assente,Sereno,Scarso,Sufficiente,Ore Diurne,0,0,0,1,NA,37
20,04/03/2014 17.45.00,Statale entro l'abitato,in prossimità,del civico n.,Tamponamento,Una carreggiata a doppio senso,Asciutto,Asfaltata,Orizzontale,Sereno,Normale,Buona,Ore Diurne,1,0,0,2,NA,1875
20,04/03/2014 18.00.00,Strada Urbana,all'intersezione semaforizzata con,VIA CIVITA CASTELLANA,Scontro frontale/laterale DX fra veicoli in marcia,Una carreggiata a doppio senso,Asciutto,Asfaltata,Verticale ed orizzontale,Sereno,Intenso,Buona,Ore Diurne,1,0,0,2,NA,NA
13,04/03/2014 18.00.00,Strada Urbana,da specificare,NA,Tamponamento Multiplo,Due carreggiate,Asciutto,Asfaltata,Orizzontale,Sereno,Intenso,Buona,Ore Diurne,0,0,0,6,mt 100 prima di Via delle Baleniere,NA
8,04/03/2014 18.00.00,Strada Urbana,da specificare,NA,Scontro laterale fra veicoli in marcia,Una carreggiata a doppio senso,Asciutto,Asfaltata,Temporanea di cantiere,Sereno,Intenso,Sufficiente,Ore Diurne,0,0,0,1,fronte Via di tor Bella Monaca,NA
2,04/03/2014 18.05.00,Strada Urbana,in prossimità,del civico n.,Tamponamento,Una carreggiata a doppio senso,Asciutto,Asfaltata,Verticale ed orizzontale,Sereno,Normale,Buona,Ore Diurne,0,0,0,2,NA,96
19,04/03/2014 18.05.00,Strada Urbana,in prossimità,del civico n.,Scontro frontale fra veicoli in marcia,Una carreggiata a doppio senso,Asciutto,Asfaltata,Orizzontale,Sereno,Normale,Buona,Ore Diurne,0,0,0,4,NA,494
1,04/03/2014 18.15.00,Strada Urbana,all'intersezione con,PASSEGGIATA DI RIPETTA,Scontro laterale fra veicoli in marcia,Una carreggiata a senso unico di marcia,Asciutto,Asfaltata,Verticale ed orizzontale,Sereno,Normale,Buona,Ore Diurne,1,0,0,1,NA,NA