Gruppo,DataOraIncidente,Localizzazione1,Localizzazione2,Strada02,NaturaIncidente,TipoStrada,FondoStradale,Pavimentazione,Segnaletica,CondizioneAtmosferica,Traffico,Visibilita,Illuminazione,NUM_FERITI,NUM_RISERVATA,NUM_MORTI,NUM_ILLESI,DaSpecificare,Chilometrica
16,04/04/2014 20.20.00,Strada Urbana,in prossimità,del civico n.,Scontro frontale/laterale DX fra veicoli in marcia,Una carreggiata a doppio senso,Asciutto,Asfaltata,Verticale ed orizzontale,Sereno,Normale,Sufficiente,Sufficiente,1,0,0,3,NA,38
1,04/04/2014 20.35.00,Strada Urbana,all'intersezione con,VIA SALLUSTIANA,Veicolo in marcia contro ostacolo accidentale,Una carreggiata a doppio senso,Viscido da liquidi oleosi,In cubetti di porfido,Verticale ed orizzontale,Nuvoloso,Scarso,Sufficiente,Sufficiente,1,0,0,0,NA,NA
6,04/04/2014 20.45.00,Strada Urbana,in corrispondenza,del civico n.,Tamponamento,Due carreggiate,Asciutto,Asfaltata,Verticale ed orizzontale,Sereno,Normale,Buona,Sufficiente,0,0,0,4,NA,138
8,04/04/2014 22.45.00,Strada Urbana,in prossimità,del civico n.,Scontro frontale/laterale SX fra veicoli in marcia,Una carreggiata a doppio senso,Asciutto,Asfaltata,Verticale ed orizzontale,Sereno,Scarso,Sufficiente,Sufficiente,1,0,0,1,NA,264
18,04/04/2014 23.20.00,Strada Urbana,da specificare,NA,Ribaltamento senza urto contro ostacolo fisso,Una carreggiata a doppio senso,Bagnato (pioggia),Asfaltata,Orizzontale,Nuvoloso,Normale,Buona,Ore Diurne,1,0,0,0,fronte via Di Luca,NA
9,04/05/2014 00.00.00,Strada Urbana,all'intersezione semaforizzata con,VIA TUSCOLANA,Scontro laterale fra veicoli in marcia,Una carreggiata a doppio senso,Bagnato (pioggia),Asfaltata,Verticale ed orizzontale,Pioggia in atto,Scarso,Buona,Sufficiente,4,0,0,3,NA,NA
1,04/05/2014 01.10.00,Strada Urbana,in prossimità,del civico n.,Scontro frontale fra veicoli in marcia,Una carreggiata a doppio senso,Asciutto,In cubetti di porfido,Assente,Sereno,Scarso,Sufficiente,Insufficiente,0,0,0,2,NA,2
9,04/05/2014 01.20.00,Strada Urbana,da specificare,NA,Scontro laterale fra veicoli in marcia,Una carreggiata a senso unico di marcia,Bagnato (umidità in atto),Asfaltata,Verticale ed orizzontale,Nuvoloso,Scarso,Buona,Sufficiente,0,0,0,3,prossimità piazzale labicano,NA
1,04/05/2014 01.55.00,Strada Urbana,all'intersezione semaforizzata con,PONTE GIUSEPPE MAZZINI,Infortunio per sola frenata improvvisa,Una carreggiata a senso unico di marcia,Asciutto,Asfaltata,Verticale ed orizzontale,Nuvoloso,Normale,Buona,Sufficiente,1,0,0,2,NA,NA
3,04/05/2014 02.00.00,Strada Urbana,all'intersezione con,VIA DEI LIBURNI,Scontro frontale/laterale SX fra veicoli in marcia,Due carreggiate,Asciutto,Asfaltata,Verticale ed orizzontale,Nuvoloso,Scarso,Buona,Sufficiente,5,0,0,1,NA,NA
8,04/05/2014 03.00.00,Strada Urbana,in corrispondenza,del civico n.,Veicolo in marcia contro ostacolo fisso,Una carreggiata a doppio senso,Asciutto,Asfaltata,Assente,Sereno,Scarso,Buona,Sufficiente,0,0,0,0,NA,21
1,04/05/2014 03.30.00,Strada Urbana,da specificare,NA,Investimento di pedone,Una carreggiata a senso unico di marcia,Asciutto,Acciotolata,Verticale ed orizzontale,Nuvoloso,Scarso,Buona,Sufficiente,1,0,0,1,TRA I CV 62/63,NA
15,04/05/2014 03.30.00,Strada Urbana,all'intersezione con,VIA LUIGI ERCOLE MORSELLI,Scontro laterale fra veicoli in marcia,Una carreggiata a doppio senso,Asciutto,Asfaltata,Assente,Sereno,Scarso,Buona,Sufficiente,0,0,0,3,NA,NA
15,04/05/2014 03.40.00,Strada Urbana,da specificare,NA,Veicolo in marcia contro veicolo fermo,Una carreggiata a doppio senso,Asciutto,Asfaltata,Assente,Sereno,Scarso,Buona,Sufficiente,0,0,0,3,alla fine della strada,NA
4,04/05/2014 03.55.00,Strada Urbana,in prossimità,del civico n.,Veicolo in marcia contro veicoli in sosta,Una carreggiata a doppio senso,Bagnato (pioggia),Asfaltata,Verticale ed orizzontale,Nuvoloso,Scarso,Buona,Sufficiente,0,0,0,1,NA,200
20,04/05/2014 05.00.00,Strada Urbana,in corrispondenza,del civico n.,Veicolo in marcia contro veicoli in sosta,Una carreggiata a senso unico di marcia,Bagnato (pioggia),Asfaltata,Assente,Nuvoloso,Scarso,Buona,Sufficiente,0,0,0,1,NA,152
12,04/05/2014 05.50.00,Strada Urbana,all'intersezione con,VIALE HUGO PRATT,Veicolo in marcia contro ostacolo fisso,Due carreggiate,Asciutto,Asfaltata,Verticale ed orizzontale,Sereno,Scarso,Buona,Sufficiente,0,0,0,1,NA,NA
7,04/05/2014 07.20.00,Strada Urbana,in prossimità,del civico n.,Veicolo in marcia contro ostacolo fisso,Una carreggiata a doppio senso,Asciutto,Asfaltata,Orizzontale,Sereno,Scarso,Buona,Ore Diurne,0,0,0,1,NA,157
5,04/05/2014 07.30.00,Strada Urbana,in prossimità,della chilometrica,Veicolo in marcia contro ostacolo fisso,Due carreggiate,Asciutto,Asfaltata,Verticale ed orizzontale,Sereno,Normale,Buona,Ore Diurne,1,0,0,0,NA,12.9
10,04/05/2014 08.30.00,Strada Urbana,in corrispondenza,del civico n.,Scontro frontale/laterale DX fra veicoli in marcia,Due carreggiate,Asciutto,Asfaltata,Assente,Sereno,Normale,Buona,Ore Diurne,0,0,0,4,NA,69
1,04/05/2014 08.30.00,Strada Urbana,all'intersezione semaforizzata con,PONTE VITTORIO EMANUELE II,Scontro laterale fra veicoli in marcia,Una carreggiata a senso unico di marcia,Asciutto,Asfaltata,Verticale ed orizzontale,Sereno,Normale,Buona,Ore Diurne,0,0,0,2,NA,NA
1,04/05/2014 08.45.00,Strada Urbana,in corrispondenza,del civico n.,Veicolo in marcia contro ostacolo fisso,Una carreggiata a senso unico di marcia,Asciutto,In cubetti di porfido,Verticale ed orizzontale,Sereno,Scarso,Buona,Ore Diurne,0,0,0,1,NA,23
9,04/05/2014 09.00.00,Strada Urbana,da specificare,NA,Veicolo in marcia contro ostacolo fisso,Una carreggiata a senso unico di marcia,Asciutto,Asfaltata,Assente,Sereno,Normale,Buona,Ore Diurne,0,0,0,1,fronte civico 594/c,NA
11,04/05/2014 09.00.00,Strada Urbana,all'intersezione con,VIALE CARLO TOMMASO ODESCALCHI,Scontro frontale/laterale SX fra veicoli in marcia,Due carreggiate,Asciutto,Asfaltata,Verticale ed orizzontale,Nuvoloso,Normale,Buona,Ore Diurne,0,0,0,4,NA,NA
17,04/05/2014 09.30.00,Strada Urbana,all'intersezione con,VIA SANTAMAURA,Veicolo in marcia contro ostacolo accidentale,Una carreggiata a senso unico di marcia,Asciutto,Asfaltata,Verticale ed orizzontale,Sereno,Normale,Buona,Ore Diurne,0,0,0,3,NA,NA
4,04/05/2014 09.30.00,Strada Urbana,in corrispondenza,del civico n.,Scontro frontale/laterale SX fra veicoli in marcia,Una carreggiata a doppio senso,Asciutto,Asfaltata,Verticale ed orizzontale,Nuvoloso,Normale,Buona,Ore Diurne,0,0,0,3,NA,59
6,04/05/2014 09.35.00,Strada Urbana,da specificare,NA,Infortunio per caduta del veicolo,Una carreggiata a doppio senso,Asciutto,Asfaltata,Orizzontale,Sereno,Normale,Buona,Ore Diurne,1,0,0,1,altezza civico 130,NA
19,04/05/2014 09.40.00,Strada Urbana,all'intersezione con,VIA PIEVE DI CADORE,Scontro laterale fra veicoli in marcia,Una carreggiata a doppio senso,Asciutto,Asfaltata,Verticale ed orizzontale,Nebbia,Normale,Buona,Ore Diurne,0,0,0,2,NA,NA
20,04/05/2014 09.45.00,Strada Urbana,all'intersezione con,VIALE DEL MINISTERO DEGLI AFFARI ESTERI,Scontro frontale/laterale SX fra veicoli in marcia,Due carreggiate,Asciutto,Asfaltata,Verticale ed orizzontale,Sereno,Normale,Buona,Ore Diurne,2,0,0,1,NA,NA
20,04/05/2014 10.00.00,Strada Urbana,all'intersezione con,LARGO PASQUALE SARACENO,Tamponamento,Una carreggiata a doppio senso,Asciutto,Asfaltata,Verticale ed orizzontale,Sereno,Scarso,Buona,Ore Diurne,0,0,0,5,NA,NA
1,04/05/2014 10.20.00,Strada Urbana,in prossimità,del civico n.,Scontro laterale fra veicoli in marcia,Una carreggiata a senso unico di marcia,Asciutto,Asfaltata,Verticale ed orizzontale,Sereno,Normale,Buona,Ore Diurne,0,0,0,3,NA,67
8,04/05/2014 10.30.00,Provinciale entro l'abitato,da specificare,NA,Tamponamento Multiplo,Una carreggiata a doppio senso,Asciutto,Asfaltata,Verticale ed orizzontale,Nuvoloso,Normale,Buona,Ore Diurne,0,0,0,8,all'altezza di via AVOLA,NA
1,04/05/2014 11.10.00,Strada Urbana,in prossimità,del civico n.,Tamponamento Multiplo,Una carreggiata a doppio senso,Asciutto,Asfaltata,Verticale ed orizzontale,Nuvoloso,Normale,Buona,Ore Diurne,1,0,0,3,NA,244
7,04/05/2014 11.15.00,Strada Urbana,in corrispondenza,del civico n.,Veicolo in marcia contro ostacolo fisso,Una carreggiata a doppio senso,Asciutto,Asfaltata,Orizzontale,Sereno,Normale,Buona,Ore Diurne,0,0,0,0,NA,451
15,04/05/2014 11.20.00,Strada Urbana,all'intersezione con,VIA CANOSIO,Scontro frontale fra veicoli in marcia,Una carreggiata a doppio senso,Asciutto,Asfaltata,Assente,Sereno,Scarso,Buona,Ore Diurne,0,0,0,1,NA,NA
8,04/05/2014 11.30.00,Strada Urbana,all'intersezione con,VIA ROCCALUMERA,Scontro frontale fra veicoli in marcia,Una carreggiata a doppio senso,Asciutto,Asfaltata,Verticale ed orizzontale,Nuvoloso,Normale,Buona,Ore Diurne,0,0,0,1,NA,NA
13,04/05/2014 12.00.00,Strada Urbana,in corrispondenza,del civico n.,Tamponamento Multiplo,Una carreggiata a doppio senso,Asciutto,Asfaltata,Assente,Sereno,Normale,Buona,Ore Diurne,0,0,0,6,NA,240
3,04/05/2014 12.10.00,Strada Urbana,da specificare,NA,Scontro frontale/laterale SX fra veicoli in marcia,Una carreggiata a senso unico di marcia,Asciutto,Asfaltata,Verticale,Nuvoloso,Normale,Buona,Ore Diurne,0,0,0,3,prossimità fronte civico 55,NA
9,04/05/2014 12.15.00,Strada Urbana,all'intersezione semaforizzata con,PIAZZA TUSCOLO,Scontro laterale fra veicoli in marcia,Una carreggiata a doppio senso,Asciutto,Asfaltata,Verticale ed orizzontale,Nuvoloso,Normale,Buona,Ore Diurne,0,0,0,5,NA,NA
9,04/05/2014 12.25.00,Strada Urbana,da specificare,NA,Tamponamento Multiplo,Una carreggiata a senso unico di marcia,Asciutto,Asfaltata,Orizzontale,Nuvoloso,Scarso,Buona,Ore Diurne,0,0,0,3,fronte civico 5,NA
11,04/05/2014 12.30.00,Strada Urbana,in prossimità,del civico n.,Scontro frontale fra veicoli in marcia,Due carreggiate,Asciutto,Asfaltata,Orizzontale,Nuvoloso,Normale,Buona,Ore Diurne,1,0,0,1,NA,56
8,04/05/2014 12.45.00,Strada Urbana,all'intersezione semaforizzata con,VIALE ANTONIO CIAMARRA,Scontro laterale fra veicoli in marcia,Una carreggiata a doppio senso,Asciutto,Asfaltata,Verticale ed orizzontale,Nuvoloso,Normale,Sufficiente,Ore Diurne,0,0,0,5,NA,NA
10,04/05/2014 13.00.00,Strada Urbana,all'intersezione con,VIA DEGLI OPIMIANI,Scontro frontale/laterale SX fra veicoli in marcia,Due carreggiate,Asciutto,Asfaltata,Verticale ed orizzontale,Nuvoloso,Normale,Buona,Ore Diurne,0,0,0,3,NA,NA
10,04/05/2014 13.00.00,Strada Urbana,in prossimità,del civico n.,Tamponamento,Due carreggiate,Asciutto,Asfaltata,Verticale ed orizzontale,Sereno,Normale,Buona,Ore Diurne,0,0,0,3,NA,1192
2,04/05/2014 13.00.00,Strada Urbana,all'intersezione semaforizzata con,VIA GIAMBATTISTA VICO,Scontro laterale fra veicoli in marcia,Una carreggiata a doppio senso,Asciutto,Asfaltata,Verticale ed orizzontale,Nuvoloso,Intenso,Buona,Ore Diurne,0,0,0,3,NA,NA
9,04/05/2014 13.10.00,Strada Urbana,da specificare,NA,Veicolo in marcia contro veicolo in sosta,Una carreggiata a senso unico di marcia,Asciutto,Asfaltata,Verticale ed orizzontale,Nuvoloso,Scarso,Buona,Ore Diurne,1,0,0,0,in corrispondenza di piazza pompei,NA
17,04/05/2014 13.10.00,Strada Urbana,in prossimità,del civico n.,Investimento di pedone,Una carreggiata a senso unico di marcia,Asciutto,Acciotolata,Verticale ed orizzontale,Nuvoloso,Normale,Buona,Ore Diurne,1,0,0,1,NA,1
7,04/05/2014 13.20.00,Strada Urbana,in corrispondenza,del civico n.,Scontro laterale fra veicoli in marcia,Una carreggiata a doppio senso,Asciutto,Asfaltata,Assente,Sereno,Normale,Buona,Ore Diurne,0,0,0,2,NA,2/A
13,04/05/2014 13.40.00,Strada Urbana,all'intersezione con,VIALE DELLA VILLA DI PLINIO,Scontro frontale/laterale DX fra veicoli in marcia,Una carreggiata a doppio senso,Asciutto,Asfaltata,Verticale ed orizzontale,Nuvoloso,Normale,Buona,Ore Diurne,0,0,0,2,NA,NA
4,04/05/2014 13.40.00,Provinciale entro l'abitato,da specificare,NA,Scontro laterale fra veicoli in marcia,Una carreggiata a doppio senso,Asciutto,Asfaltata,Assente,Nuvoloso,Normale,Buona,Ore Diurne,0,0,0,3,altezza v.le Kant,NA
10,04/05/2014 15.00.00,Statale entro l'abitato,da specificare,NA,Tamponamento Multiplo,Una carreggiata a senso unico di marcia,Asciutto,Asfaltata,Assente,Sereno,Normale,Buona,Ore Diurne,0,0,0,5,rampa di discesa roma centro alt. gra,NA
2,04/05/2014 15.05.00,Strada Urbana,all'intersezione con,VIA FOGLIANO,Investimento di pedone,Una carreggiata a doppio senso,Asciutto,Asfaltata,Verticale ed orizzontale,Nuvoloso,Scarso,Buona,Ore Diurne,1,0,0,1,NA,NA
12,04/05/2014 15.30.00,Strada Urbana,da specificare,NA,Scontro laterale fra veicoli in marcia,Due carreggiate,Asciutto,Asfaltata,Verticale ed orizzontale,Sereno,Normale,Buona,Ore Diurne,1,0,0,1,alt. Via dei Bombardieri,NA
1,04/05/2014 15.30.00,Strada Urbana,in prossimità,del civico n.,Scontro laterale fra veicoli in marcia,Una carreggiata a doppio senso,Asciutto,Asfaltata,Verticale ed orizzontale,Sereno,Normale,Buona,Ore Diurne,0,0,0,3,NA,54
20,04/05/2014 15.40.00,Strada Urbana,da specificare,NA,Infortunio per caduta del veicolo,Due carreggiate,Asciutto,Asfaltata,Verticale ed orizzontale,Sereno,Normale,Buona,Ore Diurne,1,0,0,0,direzione Stadio prossimità rampa Tor di Quinto,NA
10,04/05/2014 15.40.00,Strada Urbana,in prossimità,del civico n.,Tamponamento Multiplo,Più di due carreggiate,Asciutto,Asfaltata,Verticale ed orizzontale,Nuvoloso,Normale,Buona,Ore Diurne,3,0,0,3,NA,129
20,04/05/2014 15.50.00,Regionale entro l'abitato,in corrispondenza,del civico n.,Scontro laterale fra veicoli in marcia,Due carreggiate,Asciutto,Asfaltata,Orizzontale,Sereno,Normale,Buona,Ore Diurne,0,0,0,4,NA,964
7,04/05/2014 16.00.00,Strada Urbana,in prossimità,del civico n.,Veicolo in marcia contro veicolo in sosta,Una carreggiata a senso unico di marcia,Asciutto,Asfaltata,Verticale,Sereno,Normale,Buona,Ore Diurne,0,0,0,1,NA,69
13,04/05/2014 16.05.00,Strada Urbana,all'intersezione con,VIA DELLE CASE BASSE,Scontro frontale/laterale SX fra veicoli in marcia,Una carreggiata a senso unico di marcia,Asciutto,Asfaltata,Verticale,Nuvoloso,Normale,Sufficiente,Ore Diurne,2,0,0,3,NA,NA
6,04/05/2014 16.30.00,Strada Urbana,in prossimità,del civico n.,Scontro frontale/laterale DX fra veicoli in marcia,Una carreggiata a senso unico di marcia,Asciutto,Asfaltata,Orizzontale,Sereno,Normale,Buona,Ore Diurne,0,0,0,2,NA,3
19,04/05/2014 17.00.00,Strada Urbana,in corrispondenza,del civico n.,Ribaltamento senza urto contro ostacolo fisso,Una carreggiata a doppio senso,Asciutto,Asfaltata,Orizzontale,Sereno,Scarso,Buona,Ore Diurne,1,0,0,0,NA,190
5,04/05/2014 17.10.00,Strada Urbana,all'intersezione con,VIA SAMBUCI,Scontro frontale/laterale DX fra veicoli in marcia,Una carreggiata a doppio senso,Asciutto,Asfaltata,Verticale ed orizzontale,Nuvoloso,Normale,Buona,Ore Diurne,0,0,0,2,NA,NA
20,04/05/2014 17.40.00,Regionale entro l'abitato,all'intersezione con,VIA FLAMINIA NUOVA,Tamponamento,Più di due carreggiate,Asciutto,Asfaltata,Verticale ed orizzontale,Sereno,Normale,Buona,Ore Diurne,0,0,0,3,NA,NA
17,04/05/2014 17.45.00,Strada Urbana,all'intersezione con,VIA ENNIO QUIRINO VISCONTI,Scontro frontale/laterale SX fra veicoli in marcia,Una carreggiata a senso unico di marcia,Asciutto,In cubetti di porfido,Verticale,Nuvoloso,Normale,Buona,Ore Diurne,0,0,0,4,NA,NA
2,04/05/2014 18.00.00,Strada Urbana,in prossimità,del civico n.,Scontro frontale/laterale DX fra veicoli in marcia,Una carreggiata a doppio senso,Asciutto,Asfaltata,Verticale ed orizzontale,Nuvoloso,Normale,Buona,Ore Diurne,2,0,0,1,NA,24
17,04/05/2014 18.30.00,Strada Urbana,all'intersezione semaforizzata con,VIALE GIUSEPPE MAZZINI,Scontro frontale/laterale SX fra veicoli in marcia,Più di due carreggiate,Asciutto,Asfaltata,Verticale ed orizzontale,Nuvoloso,Normale,Buona,Ore Diurne,2,0,0,1,NA,NA
10,04/05/2014 18.30.00,Strada Urbana,in prossimità,del civico n.,Tamponamento Multiplo,Due carreggiate,Asciutto,Asfaltata,Verticale ed orizzontale,Sereno,Normale,Buona,Ore Diurne,5,0,0,0,NA,1009
23,04/05/2014 18.30.00,Strada Urbana,in prossimità,della chilometrica,Tamponamento,Più di due carreggiate,Asciutto,Asfaltata,Verticale ed orizzontale,Nuvoloso,Scarso,Buona,Ore Diurne,1,0,0,0,NA,19.75
20,04/05/2014 18.40.00,Strada Urbana,da specificare,NA,Scontro laterale fra veicoli in marcia,Una carreggiata a doppio senso,Asciutto,Asfaltata,Verticale ed orizzontale,Nuvoloso,Normale,Buona,Ore Diurne,1,0,0,0,prossimità via Dalmine,NA
15,04/05/2014 19.05.00,Strada Urbana,all'intersezione semaforizzata con,PONTE GUGLIELMO MARCONI,Scontro laterale fra veicoli in marcia,Due carreggiate,Asciutto,Asfaltata,Verticale ed orizzontale,Nuvoloso,Intenso,Buona,Ore Diurne,1,0,0,1,NA,NA
13,04/05/2014 19.40.00,Strada Urbana,da specificare,NA,Tamponamento,Una carreggiata a doppio senso,Asciutto,Asfaltata,Verticale ed orizzontale,Nuvoloso,Normale,Buona,Sufficiente,2,0,0,1,ALT. VIA MASPERO,NA
10,04/05/2014 19.40.00,Strada Urbana,in prossimità,del civico n.,Investimento di pedone,Una carreggiata a senso unico di marcia,Asciutto,Asfaltata,Verticale ed orizzontale,Sereno,Scarso,Sufficiente,Sufficiente,1,0,0,1,NA,152
18,04/05/2014 20.00.00,Strada Urbana,in corrispondenza,del civico n.,Scontro frontale/laterale SX fra veicoli in marcia,Una carreggiata a doppio senso,Asciutto,Asfaltata,Assente,Sereno,Scarso,Buona,Sufficiente,2,0,0,0,NA,105
4,04/05/2014 20.40.00,Strada Urbana,da specificare,NA,Scontro laterale fra veicoli in marcia,Due carreggiate,Asciutto,Asfaltata,Verticale ed orizzontale,Sereno,Normale,Sufficiente,Sufficiente,0,0,0,3,via Monte Patulo,NA
8,04/05/2014 20.45.00,Statale entro l'abitato,in corrispondenza,del civico n.,Scontro laterale fra veicoli in marcia,Una carreggiata a doppio senso,Asciutto,Asfaltata,Verticale ed orizzontale,Sereno,Normale,Buona,Sufficiente,0,0,0,3,NA,1797/E
2,04/05/2014 21.00.00,Strada Urbana,da specificare,NA,Veicolo in marcia contro veicolo in sosta,Una carreggiata a doppio senso,Asciutto,Asfaltata,Verticale ed orizzontale,Nuvoloso,Scarso,Buona,Sufficiente,0,0,0,1,altezza Via Livenza,NA
6,04/05/2014 21.20.00,Strada Urbana,all'intersezione con,VIA DI TOR CERVARA,Scontro frontale/laterale SX fra veicoli in marcia,Una carreggiata a doppio senso,Asciutto,Asfaltata,Verticale,Sereno,Normale,Buona,Sufficiente,2,0,0,2,NA,NA
3,04/05/2014 22.20.00,Strada Urbana,all'intersezione con,VIA GIOVANNI BATTISTA DE ROSSI,Veicolo in marcia contro veicoli in sosta,Una carreggiata a senso unico di marcia,Asciutto,Asfaltata,Verticale ed orizzontale,Sereno,Scarso,Sufficiente,Sufficiente,0,0,0,0,NA,NA
8,04/05/2014 22.50.00,Strada Urbana,da specificare,NA,Scontro frontale fra veicoli in marcia,Una carreggiata a senso unico di marcia,Asciutto,Asfaltata,Verticale ed orizzontale,Sereno,Scarso,Buona,Sufficiente,0,0,0,2,altezza rotatoria via PALOMBARESE,NA
10,04/05/2014 23.15.00,Strada Urbana,all'intersezione semaforizzata con,VIA PUBLIO VALERIO,Scontro frontale/laterale SX fra veicoli in marcia,Due carreggiate,Asciutto,Asfaltata,Verticale ed orizzontale,Sereno,Scarso,Sufficiente,Sufficiente,1,0,0,2,NA,NA
1,04/05/2014 23.30.00,Strada Urbana,da specificare,NA,Scontro laterale fra veicoli in marcia,Una carreggiata a senso unico di marcia,Asciutto,Acciotolata,Verticale ed orizzontale,Sereno,Normale,Sufficiente,Sufficiente,0,0,0,3,LATO CHIESA,NA
3,04/06/2014 00.05.00,Strada Urbana,in corrispondenza,del civico n.,Tamponamento,Una carreggiata a senso unico di marcia,Asciutto,Asfaltata,Verticale ed orizzontale,Nuvoloso,Normale,Sufficiente,Sufficiente,0,0,0,4,NA,16
13,04/06/2014 00.10.00,Strada Urbana,all'intersezione con,VIA DI SAPONARA,Scontro laterale fra veicoli in marcia,Una carreggiata a doppio senso,Asciutto,Asfaltata,Verticale ed orizzontale,Sereno,Normale,Buona,Sufficiente,4,1,0,0,NA,NA
15,04/06/2014 00.15.00,Strada Urbana,all'intersezione con,VIA DEI MARTIRI DI MARZABOTTO,Scontro laterale fra veicoli in marcia,Una carreggiata a senso unico di marcia,Asciutto,Asfaltata,Verticale ed orizzontale,Sereno,Scarso,Buona,Sufficiente,0,0,0,3,NA,NA
2,04/06/2014 00.20.00,Strada Urbana,in corrispondenza,del civico n.,Veicolo in marcia contro veicoli in sosta,Una carreggiata a doppio senso,Asciutto,Asfaltata,Verticale ed orizzontale,Sereno,Scarso,Buona,Sufficiente,0,0,0,3,NA,23
8,04/06/2014 00.30.00,Strada Urbana,da specificare,NA,Fuoriuscita dalla sede stradale,Una carreggiata a doppio senso,Asciutto,Asfaltata,Verticale ed orizzontale,Sereno,Normale,Buona,Ore Diurne,0,0,0,1,ALTEZZA PALO ACEA 27,NA
2,04/06/2014 00.45.00,Strada Urbana,all'intersezione con,VIA ANTONAZZO ROMANO,Scontro frontale/laterale DX fra veicoli in marcia,Una carreggiata a doppio senso,Asciutto,Asfaltata,Verticale ed orizzontale,Sereno,Scarso,Sufficiente,Sufficiente,0,0,0,5,NA,NA
4,04/06/2014 01.20.00,Strada Urbana,in prossimità,del civico n.,Veicolo in marcia contro veicoli in sosta,Una carreggiata a doppio senso,Asciutto,Asfaltata,Verticale ed orizzontale,Sereno,Scarso,Sufficiente,Sufficiente,0,0,0,1,NA,43
23,04/06/2014 01.40.00,Comunale extraurbana,in prossimità,della chilometrica,Fuoriuscita dalla sede stradale,Più di due carreggiate,Asciutto,Asfaltata,Verticale ed orizzontale,Nuvoloso,Scarso,Buona,Inesistente,0,0,0,3,NA,20.2
20,04/06/2014 01.45.00,Strada Urbana,all'intersezione con,VIA VITORCHIANO,Scontro laterale fra veicoli in marcia,Due carreggiate,Asciutto,Asfaltata,Orizzontale,Nuvoloso,Scarso,Buona,Sufficiente,0,0,0,3,NA,NA
19,04/06/2014 01.50.00,Strada Urbana,da specificare,NA,Scontro laterale fra veicoli in marcia,Due carreggiate,Asciutto,Asfaltata,Orizzontale,Sereno,Normale,Sufficiente,Sufficiente,1,0,0,2,carreggiata direz. Ponte MIlvio,NA
2,04/06/2014 02.00.00,Strada Urbana,in prossimità,del civico n.,Veicolo in marcia contro veicoli in sosta,Una carreggiata a senso unico di marcia,Asciutto,Asfaltata,Verticale ed orizzontale,Sereno,Scarso,Buona,Sufficiente,0,0,0,1,NA,39
17,04/06/2014 02.30.00,Strada Urbana,da specificare,NA,Scontro laterale fra veicoli in marcia,Più di due carreggiate,Asciutto,Asfaltata,Verticale ed orizzontale,Sereno,Scarso,Buona,Sufficiente,0,0,0,4,fronte Ponte Umberto alt impianto semaforico,NA
1,04/06/2014 03.40.00,Strada Urbana,all'intersezione semaforizzata con,VIALE MANZONI,Scontro frontale/laterale DX fra veicoli in marcia,Una carreggiata a doppio senso,Asciutto,Asfaltata,Verticale ed orizzontale,Sereno,Scarso,Sufficiente,Sufficiente,2,0,0,3,NA,NA
2,04/06/2014 04.00.00,Strada Urbana,da specificare,NA,Veicolo in marcia contro veicolo fermo,Una carreggiata a senso unico di marcia,Asciutto,Asfaltata,Verticale ed orizzontale,Sereno,Scarso,Buona,Sufficiente,0,0,0,3,altezza Prato della Signora,NA
1,04/06/2014 04.30.00,Strada Urbana,in prossimità,del civico n.,Infortunio per sola frenata improvvisa,Una carreggiata a doppio senso,Asciutto,Asfaltata,Verticale ed orizzontale,Sereno,Scarso,Buona,Sufficiente,1,0,0,0,NA,8
20,04/06/2014 05.00.00,Strada Urbana,all'intersezione semaforizzata con,PIAZZALE DI PONTE MILVIO,Tamponamento,Due carreggiate,Asciutto,Asfaltata,Verticale ed orizzontale,Sereno,Scarso,Sufficiente,Sufficiente,0,0,0,2,NA,NA
20,04/06/2014 05.30.00,Strada Urbana,all'intersezione con,CORSO DI FRANCIA,Tamponamento,Due carreggiate,Asciutto,Asfaltata,Verticale ed orizzontale,Sereno,Scarso,Sufficiente,Sufficiente,1,0,0,2,NA,NA
1,04/06/2014 07.30.00,Strada Urbana,all'intersezione con,VIA NICOLA FABRIZI,Scontro frontale/laterale SX fra veicoli in marcia,Una carreggiata a doppio senso,Asciutto,Asfaltata,Assente,Sereno,Intenso,Buona,Ore Diurne,0,0,0,2,NA,NA
1,04/06/2014 08.10.00,Strada Urbana,in corrispondenza,del civico n.,Scontro laterale fra veicoli in marcia,Più di due carreggiate,Asciutto,Asfaltata,Verticale,Sereno,Scarso,Buona,Ore Diurne,0,0,0,2,NA,1
7,04/06/2014 09.10.00,Strada Urbana,all'intersezione con,VIA DI TOR SAPIENZA,Scontro laterale fra veicoli in marcia,Una carreggiata a doppio senso,Asciutto,Asfaltata,Verticale ed orizzontale,Sereno,Normale,Buona,Ore Diurne,0,0,0,2,NA,NA
18,04/06/2014 09.10.00,Strada Urbana,all'intersezione semaforizzata con,VIA GIUSEPPE MARELLO,Scontro frontale/laterale SX fra veicoli in marcia,Una carreggiata a doppio senso,Asciutto,Asfaltata,Verticale ed orizzontale,Sereno,Scarso,Buona,Ore Diurne,2,0,0,1,NA,NA
5,04/06/2014 09.40.00,Strada Urbana,da specificare,NA,Scontro laterale fra veicoli in marcia,Due carreggiate,Asciutto,Asfaltata,Orizzontale,Sereno,Normale,Buona,Ore Diurne,0,0,0,6,"prossimità ingresso ospedale ""S. Pertini""",NA
5,04/06/2014 09.50.00,Strada Urbana,da specificare,NA,Veicolo in marcia contro ostacolo fisso,Due carreggiate,Asciutto,Asfaltata,Verticale ed orizzontale,Sereno,Normale,Buona,Ore Diurne,0,0,0,2,altezza Museo Pleistocenico,NA