Gruppo,DataOraIncidente,Localizzazione1,Localizzazione2,Strada02,NaturaIncidente,TipoStrada,FondoStradale,Pavimentazione,Segnaletica,CondizioneAtmosferica,Traffico,Visibilita,Illuminazione,NUM_FERITI,NUM_RISERVATA,NUM_MORTI,NUM_ILLESI,DaSpecificare,Chilometrica
2,04/18/2014 14.00.00,Strada Urbana,da specificare,NA,Tamponamento,Una carreggiata a senso unico di marcia,Asciutto,Asfaltata,Orizzontale,Sereno,Intenso,Buona,Ore Diurne,1,0,0,1,fr. distributore ERG - direzione SAN GIOVANNI ,NA
4,04/18/2014 14.00.00,Strada Urbana,in prossimità,del civico n.,Veicolo in marcia contro veicolo in sosta,Una carreggiata a senso unico di marcia,Asciutto,Asfaltata,Verticale,Sereno,Scarso,Buona,Ore Diurne,1,0,0,1,NA,10
4,04/18/2014 14.00.00,Strada Urbana,da specificare,NA,Veicolo in marcia contro veicolo in sosta,Una carreggiata a doppio senso,Asciutto,Asfaltata,Verticale ed orizzontale,Sereno,Normale,Buona,Ore Diurne,0,0,0,1,f.c. 210,NA
20,04/18/2014 14.30.00,Strada Urbana,da specificare,NA,Scontro laterale fra veicoli in marcia,Una carreggiata a senso unico di marcia,Asciutto,Asfaltata,Verticale ed orizzontale,Sereno,Normale,Buona,Ore Diurne,0,0,0,2,prossimità Via Morra di Lavriano,NA
2,04/18/2014 14.45.00,Strada Urbana,in prossimità,del palo luce n.,Tamponamento,Due carreggiate,Asciutto,Asfaltata,Verticale ed orizzontale,Sereno,Normale,Buona,Ore Diurne,1,0,0,2,NA,302
15,04/18/2014 15.15.00,Strada Urbana,in prossimità,del civico n.,Tamponamento,Una carreggiata a doppio senso,Asciutto,Asfaltata,Assente,Sereno,Normale,Buona,Ore Diurne,0,0,0,2,NA,6
6,04/18/2014 15.30.00,Strada Urbana,in corrispondenza,del civico n.,Veicolo in marcia contro veicolo fermo,Due carreggiate,Asciutto,Asfaltata,Orizzontale,Sereno,Scarso,Buona,Ore Diurne,0,0,0,2,NA,108
17,04/18/2014 16.20.00,Strada Urbana,da specificare,NA,Scontro laterale fra veicoli in marcia,Una carreggiata a senso unico di marcia,Asciutto,Asfaltata,Verticale ed orizzontale,Sereno,Normale,Buona,Ore Diurne,0,0,0,3,prossimità VIALE DELLE MEDAGLIE D'ORO,NA
10,04/18/2014 16.20.00,Provinciale entro l'abitato,all'intersezione semaforizzata con,VIA DI TORRE SPACCATA,Scontro laterale fra veicoli in marcia,Due carreggiate,Asciutto,Asfaltata,Verticale ed orizzontale,Sereno,Normale,Buona,Ore Diurne,0,0,0,2,NA,NA
2,04/18/2014 16.40.00,Strada Urbana,da specificare,NA,Tamponamento Multiplo,Due carreggiate,Asciutto,Asfaltata,Verticale ed orizzontale,Sereno,Normale,Buona,Ore Diurne,0,0,0,4,DIR. P.LE BRASILE INGRESSO PARCH. VILLA BORGHESE,NA
1,04/18/2014 16.40.00,Strada Urbana,all'intersezione semaforizzata con,VIA MERULANA,Scontro laterale fra veicoli in marcia,Una carreggiata a doppio senso,Asciutto,Asfaltata,Verticale ed orizzontale,Sereno,Normale,Buona,Ore Diurne,0,0,0,3,NA,NA
4,04/18/2014 16.40.00,Statale entro l'abitato,in prossimità,del civico n.,Tamponamento,Due carreggiate,Asciutto,Asfaltata,Verticale ed orizzontale,Sereno,Normale,Buona,Ore Diurne,1,0,0,3,NA,981
4,04/18/2014 16.50.00,Strada Urbana,in corrispondenza,del civico n.,Tamponamento,Una carreggiata a senso unico di marcia,Asciutto,Asfaltata,Verticale ed orizzontale,Sereno,Normale,Buona,Ore Diurne,0,0,0,2,NA,188
3,04/18/2014 16.50.00,Strada Urbana,all'intersezione con,VIA RODOLFO LANCIANI,Scontro laterale fra veicoli in marcia,Due carreggiate,Asciutto,Asfaltata,Verticale ed orizzontale,Sereno,Normale,Buona,Ore Diurne,1,0,0,1,NA,NA
4,04/18/2014 17.00.00,Comunale extraurbana,da specificare,NA,Veicolo in marcia contro veicolo fermo,Una carreggiata a doppio senso,Asciutto,Asfaltata,Assente,Sereno,Scarso,Buona,Ore Diurne,0,0,0,4,altezza maneggio via Tor S. Giovanni,NA
1,04/18/2014 17.15.00,Strada Urbana,da specificare,NA,Tamponamento,Una carreggiata a senso unico di marcia,Asciutto,Asfaltata,Verticale ed orizzontale,Sereno,Normale,Buona,Ore Diurne,1,0,0,2,albero 38,NA
12,04/18/2014 17.15.00,Strada Urbana,in corrispondenza,del civico n.,Infortunio per sola frenata improvvisa,Una carreggiata a doppio senso,Asciutto,Asfaltata,Verticale ed orizzontale,Sereno,Intenso,Buona,Ore Diurne,1,0,0,2,NA,191
8,04/18/2014 17.25.00,Strada Urbana,in corrispondenza,del civico n.,Scontro frontale/laterale SX fra veicoli in marcia,Una carreggiata a doppio senso,Asciutto,Asfaltata,Orizzontale,Sereno,Scarso,Buona,Ore Diurne,1,0,0,1,NA,138
15,04/18/2014 17.30.00,Strada Urbana,in prossimità,del civico n.,Scontro laterale fra veicoli in marcia,Due carreggiate,Asciutto,Asfaltata,Orizzontale,Sereno,Intenso,Buona,Ore Diurne,0,0,0,3,NA,180
9,04/18/2014 17.30.00,Strada Urbana,in prossimità,del civico n.,Tamponamento Multiplo,Una carreggiata a doppio senso,Asciutto,Asfaltata,Verticale ed orizzontale,Sereno,Normale,Buona,Ore Diurne,0,0,0,4,NA,52
19,04/18/2014 17.30.00,Strada Urbana,all'intersezione con,VIA BASALUZZO,Scontro frontale fra veicoli in marcia,Una carreggiata a doppio senso,Asciutto,Asfaltata,Assente,Sereno,Normale,Buona,Ore Diurne,2,0,0,1,NA,NA
19,04/18/2014 17.45.00,Strada Urbana,in prossimità,del civico n.,Scontro frontale/laterale SX fra veicoli in marcia,Una carreggiata a senso unico di marcia,Asciutto,Asfaltata,Assente,Sereno,Scarso,Buona,Ore Diurne,0,0,0,2,NA,28
7,04/18/2014 17.45.00,Strada Urbana,all'intersezione con,VIA DAMETA,Scontro laterale fra veicoli in marcia,Una carreggiata a senso unico di marcia,Asciutto,Asfaltata,Verticale ed orizzontale,Sereno,Normale,Buona,Ore Diurne,0,0,0,2,NA,NA
12,04/18/2014 18.10.00,Provinciale,da specificare,NA,Scontro laterale fra veicoli in marcia,Una carreggiata a senso unico di marcia,Asciutto,Asfaltata,Verticale ed orizzontale,Sereno,Normale,Buona,Ore Diurne,0,0,0,4,rotatoria con VIA LAURENTINA,NA
13,04/18/2014 19.00.00,Strada Urbana,all'intersezione con,VIA DELLA MARTINICA,Scontro frontale/laterale SX fra veicoli in marcia,Una carreggiata a doppio senso,Asciutto,Asfaltata,Verticale,Sereno,Normale,Buona,Ore Diurne,1,0,0,2,NA,NA
16,04/18/2014 19.00.00,Strada Urbana,in prossimità,del civico n.,Tamponamento Multiplo,Una carreggiata a doppio senso,Asciutto,Asfaltata,Verticale ed orizzontale,Sereno,Normale,Buona,Ore Diurne,0,0,0,5,NA,240
20,04/18/2014 19.20.00,Strada Urbana,da specificare,NA,Tamponamento,Due carreggiate,Asciutto,Asfaltata,Orizzontale,Sereno,Intenso,Buona,Ore Diurne,0,0,0,4,prossimità VIA PECCHIO,NA
10,04/18/2014 20.45.00,Strada Urbana,all'intersezione con,VIA TARQUINIO COLLATINO,Scontro frontale/laterale SX fra veicoli in marcia,Più di due carreggiate,Asciutto,Asfaltata,Verticale ed orizzontale,Sereno,Scarso,Sufficiente,Sufficiente,3,0,0,1,NA,NA
5,04/18/2014 20.50.00,Strada Urbana,in prossimità,del civico n.,Scontro laterale fra veicoli in marcia,Due carreggiate,Asciutto,Asfaltata,Orizzontale,Sereno,Scarso,Sufficiente,Sufficiente,0,0,0,2,NA,638
4,04/18/2014 21.10.00,Statale entro l'abitato,in prossimità,della chilometrica,Tamponamento,Una carreggiata a doppio senso,Asciutto,Asfaltata,Verticale ed orizzontale,Sereno,Scarso,Sufficiente,Insufficiente,3,0,0,0,NA,20.1
12,04/18/2014 21.30.00,Strada Urbana,da specificare,NA,Veicolo in marcia contro ostacolo fisso,Una carreggiata a doppio senso,Asciutto,Asfaltata,Verticale ed orizzontale,Sereno,Scarso,Insufficiente,Inesistente,0,0,0,1,"snc, prox laterale Via C. Colombo direzione Roma",NA
2,04/18/2014 22.10.00,Strada Urbana,da specificare,NA,Scontro laterale fra veicoli in marcia,Due carreggiate,Asciutto,Asfaltata,Verticale ed orizzontale,Sereno,Normale,Sufficiente,Sufficiente,1,0,0,1,svincolo Salaria,NA
4,04/18/2014 22.45.00,Strada Urbana,in corrispondenza,del civico n.,Tamponamento,Una carreggiata a senso unico di marcia,Asciutto,Asfaltata,Verticale ed orizzontale,Sereno,Scarso,Buona,Sufficiente,0,0,0,6,NA,16
5,04/18/2014 22.50.00,Strada Urbana,in corrispondenza,del civico n.,Veicolo in marcia contro veicolo in sosta,Una carreggiata a doppio senso,Asciutto,Asfaltata,Assente,Sereno,Scarso,Sufficiente,Sufficiente,0,0,0,1,NA,46
18,04/18/2014 23.25.00,Strada Urbana,in corrispondenza,del civico n.,Scontro laterale fra veicoli in marcia,Due carreggiate,Asciutto,Asfaltata,Verticale ed orizzontale,Sereno,Normale,Buona,Sufficiente,0,0,0,4,NA,7
16,04/18/2014 23.40.00,Strada Urbana,in prossimità,del civico n.,Scontro laterale fra veicoli in marcia,Una carreggiata a doppio senso,Asciutto,Asfaltata,Assente,Sereno,Scarso,Buona,Sufficiente,0,0,0,2,NA,152
7,04/18/2014 23.40.00,Strada Urbana,in prossimità,del civico n.,Tamponamento,Due carreggiate,Asciutto,Asfaltata,Orizzontale,Sereno,Scarso,Sufficiente,Sufficiente,0,0,0,4,NA,865
5,04/18/2014 23.50.00,Strada Urbana,in corrispondenza,del civico n.,Tamponamento,Due carreggiate,Asciutto,Asfaltata,Verticale ed orizzontale,Sereno,Scarso,Buona,Sufficiente,0,0,0,2,NA,719
6,04/19/2014 02.00.00,Strada Urbana,all'intersezione semaforizzata con,VIA FEDERICO DELPINO,Scontro frontale/laterale DX fra veicoli in marcia,Due carreggiate,Asciutto,Asfaltata,Verticale ed orizzontale,Sereno,Scarso,Buona,Sufficiente,0,0,0,3,NA,NA
8,04/19/2014 02.45.00,Strada Urbana,in corrispondenza,del civico n.,Veicolo in marcia contro ostacolo fisso,Una carreggiata a doppio senso,Asciutto,Asfaltata,Verticale ed orizzontale,Sereno,Scarso,Sufficiente,Sufficiente,0,0,0,0,NA,49
13,04/19/2014 03.00.00,Strada Urbana,in corrispondenza,del civico n.,Veicolo in marcia contro veicoli in sosta,Una carreggiata a doppio senso,Asciutto,Asfaltata,Orizzontale,Nuvoloso,Normale,Buona,Sufficiente,1,0,0,0,NA,58
9,04/19/2014 03.00.00,Strada Urbana,all'intersezione con,VIA S. CASTULO,Scontro frontale/laterale SX fra veicoli in marcia,Una carreggiata a doppio senso,Asciutto,Asfaltata,Orizzontale,Sereno,Scarso,Sufficiente,Sufficiente,1,0,0,2,NA,NA
12,04/19/2014 03.45.00,Strada Urbana,in prossimità,del civico n.,Veicolo in marcia contro veicolo in sosta,Una carreggiata a doppio senso,Asciutto,Asfaltata,Verticale ed orizzontale,Sereno,Scarso,Buona,Sufficiente,0,0,0,1,NA,305
1,04/19/2014 04.10.00,Strada Urbana,all'intersezione semaforizzata con,LUNGOTEVERE TESTACCIO,Scontro frontale/laterale SX fra veicoli in marcia,Due carreggiate,Asciutto,Asfaltata,Verticale ed orizzontale,Nuvoloso,Scarso,Buona,Sufficiente,3,0,0,1,NA,NA
16,04/19/2014 06.45.00,NA,in prossimità,del palo luce n.,Ribaltamento senza urto contro ostacolo fisso,NA,NA,NA,NA,NA,NA,NA,NA,0,0,0,1,NA,118
19,04/19/2014 06.45.00,Strada Urbana,in prossimità,del civico n.,Veicolo in marcia contro veicolo in sosta,Una carreggiata a senso unico di marcia,Asciutto,Asfaltata,Orizzontale,Nuvoloso,Normale,Sufficiente,Ore Diurne,0,0,0,0,NA,2
19,04/19/2014 07.30.00,Strada Urbana,all'intersezione con,VIA LIMBIATE,Scontro frontale fra veicoli in marcia,Una carreggiata a doppio senso,Bagnato (umidità in atto),Asfaltata,Assente,Nuvoloso,Normale,Buona,Ore Diurne,0,0,0,3,NA,NA
8,04/19/2014 07.30.00,Strada Urbana,in prossimità,del civico n.,Scontro laterale fra veicoli in marcia,Una carreggiata a doppio senso,Asciutto,Asfaltata,Verticale,Nuvoloso,Normale,Buona,Ore Diurne,0,0,0,2,NA,119
9,04/19/2014 08.20.00,Strada Urbana,all'intersezione con,VIA RAFFAELE DE CESARE,Scontro frontale/laterale DX fra veicoli in marcia,Una carreggiata a doppio senso,Asciutto,Asfaltata,Verticale ed orizzontale,Nuvoloso,Normale,Buona,Ore Diurne,0,0,0,2,NA,NA
5,04/19/2014 08.30.00,Strada Urbana,da specificare,NA,Scontro laterale fra veicoli in marcia,Una carreggiata a doppio senso,Bagnato (pioggia),Asfaltata,Verticale ed orizzontale,Pioggia in atto,Scarso,Sufficiente,Ore Diurne,0,0,0,2,100 mt prima cavalcavia su A24,NA
5,04/19/2014 08.30.00,Strada Urbana,da specificare,NA,Veicolo in marcia contro ostacolo fisso,Una carreggiata a senso unico di marcia,Bagnato (pioggia),Asfaltata,Verticale ed orizzontale,Nuvoloso,Scarso,Sufficiente,Ore Diurne,1,0,0,0,alt. Ponte Mammolo invers. marcia da dir. G.R.A.,NA
5,04/19/2014 08.55.00,Strada Urbana,all'intersezione con,VIA LUIGI CESANA,Scontro frontale/laterale SX fra veicoli in marcia,Una carreggiata a doppio senso,Bagnato (pioggia),Asfaltata,Verticale ed orizzontale,Nuvoloso,Scarso,Sufficiente,Ore Diurne,0,0,0,3,NA,NA
20,04/19/2014 08.55.00,Strada Urbana,all'intersezione con,VIA DELLA CRESCENZA,Scontro frontale/laterale SX fra veicoli in marcia,Una carreggiata a doppio senso,Bagnato (pioggia),Asfaltata,Verticale ed orizzontale,Pioggia in atto,Scarso,Buona,Ore Diurne,0,0,0,2,NA,NA
8,04/19/2014 09.30.00,Strada Urbana,in prossimità,del civico n.,Veicolo in marcia contro veicolo fermo,Una carreggiata a senso unico alternato,Asciutto,Asfaltata,Assente,Nuvoloso,Scarso,Buona,Ore Diurne,0,0,0,2,NA,1
2,04/19/2014 09.30.00,Strada Urbana,in corrispondenza,del civico n.,Veicolo in marcia contro veicolo fermo,Una carreggiata a doppio senso,Bagnato (pioggia),Asfaltata,Verticale ed orizzontale,Pioggia in atto,Scarso,Buona,Ore Diurne,0,0,0,2,NA,133
18,04/19/2014 09.45.00,Strada Urbana,in prossimità,del civico n.,Ribaltamento senza urto contro ostacolo fisso,Una carreggiata a doppio senso,Bagnato (pioggia),Asfaltata,Verticale ed orizzontale,Pioggia in atto,Normale,Sufficiente,Ore Diurne,1,0,0,0,NA,971
13,04/19/2014 10.00.00,Strada Urbana,in corrispondenza,della chilometrica,Veicolo in marcia contro ostacolo accidentale,Una carreggiata a doppio senso,Bagnato (pioggia),Asfaltata,Verticale ed orizzontale,Pioggia in atto,Normale,Buona,Ore Diurne,1,0,0,0,NA,25.7
18,04/19/2014 10.10.00,Strada Urbana,in prossimità,del civico n.,Veicolo in marcia contro veicolo fermo,Due carreggiate,Bagnato (pioggia),Asfaltata,Verticale ed orizzontale,Pioggia in atto,Normale,Buona,Ore Diurne,0,0,0,2,NA,230
13,04/19/2014 10.15.00,Strada Urbana,all'intersezione con,VIA GINO BONICHI,Scontro frontale/laterale DX fra veicoli in marcia,Una carreggiata a doppio senso,Bagnato (pioggia),Asfaltata,Verticale ed orizzontale,Pioggia in atto,Scarso,Buona,Ore Diurne,1,0,0,4,NA,NA
15,04/19/2014 10.40.00,Comunale extraurbana,in prossimità,del palo luce n.,Scontro frontale/laterale SX fra veicoli in marcia,Una carreggiata a doppio senso,Bagnato (pioggia),Asfaltata,Temporanea di cantiere,Pioggia in atto,Scarso,Buona,Ore Diurne,4,0,0,0,NA,164
6,04/19/2014 10.50.00,Strada Urbana,da specificare,NA,Scontro frontale/laterale SX fra veicoli in marcia,Una carreggiata a doppio senso,Bagnato (pioggia),Asfaltata,Verticale,Pioggia in atto,Normale,Buona,Ore Diurne,0,0,0,2,fronte civico 38,NA
9,04/19/2014 11.15.00,Strada Urbana,all'intersezione con,VIA RAFFAELE DE CESARE,Scontro laterale fra veicoli in marcia,Due carreggiate,Asciutto,Asfaltata,Verticale ed orizzontale,Nuvoloso,Normale,Buona,Ore Diurne,0,0,0,2,NA,NA
20,04/19/2014 11.20.00,Strada Urbana,da specificare,NA,Scontro frontale/laterale SX fra veicoli in marcia,Una carreggiata a doppio senso,Bagnato (pioggia),Asfaltata,Orizzontale,Pioggia in atto,Normale,Buona,Ore Diurne,1,0,0,1,prossimità ponte milvio (distrib. total),NA
12,04/19/2014 11.30.00,Strada Urbana,in corrispondenza,del civico n.,Tamponamento Multiplo,Una carreggiata a doppio senso,Bagnato (pioggia),Asfaltata,Verticale ed orizzontale,Pioggia in atto,Normale,Buona,Ore Diurne,0,0,0,3,NA,180
10,04/19/2014 11.30.00,Statale entro l'abitato,in prossimità,del civico n.,Veicolo in marcia contro veicoli in sosta,Due carreggiate,Bagnato (umidità in atto),Asfaltata,Verticale ed orizzontale,Nuvoloso,Normale,Buona,Ore Diurne,0,0,0,0,NA,933
13,04/19/2014 11.45.00,Strada Urbana,in corrispondenza,del civico n.,Veicolo in marcia contro ostacolo accidentale,Una carreggiata a doppio senso,Bagnato (pioggia),Asfaltata,Verticale ed orizzontale,Pioggia in atto,Normale,Buona,Ore Diurne,0,0,0,4,NA,35
3,04/19/2014 11.45.00,Strada Urbana,da specificare,NA,Scontro laterale fra veicoli in marcia,Una carreggiata a senso unico di marcia,Bagnato (pioggia),Asfaltata,Verticale ed orizzontale,Pioggia in atto,Scarso,Buona,Ore Diurne,0,0,0,2,prossimità altezza civico 4,NA
1,04/19/2014 11.50.00,Strada Urbana,in prossimità,del civico n.,Tamponamento,Una carreggiata a doppio senso,Bagnato (pioggia),Asfaltata,Orizzontale,Pioggia in atto,Scarso,Buona,Ore Diurne,1,0,0,1,NA,44
7,04/19/2014 12.00.00,Strada Urbana,in corrispondenza,del civico n.,Investimento di pedone,Una carreggiata a doppio senso,Bagnato (pioggia),Asfaltata,Verticale ed orizzontale,Nuvoloso,Normale,Buona,Ore Diurne,1,0,0,1,NA,506
5,04/19/2014 12.05.00,Strada Urbana,all'intersezione con,VIA ARSOLI,Scontro frontale/laterale DX fra veicoli in marcia,Una carreggiata a senso unico di marcia,Bagnato (pioggia),Asfaltata,Verticale,Pioggia in atto,Normale,Buona,Ore Diurne,0,0,0,2,NA,NA
11,04/19/2014 12.30.00,Strada Urbana,in prossimità,del palo luce n.,Tamponamento Multiplo,Più di due carreggiate,Bagnato (pioggia),Asfaltata,Orizzontale,Pioggia in atto,Normale,Buona,Ore Diurne,0,0,0,3,NA,64
13,04/19/2014 12.40.00,Strada Urbana,all'intersezione con,VIA DI MACCHIA SAPONARA,Tamponamento,Una carreggiata a doppio senso,Asciutto,Asfaltata,Verticale ed orizzontale,Nuvoloso,Normale,Buona,Ore Diurne,0,0,0,3,NA,NA
15,04/19/2014 12.45.00,Altra strada,all'intersezione con,VIA PAOLO TRIULZI,Scontro laterale fra veicoli in marcia,Una carreggiata a doppio senso,Bagnato (pioggia),Asfaltata,Verticale ed orizzontale,Pioggia in atto,Scarso,Buona,Ore Diurne,3,0,0,0,NA,NA
2,04/19/2014 13.20.00,Strada Urbana,da specificare,NA,Scontro laterale fra veicoli in marcia,Una carreggiata a doppio senso,Bagnato (pioggia),Asfaltata,Verticale ed orizzontale,Pioggia in atto,Scarso,Buona,Ore Diurne,0,0,0,4,pross. Lgt. flaminio,NA
18,04/19/2014 13.40.00,Strada Urbana,in prossimità,del civico n.,Scontro laterale fra veicoli in marcia,Due carreggiate,Bagnato (pioggia),Asfaltata,Verticale ed orizzontale,Nuvoloso,Scarso,Buona,Ore Diurne,0,0,0,2,NA,62
1,04/19/2014 14.10.00,Strada Urbana,in prossimità,del civico n.,Infortunio per sola frenata improvvisa,Una carreggiata a doppio senso,Bagnato (pioggia),In cubetti di porfido,Verticale,Pioggia in atto,Scarso,Sufficiente,Ore Diurne,1,0,0,0,NA,200
23,04/19/2014 14.10.00,Comunale extraurbana,all'intersezione semaforizzata con,VIA DI MALAFEDE,Scontro frontale/laterale DX fra veicoli in marcia,Due carreggiate,Bagnato (pioggia),Asfaltata,Verticale ed orizzontale,Pioggia in atto,Normale,Buona,Ore Diurne,0,0,0,2,NA,NA
10,04/19/2014 14.15.00,Statale entro l'abitato,all'intersezione con,VIA DI TORRE SPACCATA,Tamponamento,Due carreggiate,Bagnato (pioggia),Asfaltata,Verticale ed orizzontale,Pioggia in atto,Normale,Sufficiente,Ore Diurne,1,0,0,1,NA,NA
1,04/19/2014 14.20.00,Strada Urbana,in prossimità,del civico n.,Infortunio per sola frenata improvvisa,Una carreggiata a doppio senso,Bagnato (pioggia),Asfaltata,Verticale ed orizzontale,Pioggia in atto,Normale,Buona,Ore Diurne,0,0,0,1,NA,6
8,04/19/2014 14.30.00,Strada Urbana,in prossimità,del civico n.,Scontro frontale/laterale DX fra veicoli in marcia,Una carreggiata a senso unico di marcia,Bagnato (pioggia),Asfaltata,Assente,Pioggia in atto,Scarso,Buona,Ore Diurne,0,0,0,4,NA,91
12,04/19/2014 15.00.00,Regionale,da specificare,NA,Fuoriuscita dalla sede stradale,Due carreggiate,Bagnato (pioggia),Asfaltata,Verticale ed orizzontale,Pioggia in atto,Normale,Buona,Ore Diurne,1,0,0,1,PROX. KM 17.000 DIREZIONE POMEZIA,NA
8,04/19/2014 15.20.00,Comunale extraurbana,in corrispondenza,del civico n.,Fuoriuscita dalla sede stradale,Una carreggiata a doppio senso,Bagnato (pioggia),Asfaltata,Verticale ed orizzontale,Pioggia in atto,Scarso,Buona,Ore Diurne,0,0,0,4,NA,141
12,04/19/2014 15.30.00,Regionale,in prossimità,della chilometrica,Tamponamento,Una carreggiata a senso unico di marcia,Bagnato (pioggia),Asfaltata,Orizzontale,Pioggia in atto,Normale,Buona,Ore Diurne,0,0,0,2,NA,16.2
8,04/19/2014 15.35.00,Strada Urbana,in prossimità,del palo luce n.,Ribaltamento senza urto contro ostacolo fisso,Due carreggiate,Bagnato (pioggia),Asfaltata,Verticale ed orizzontale,Pioggia in atto,Normale,Buona,Ore Diurne,1,0,0,0,NA,10
15,04/19/2014 15.40.00,Strada Urbana,da specificare,NA,Veicolo in marcia contro ostacolo fisso,Una carreggiata a doppio senso,Bagnato (pioggia),Asfaltata,Orizzontale,Nuvoloso,Scarso,Buona,Ore Diurne,0,0,0,1,fronte  Via Castel Malnome,NA
15,04/19/2014 15.44.00,Strada Urbana,all'intersezione con,VIA DI CASTEL MALNOME,Scontro frontale/laterale SX fra veicoli in marcia,Una carreggiata a doppio senso,Bagnato (pioggia),Asfaltata,Orizzontale,Nuvoloso,Normale,Buona,Ore Diurne,0,0,0,3,NA,NA
15,04/19/2014 15.45.00,Comunale extraurbana,all'intersezione con,VIA DI CASTEL MALNOME,Scontro frontale/laterale SX fra veicoli in marcia,Una carreggiata a doppio senso,Bagnato (pioggia),Asfaltata,Orizzontale,Nuvoloso,Scarso,Buona,Ore Diurne,0,0,0,3,NA,NA
8,04/19/2014 15.45.00,Comunale extraurbana,in prossimità,del palo luce n.,Fuoriuscita dalla sede stradale,Una carreggiata a doppio senso,Bagnato (umidità in atto),Asfaltata,Verticale ed orizzontale,Nuvoloso,Scarso,Buona,Ore Diurne,2,0,0,0,NA,336
6,04/19/2014 16.00.00,Strada Urbana,all'intersezione semaforizzata con,VIA DI PORTONACCIO,Scontro frontale/laterale SX fra veicoli in marcia,Più di due carreggiate,Asciutto,Asfaltata,Verticale ed orizzontale,Sereno,Normale,Buona,Ore Diurne,0,0,0,4,NA,NA
8,04/19/2014 16.00.00,Strada Urbana,all'intersezione con,VIA CELESTINO ROSATELLI,Scontro frontale fra veicoli in marcia,Una carreggiata a senso unico alternato,Bagnato (pioggia),Asfaltata,Verticale ed orizzontale,Pioggia in atto,Normale,Buona,Ore Diurne,0,0,0,2,NA,NA
18,04/19/2014 16.30.00,Strada Urbana,da specificare,NA,Veicolo in marcia contro ostacolo fisso,Una carreggiata a senso unico di marcia,Bagnato (pioggia),Asfaltata,Verticale ed orizzontale,Nuvoloso,Normale,Buona,Ore Diurne,0,0,0,2,altezza rotatoria sottocavalcavia GRA,NA
18,04/19/2014 16.35.00,Strada Urbana,in prossimità,del civico n.,Scontro laterale fra veicoli in marcia,Due carreggiate,Bagnato (pioggia),Asfaltata,Verticale ed orizzontale,Nuvoloso,Normale,Buona,Ore Diurne,0,0,0,6,NA,62
11,04/19/2014 16.40.00,Strada Urbana,all'intersezione semaforizzata con,VIA ARISTIDE LEONORI,Tamponamento,Più di due carreggiate,Bagnato (pioggia),Asfaltata,Verticale ed orizzontale,Pioggia in atto,Scarso,Buona,Ore Diurne,0,0,0,4,NA,NA
6,04/19/2014 17.15.00,Strada Urbana,all'intersezione con,VIA ANACAPRI,Scontro frontale/laterale DX fra veicoli in marcia,Due carreggiate,Asciutto,Asfaltata,Orizzontale,Nuvoloso,Scarso,Buona,Ore Diurne,1,0,0,2,NA,NA
9,04/19/2014 17.40.00,Strada Urbana,in prossimità,del civico n.,Veicolo in marcia contro veicolo in sosta,Una carreggiata a senso unico di marcia,Bagnato (pioggia),Asfaltata,Verticale,Nuvoloso,Normale,Buona,Ore Diurne,0,0,0,3,NA,32A
8,04/19/2014 17.45.00,Strada Urbana,in prossimità,del civico n.,Investimento di pedone,Due carreggiate,Asciutto,Asfaltata,Verticale ed orizzontale,Sereno,Intenso,Buona,Ore Diurne,1,0,0,2,NA,469
13,04/19/2014 17.50.00,Strada Urbana,in corrispondenza,del civico n.,Tamponamento,Una carreggiata a doppio senso,Bagnato (pioggia),Asfaltata,Verticale ed orizzontale,Pioggia in atto,Normale,Buona,Ore Diurne,0,0,0,4,NA,107
17,04/19/2014 18.00.00,Strada Urbana,in prossimità,del civico n.,Scontro laterale fra veicoli in marcia,Una carreggiata a senso unico di marcia,Bagnato (pioggia),Asfaltata,Verticale ed orizzontale,Nuvoloso,Scarso,Buona,Ore Diurne,0,0,0,3,NA,13
19,04/19/2014 18.15.00,Strada Urbana,in prossimità,del civico n.,Veicolo in marcia contro veicolo in sosta,Una carreggiata a senso unico di marcia,Bagnato (pioggia),Asfaltata,Orizzontale,Nuvoloso,Normale,Buona,Ore Diurne,0,0,0,3,NA,8590
5,04/19/2014 18.30.00,Strada Urbana,da specificare,NA,Tamponamento,Due carreggiate,Bagnato (pioggia),Asfaltata,Verticale ed orizzontale,Nuvoloso,Scarso,Buona,Ore Diurne,0,0,0,5,prossimità v.le E. Franceschini,NA
10,04/19/2014 18.30.00,Strada Urbana,in prossimità,del civico n.,Tamponamento Multiplo,Una carreggiata a doppio senso,Bagnato (pioggia),Asfaltata,Verticale ed orizzontale,Pioggia in atto,Intenso,Buona,Ore Diurne,2,0,0,3,NA,66
15,04/19/2014 18.55.00,Strada Urbana,all'intersezione semaforizzata con,VIA ALESSANDRO CRUTO,Veicolo in marcia contro veicolo fermo,Una carreggiata a doppio senso,Bagnato (umidità in atto),Asfaltata,Verticale ed orizzontale,Nuvoloso,Normale,Buona,Ore Diurne,0,0,0,3,NA,NA
12,04/19/2014 19.10.00,Strada Urbana,da specificare,NA,Scontro frontale/laterale SX fra veicoli in marcia,Due carreggiate,Bagnato (umidità in atto),Asfaltata,Verticale ed orizzontale,Nuvoloso,Scarso,Sufficiente,Sufficiente,0,0,0,2,dir. G.R.A. altezza Via del Cappellaccio,NA