Gruppo,DataOraIncidente,Localizzazione1,Localizzazione2,Strada02,NaturaIncidente,TipoStrada,FondoStradale,Pavimentazione,Segnaletica,CondizioneAtmosferica,Traffico,Visibilita,Illuminazione,NUM_FERITI,NUM_RISERVATA,NUM_MORTI,NUM_ILLESI,DaSpecificare,Chilometrica
2,04/24/2014 15.40.00,Strada Urbana,in prossimità,del palo luce n.,Tamponamento Multiplo,Due carreggiate,Asciutto,Asfaltata,Verticale ed orizzontale,Sereno,Normale,Buona,Ore Diurne,0,0,0,5,NA,301
7,04/24/2014 15.50.00,Strada Urbana,in prossimità,del civico n.,Scontro laterale fra veicoli in marcia,Una carreggiata a senso unico di marcia,Asciutto,Asfaltata,Assente,Sereno,Scarso,Buona,Ore Diurne,0,0,0,4,NA,26
10,04/24/2014 16.10.00,Strada Urbana,all'intersezione con,VIA OPPIDO MAMERTINA,Scontro frontale/laterale DX fra veicoli in marcia,Una carreggiata a senso unico di marcia,Asciutto,Asfaltata,Verticale,Sereno,Scarso,Buona,Ore Diurne,0,0,0,3,NA,NA
13,04/24/2014 16.35.00,Strada Urbana,all'intersezione con,VIA DELLE CAROLINE,Scontro frontale/laterale DX fra veicoli in marcia,Una carreggiata a doppio senso,Asciutto,Asfaltata,Verticale ed orizzontale,Sereno,Normale,Buona,Ore Diurne,1,0,0,3,NA,NA
12,04/24/2014 16.40.00,Strada Urbana,in prossimità,del civico n.,Tamponamento,Una carreggiata a senso unico di marcia,Asciutto,Asfaltata,Verticale ed orizzontale,Sereno,Normale,Buona,Ore Diurne,1,0,0,4,NA,286
11,04/24/2014 16.50.00,Strada Urbana,in corrispondenza,del civico n.,Scontro frontale/laterale DX fra veicoli in marcia,Una carreggiata a doppio senso,Asciutto,Asfaltata,Verticale ed orizzontale,Sereno,Normale,Buona,Ore Diurne,1,0,0,1,NA,132
1,04/24/2014 16.58.00,Strada Urbana,all'intersezione con,VIA GIOSUE' CARDUCCI,Veicolo in marcia contro veicolo in sosta,Una carreggiata a senso unico di marcia,Asciutto,In cubetti di porfido,Verticale ed orizzontale,Sereno,Normale,Buona,Ore Diurne,0,0,0,1,NA,NA
13,04/24/2014 17.00.00,NA,in prossimità,del civico n.,Scontro laterale fra veicoli in marcia,NA,NA,NA,NA,NA,NA,NA,NA,0,0,0,3,NA,18
18,04/24/2014 17.00.00,Strada Urbana,in corrispondenza,del civico n.,Scontro laterale fra veicoli in marcia,Una carreggiata a doppio senso,Asciutto,Asfaltata,Orizzontale,Sereno,Scarso,Buona,Ore Diurne,0,0,0,2,NA,200
1,04/24/2014 17.20.00,Strada Urbana,in prossimità,del civico n.,Infortunio per caduta del veicolo,Una carreggiata a doppio senso,Asciutto,Asfaltata,Verticale ed orizzontale,Sereno,Normale,Buona,Ore Diurne,1,0,0,0,NA,55
15,04/24/2014 17.25.00,Strada Urbana,in prossimità,del civico n.,Scontro frontale/laterale SX fra veicoli in marcia,Due carreggiate,Asciutto,Asfaltata,Verticale ed orizzontale,Sereno,Intenso,Buona,Ore Diurne,1,0,0,3,NA,424
9,04/24/2014 17.40.00,Strada Urbana,all'intersezione con,VIA POMEZIA,Scontro frontale/laterale SX fra veicoli in marcia,Una carreggiata a doppio senso,Asciutto,Asfaltata,Verticale ed orizzontale,Sereno,Normale,Buona,Ore Diurne,1,0,0,1,NA,NA
17,04/24/2014 17.45.00,Strada Urbana,all'intersezione semaforizzata con,VIA DAMIATA,Scontro laterale fra veicoli in marcia,Più di due carreggiate,Asciutto,Asfaltata,Verticale ed orizzontale,Sereno,Normale,Buona,Ore Diurne,0,0,0,4,NA,NA
19,04/24/2014 17.55.00,Strada Urbana,all'intersezione con,VIALE ANTONIO GANDIN,Scontro frontale/laterale DX fra veicoli in marcia,Una carreggiata a doppio senso,Asciutto,Asfaltata,Verticale,Sereno,Normale,Buona,Ore Diurne,2,0,0,1,NA,NA
13,04/24/2014 18.00.00,Strada Urbana,in prossimità,del civico n.,Scontro frontale/laterale SX fra veicoli in marcia,Una carreggiata a doppio senso,Asciutto,Asfaltata,Assente,Sereno,Scarso,Sufficiente,Ore Diurne,1,0,0,2,NA,61
20,04/24/2014 18.10.00,Strada Urbana,da specificare,NA,Scontro laterale fra veicoli in marcia,Una carreggiata a senso unico di marcia,Asciutto,Asfaltata,Verticale ed orizzontale,Sereno,Normale,Buona,Ore Diurne,1,0,0,2,DIREZIONE PINETA SACCHETTI PROSSIMITA' USCITA,NA
13,04/24/2014 18.15.00,Strada Urbana,in prossimità,del civico n.,Scontro frontale fra veicoli in marcia,Una carreggiata a doppio senso,Asciutto,Asfaltata,Orizzontale,Nuvoloso,Normale,Buona,Ore Diurne,3,0,0,0,NA,63
16,04/24/2014 18.45.00,Strada Urbana,all'intersezione con,VIA GIUSEPPE REVERE,Investimento di pedone,Una carreggiata a senso unico di marcia,Asciutto,Asfaltata,Assente,Sereno,Scarso,Buona,Ore Diurne,1,0,0,1,NA,NA
8,04/24/2014 18.45.00,Strada Urbana,in prossimità,del civico n.,Veicolo in marcia contro ostacolo accidentale,Una carreggiata a doppio senso,Asciutto,Asfaltata,Assente,Sereno,Scarso,Buona,Ore Diurne,0,0,0,1,NA,13
18,04/24/2014 18.45.00,Strada Urbana,in prossimità,del civico n.,Scontro laterale fra veicoli in marcia,Più di due carreggiate,Asciutto,Asfaltata,Verticale ed orizzontale,Sereno,Normale,Buona,Ore Diurne,0,0,0,3,NA,55
1,04/24/2014 18.45.00,Strada Urbana,all'intersezione con,VIA DELLA VITE,Scontro frontale/laterale SX fra veicoli in marcia,Una carreggiata a senso unico di marcia,Asciutto,In cubetti di porfido,Assente,Sereno,Normale,Sufficiente,Ore Diurne,0,0,0,2,NA,NA
20,04/24/2014 19.00.00,Regionale,da specificare,NA,Veicolo in marcia contro ostacolo accidentale,Una carreggiata a senso unico di marcia,Asciutto,Asfaltata,Verticale ed orizzontale,Sereno,Normale,Insufficiente,Ore Diurne,0,0,0,4,dir. Riano nel tratto dalla stz. Montebello km 15,NA
4,04/24/2014 19.10.00,Strada Urbana,in prossimità,del civico n.,Infortunio per sola frenata improvvisa,Una carreggiata a senso unico di marcia,Asciutto,Asfaltata,Verticale ed orizzontale,Sereno,Normale,Buona,Ore Diurne,0,0,0,1,NA,384
18,04/24/2014 19.55.00,Strada Urbana,in prossimità,del civico n.,Scontro frontale/laterale SX fra veicoli in marcia,Una carreggiata a doppio senso,Asciutto,Asfaltata,Verticale ed orizzontale,Sereno,Normale,Buona,Sufficiente,1,0,0,1,NA,36
17,04/24/2014 19.55.00,Strada Urbana,all'intersezione semaforizzata con,CIRCONVALLAZIONE CLODIA,Scontro laterale fra veicoli in marcia,Una carreggiata a senso unico di marcia,Asciutto,Asfaltata,Verticale ed orizzontale,Sereno,Intenso,Sufficiente,Sufficiente,1,0,0,1,NA,NA
7,04/24/2014 20.00.00,Strada Urbana,da specificare,NA,Tamponamento Multiplo,Due carreggiate,Asciutto,Asfaltata,Orizzontale,Nuvoloso,Normale,Sufficiente,Sufficiente,3,0,0,1,altezza palo Acea 347,NA
1,04/24/2014 20.05.00,Strada Urbana,in corrispondenza,del civico n.,Veicolo in marcia contro ostacolo fisso,Una carreggiata a doppio senso,Asciutto,Asfaltata,Verticale,Sereno,Scarso,Buona,Sufficiente,0,0,0,1,NA,1
20,04/24/2014 21.50.00,Strada Urbana,da specificare,NA,Scontro laterale fra veicoli in marcia,Una carreggiata a doppio senso,Asciutto,Asfaltata,Verticale ed orizzontale,Sereno,Normale,Sufficiente,Inesistente,0,0,0,3,inizio pista ciclabile fronte Circolo Rai,NA
4,04/24/2014 23.00.00,Strada Urbana,in prossimità,del civico n.,Veicolo in marcia contro veicoli in sosta,Una carreggiata a doppio senso,Asciutto,Asfaltata,Verticale ed orizzontale,Sereno,Normale,Buona,Sufficiente,0,0,0,1,NA,212
3,04/24/2014 23.15.00,Strada Urbana,da specificare,NA,Scontro frontale fra veicoli in marcia,Una carreggiata a senso unico di marcia,Asciutto,In cubetti di porfido,Verticale ed orizzontale,Sereno,Scarso,Buona,Sufficiente,0,0,0,3,fronte civ. 24,NA
17,04/24/2014 23.20.00,Strada Urbana,all'intersezione con,VIA DEGLI SCIPIONI,Scontro frontale/laterale DX fra veicoli in marcia,Una carreggiata a doppio senso,Asciutto,Asfaltata,Verticale ed orizzontale,Sereno,Scarso,Buona,Sufficiente,0,0,0,2,NA,NA
16,04/24/2014 23.50.00,Strada Urbana,all'intersezione con,VIALE DELLE MURA GIANICOLENSI,Scontro frontale/laterale SX fra veicoli in marcia,Una carreggiata a doppio senso,Asciutto,Asfaltata,Verticale,Sereno,Scarso,Sufficiente,Sufficiente,0,0,0,4,NA,NA
15,04/24/2014 23.50.00,Strada Urbana,all'intersezione con,VIALE DI VIGNA PIA,Scontro frontale/laterale SX fra veicoli in marcia,Una carreggiata a senso unico di marcia,Asciutto,Asfaltata,Verticale ed orizzontale,Sereno,Scarso,Buona,Sufficiente,2,0,0,1,NA,NA
1,04/25/2014 00.30.00,Strada Urbana,all'intersezione con,VIA VICENZA,Scontro frontale/laterale DX fra veicoli in marcia,Una carreggiata a senso unico di marcia,Asciutto,Asfaltata,Verticale ed orizzontale,Sereno,Scarso,Sufficiente,Sufficiente,1,0,0,1,NA,NA
5,04/25/2014 01.45.00,Strada Urbana,in prossimità,del civico n.,Veicolo in marcia contro ostacolo fisso,Una carreggiata a doppio senso,Asciutto,Asfaltata,Temporanea di cantiere,Sereno,Scarso,Sufficiente,Sufficiente,0,0,0,1,NA,1202
20,04/25/2014 02.30.00,Strada Urbana,da specificare,NA,Veicolo in marcia contro ostacolo fisso,Una carreggiata a senso unico di marcia,Asciutto,Asfaltata,Verticale ed orizzontale,Sereno,Scarso,Buona,Sufficiente,0,0,0,1,prossimità uscita Pineta Sacchetti,NA
12,04/25/2014 04.40.00,Strada Urbana,da specificare,NA,Scontro laterale fra veicoli in marcia,Due carreggiate,Asciutto,Asfaltata,Verticale ed orizzontale,Sereno,Scarso,Sufficiente,Sufficiente,0,0,0,4,Pross. V.LE AMERICA dir. G.R.A.,NA
15,04/25/2014 07.25.00,Strada Urbana,in prossimità,del civico n.,Scontro laterale fra veicoli in marcia,Una carreggiata a doppio senso,Asciutto,Asfaltata,Orizzontale,Sereno,Intenso,Buona,Ore Diurne,1,0,0,1,NA,514
16,04/25/2014 08.20.00,NA,all'intersezione con,VIA ROBERTO ALESSANDRI,Veicolo in marcia contro veicolo in sosta,NA,NA,NA,NA,NA,NA,NA,NA,0,0,0,1,NA,NA
1,04/25/2014 08.40.00,Strada Urbana,in prossimità,del civico n.,Veicolo in marcia contro veicolo in sosta,Una carreggiata a senso unico di marcia,Asciutto,Acciotolata,Verticale ed orizzontale,Sereno,Normale,Buona,Ore Diurne,0,0,0,1,NA,68
18,04/25/2014 08.50.00,Strada Urbana,all'intersezione con,VIA ENRICO DE OSSO',Scontro frontale/laterale SX fra veicoli in marcia,Una carreggiata a doppio senso,Asciutto,Asfaltata,Verticale ed orizzontale,Sereno,Scarso,Sufficiente,Ore Diurne,1,0,0,1,NA,NA
1,04/25/2014 10.00.00,Strada Urbana,in prossimità,del civico n.,Veicolo in marcia contro veicolo arresto,Una carreggiata a senso unico di marcia,Asciutto,Asfaltata,Verticale ed orizzontale,Sereno,Scarso,Buona,Ore Diurne,0,0,0,2,NA,140
11,04/25/2014 10.30.00,Strada Urbana,in prossimità,del civico n.,Veicolo in marcia contro veicoli in sosta,Due carreggiate,Asciutto,Asfaltata,Verticale ed orizzontale,Sereno,Normale,Buona,Ore Diurne,0,0,0,3,NA,230
10,04/25/2014 11.00.00,Strada Urbana,all'intersezione semaforizzata con,VIA ERODE ATTICO,Scontro frontale/laterale SX fra veicoli in marcia,Una carreggiata a doppio senso,Asciutto,Asfaltata,Verticale ed orizzontale,Sereno,Normale,Buona,Ore Diurne,0,0,0,2,NA,NA
23,04/25/2014 11.00.00,Comunale extraurbana,in prossimità,della chilometrica,Tamponamento,Più di due carreggiate,Asciutto,Asfaltata,Orizzontale,Sereno,Scarso,Buona,Ore Diurne,1,0,0,2,NA,24.15
16,04/25/2014 11.00.00,Strada Urbana,in corrispondenza,del civico n.,Scontro frontale/laterale DX fra veicoli in marcia,Più di due carreggiate,Asciutto,Asfaltata,Verticale ed orizzontale,Sereno,Normale,Buona,Ore Diurne,2,0,0,0,NA,1307
6,04/25/2014 11.10.00,Strada Urbana,all'intersezione semaforizzata con,LARGO TELESE,Scontro frontale/laterale SX fra veicoli in marcia,Più di due carreggiate,Asciutto,Asfaltata,Verticale ed orizzontale,Sereno,Normale,Buona,Ore Diurne,0,0,1,1,NA,NA
18,04/25/2014 11.45.00,Strada Urbana,in prossimità,del civico n.,Veicolo in marcia contro veicoli in sosta,Una carreggiata a senso unico di marcia,Asciutto,Asfaltata,Verticale ed orizzontale,Sereno,Normale,Sufficiente,Ore Diurne,0,0,0,0,NA,40
15,04/25/2014 12.00.00,Strada Urbana,all'intersezione con,VIA DI GENEROSA,Scontro frontale/laterale SX fra veicoli in marcia,Una carreggiata a doppio senso,Asciutto,Asfaltata,Orizzontale,Sereno,Scarso,Buona,Ore Diurne,0,0,0,2,NA,NA
16,04/25/2014 12.00.00,Strada Urbana,in corrispondenza,del civico n.,Scontro frontale/laterale SX fra veicoli in marcia,Una carreggiata a doppio senso,Asciutto,Asfaltata,Orizzontale,Sereno,Scarso,Buona,Ore Diurne,1,0,0,2,NA,429
3,04/25/2014 12.05.00,Strada Urbana,da specificare,NA,Scontro laterale fra veicoli in marcia,Una carreggiata a senso unico di marcia,Asciutto,Asfaltata,Verticale ed orizzontale,Sereno,Scarso,Buona,Ore Diurne,1,0,0,1,prossimità civ. 55,NA
12,04/25/2014 12.35.00,Strada Urbana,da specificare,NA,Scontro laterale fra veicoli in marcia,Due carreggiate,Asciutto,Asfaltata,Verticale ed orizzontale,Sereno,Scarso,Buona,Ore Diurne,0,0,0,1,fronte civ. 332,NA
10,04/25/2014 13.50.00,Strada Urbana,all'intersezione semaforizzata con,VIALE MARCO FULVIO NOBILIORE,Veicolo in marcia contro veicoli in sosta,Due carreggiate,Asciutto,Asfaltata,Verticale ed orizzontale,Sereno,Normale,Buona,Ore Diurne,0,0,0,5,NA,NA
1,04/25/2014 16.25.00,Strada Urbana,all'intersezione con,LARGO DELLE TERME DI CARACALLA,Tamponamento,Una carreggiata a senso unico di marcia,Asciutto,Asfaltata,Verticale ed orizzontale,Sereno,Scarso,Buona,Ore Diurne,1,0,0,1,NA,NA
5,04/25/2014 16.35.00,Strada Urbana,all'intersezione semaforizzata con,VIA GIOVANNI ZANARDINI,Scontro frontale/laterale DX fra veicoli in marcia,Due carreggiate,Asciutto,Asfaltata,Verticale ed orizzontale,Sereno,Scarso,Buona,Ore Diurne,1,0,0,1,NA,NA
8,04/25/2014 16.45.00,Strada Urbana,in prossimità,del civico n.,Veicolo in marcia contro veicolo in sosta,Una carreggiata a senso unico di marcia,Asciutto,Asfaltata,Assente,Sereno,Scarso,Buona,Ore Diurne,0,0,0,2,NA,150
2,04/25/2014 17.00.00,Altra strada,da specificare,NA,Fuoriuscita dalla sede stradale,Una carreggiata a doppio senso,Asciutto,Asfaltata,Assente,Sereno,Normale,Buona,Ore Diurne,2,0,0,0,INTERNO VILLA BORGHESE,NA
2,04/25/2014 18.00.00,Strada Urbana,all'intersezione semaforizzata con,VIALE SOMALIA,Veicolo in marcia contro ostacolo accidentale,Una carreggiata a doppio senso,Asciutto,Asfaltata,Verticale ed orizzontale,Sereno,Normale,Buona,Ore Diurne,0,0,0,1,NA,NA
12,04/25/2014 18.00.00,Strada Urbana,all'intersezione con,VIA BIZET,Scontro laterale fra veicoli in marcia,Una carreggiata a doppio senso,Asciutto,Asfaltata,Verticale ed orizzontale,Sereno,Scarso,Buona,Ore Diurne,0,0,0,5,NA,NA
9,04/25/2014 18.25.00,Strada Urbana,in prossimità,del civico n.,Scontro laterale fra veicoli in marcia,Due carreggiate,Asciutto,Asfaltata,Verticale,Sereno,Normale,Sufficiente,Sufficiente,0,0,0,1,NA,703
16,04/25/2014 18.30.00,Strada Urbana,in prossimità,del civico n.,Scontro laterale fra veicoli in marcia,Una carreggiata a doppio senso,Asciutto,Asfaltata,Orizzontale,Sereno,Normale,Buona,Ore Diurne,1,0,0,1,NA,240
20,04/25/2014 18.50.00,Strada Urbana,in prossimità,del civico n.,Tamponamento,Una carreggiata a doppio senso,Asciutto,Asfaltata,Verticale ed orizzontale,Sereno,Normale,Sufficiente,Sufficiente,2,0,0,2,NA,39
10,04/25/2014 19.20.00,Provinciale,in prossimità,del civico n.,Tamponamento,Due carreggiate,Asciutto,Asfaltata,Orizzontale,Sereno,Normale,Buona,Ore Diurne,8,0,0,0,NA,171
18,04/25/2014 19.30.00,Strada Urbana,in prossimità,del civico n.,Scontro frontale fra veicoli in marcia,Una carreggiata a doppio senso,Asciutto,Asfaltata,Orizzontale,Sereno,Scarso,Buona,Sufficiente,0,0,0,3,NA,80
19,04/25/2014 19.35.00,Strada Urbana,da specificare,NA,Veicolo in marcia contro ostacolo fisso,Una carreggiata a doppio senso,Asciutto,Asfaltata,Orizzontale,Sereno,Scarso,Buona,Ore Diurne,0,0,1,0,all'altezza L.go C. Sacconi,NA
8,04/25/2014 19.40.00,Strada Urbana,all'intersezione con,VIA PATTI,Veicolo in marcia contro veicolo fermo,Una carreggiata a doppio senso,Asciutto,Asfaltata,Verticale,Sereno,Normale,Buona,Sufficiente,0,0,0,8,NA,NA
9,04/25/2014 20.00.00,Strada Urbana,all'intersezione semaforizzata con,VIA CALTAGIRONE,Scontro laterale fra veicoli in marcia,Due carreggiate,Asciutto,Asfaltata,Verticale ed orizzontale,Nuvoloso,Normale,Buona,Sufficiente,1,0,0,2,NA,NA
16,04/25/2014 20.30.00,Strada Urbana,all'intersezione semaforizzata con,LARGO DON LUIGI GUANELLA,Tamponamento Multiplo,Una carreggiata a doppio senso,Asciutto,Asfaltata,Verticale ed orizzontale,Nuvoloso,Normale,Buona,Sufficiente,1,0,0,4,NA,NA
18,04/25/2014 21.00.00,Strada Urbana,all'intersezione con,VIA GREGORIO XI,Scontro frontale/laterale SX fra veicoli in marcia,Una carreggiata a doppio senso,Asciutto,Asfaltata,Verticale ed orizzontale,Sereno,Scarso,Buona,Sufficiente,2,0,0,4,NA,NA
13,04/25/2014 21.35.00,NA,all'intersezione con,VIA CALLISTO CARAVARIO,Scontro laterale fra veicoli in marcia,NA,NA,NA,NA,NA,NA,NA,NA,0,0,0,8,NA,NA
3,04/25/2014 23.25.00,Strada Urbana,da specificare,NA,Scontro frontale/laterale DX fra veicoli in marcia,Più di due carreggiate,Asciutto,Asfaltata,Verticale ed orizzontale,Sereno,Normale,Sufficiente,Sufficiente,0,0,0,5,altezza di Via dei Sardi,NA
6,04/25/2014 23.55.00,Strada Urbana,all'intersezione semaforizzata con,VIA DI ACQUA BULLICANTE,Scontro frontale/laterale DX fra veicoli in marcia,Una carreggiata a doppio senso,Asciutto,Asfaltata,Verticale ed orizzontale,Sereno,Normale,Buona,Sufficiente,0,0,0,5,NA,NA
20,04/26/2014 00.00.00,Strada Urbana,in prossimità,del palo luce n.,Veicolo in marcia contro ostacolo fisso,Una carreggiata a doppio senso,Asciutto,Asfaltata,Verticale ed orizzontale,Nuvoloso,Scarso,Buona,Ore Diurne,0,0,0,0,NA,59
7,04/26/2014 00.01.00,Strada Urbana,da specificare,NA,Veicolo in marcia contro veicoli in sosta,Una carreggiata a senso unico di marcia,Asciutto,Asfaltata,Orizzontale,Sereno,Normale,Buona,Sufficiente,0,0,0,0,fronte civico 139,NA
8,04/26/2014 00.10.00,Strada Urbana,in corrispondenza,del civico n.,Veicolo in marcia contro veicoli in sosta,Più di due carreggiate,Asciutto,Asfaltata,Verticale ed orizzontale,Sereno,Scarso,Buona,Sufficiente,1,0,0,4,NA,229
2,04/26/2014 00.35.00,Strada Urbana,da specificare,NA,Veicolo in marcia contro veicoli in sosta,Una carreggiata a senso unico di marcia,Asciutto,Asfaltata,Verticale ed orizzontale,Sereno,Scarso,Sufficiente,Sufficiente,0,0,0,1,FRONTE PONTE MILVIO,NA
11,04/26/2014 01.05.00,Strada Urbana,all'intersezione con,VIA ALBALONGA,Scontro laterale fra veicoli in marcia,Una carreggiata a senso unico di marcia,Asciutto,Asfaltata,Verticale ed orizzontale,Sereno,Scarso,Buona,Sufficiente,0,0,0,3,NA,NA
1,04/26/2014 03.55.00,Strada Urbana,all'intersezione semaforizzata con,VIA CARLO TAVOLACCI,Scontro frontale/laterale DX fra veicoli in marcia,Due carreggiate,Asciutto,Asfaltata,Verticale ed orizzontale,Sereno,Scarso,Buona,Sufficiente,0,0,0,3,NA,NA
17,04/26/2014 04.10.00,Strada Urbana,all'intersezione semaforizzata con,VIA LEPANTO,Scontro frontale/laterale DX fra veicoli in marcia,Più di due carreggiate,Asciutto,Asfaltata,Verticale ed orizzontale,Sereno,Scarso,Buona,Sufficiente,0,0,1,2,NA,NA
5,04/26/2014 04.20.00,Strada Urbana,all'intersezione semaforizzata con,VIA LANCIANO,Scontro frontale/laterale DX fra veicoli in marcia,Una carreggiata a doppio senso,Asciutto,Asfaltata,Verticale ed orizzontale,Sereno,Scarso,Buona,Sufficiente,1,0,0,5,NA,NA
20,04/26/2014 08.15.00,Statale entro l'abitato,in corrispondenza,del civico n.,Tamponamento,Una carreggiata a doppio senso,Asciutto,Asfaltata,Verticale ed orizzontale,Nuvoloso,Normale,Buona,Ore Diurne,0,0,0,2,NA,2040
20,04/26/2014 08.40.00,Strada Urbana,in prossimità,del civico n.,Scontro laterale fra veicoli in marcia,Una carreggiata a doppio senso,Asciutto,Asfaltata,Verticale ed orizzontale,Nuvoloso,Scarso,Buona,Ore Diurne,1,0,0,1,NA,180
10,04/26/2014 09.10.00,Strada Urbana,all'intersezione semaforizzata con,VIA OTELLO STEFANINI,Scontro frontale/laterale SX fra veicoli in marcia,Una carreggiata a senso unico di marcia,Asciutto,Asfaltata,Verticale ed orizzontale,Nuvoloso,Normale,Buona,Ore Diurne,0,0,0,3,NA,NA
9,04/26/2014 09.15.00,Strada Urbana,in corrispondenza,del civico n.,Investimento di pedone,Una carreggiata a senso unico di marcia,Asciutto,Asfaltata,Orizzontale,Sereno,Normale,Buona,Ore Diurne,1,0,0,2,NA,81
15,04/26/2014 09.50.00,Strada Urbana,in corrispondenza,del civico n.,Investimento di pedone,Una carreggiata a doppio senso,Asciutto,Asfaltata,Orizzontale,Nuvoloso,Normale,Buona,Ore Diurne,1,0,0,1,NA,173
3,04/26/2014 10.00.00,Strada Urbana,da specificare,NA,Tamponamento,Una carreggiata a senso unico di marcia,Asciutto,Asfaltata,Verticale ed orizzontale,Nuvoloso,Normale,Buona,Ore Diurne,1,0,0,2,fronte civico 279,NA
1,04/26/2014 11.00.00,Strada Urbana,all'intersezione semaforizzata con,VIA DEI LATERANI,Scontro laterale fra veicoli in marcia,Una carreggiata a senso unico di marcia,Asciutto,Asfaltata,Verticale ed orizzontale,Sereno,Normale,Buona,Ore Diurne,1,0,0,1,NA,NA
7,04/26/2014 11.20.00,Strada Urbana,all'intersezione con,VIA ARETUSA,Scontro frontale/laterale DX fra veicoli in marcia,Una carreggiata a doppio senso,Asciutto,Asfaltata,Verticale ed orizzontale,Sereno,Scarso,Buona,Ore Diurne,0,0,0,2,NA,NA
12,04/26/2014 11.45.00,Provinciale,da specificare,NA,Scontro laterale fra veicoli in marcia,Una carreggiata a doppio senso,Asciutto,Asfaltata,Verticale ed orizzontale,Nuvoloso,Scarso,Buona,Ore Diurne,0,0,0,4,ALTEZZA VIA TULLIO GIORDANA,NA
1,04/26/2014 12.20.00,Strada Urbana,all'intersezione con,VIALE MARCO POLO,Scontro laterale fra veicoli in marcia,Una carreggiata a senso unico di marcia,Asciutto,Asfaltata,Verticale ed orizzontale,Nuvoloso,Normale,Buona,Ore Diurne,0,0,0,3,NA,NA
13,04/26/2014 12.30.00,Strada Urbana,all'intersezione con,VIA ERMANNO WOLF FERRARI,Scontro laterale fra veicoli in marcia,Una carreggiata a senso unico di marcia,Asciutto,Asfaltata,Orizzontale,Sereno,Normale,Buona,Ore Diurne,0,0,0,4,NA,NA
16,04/26/2014 12.30.00,Strada Urbana,in corrispondenza,del civico n.,Veicolo in marcia contro veicolo in sosta,Una carreggiata a doppio senso,Asciutto,Asfaltata,Assente,Sereno,Scarso,Buona,Ore Diurne,0,0,0,1,NA,40
12,04/26/2014 12.35.00,Strada Urbana,da specificare,NA,Scontro laterale fra veicoli in marcia,Una carreggiata a doppio senso,Asciutto,Asfaltata,Verticale,Nuvoloso,Scarso,Buona,Ore Diurne,1,0,0,1,centro piazza,NA
3,04/26/2014 12.40.00,Strada Urbana,all'intersezione con,LARGO DEI FALISCI,Scontro frontale/laterale DX fra veicoli in marcia,Una carreggiata a doppio senso,Asciutto,Asfaltata,Verticale ed orizzontale,Sereno,Scarso,Buona,Ore Diurne,0,0,0,2,NA,NA
1,04/26/2014 13.00.00,Strada Urbana,all'intersezione semaforizzata con,VIA DEL TRITONE,Tamponamento,Una carreggiata a doppio senso,Asciutto,Asfaltata,Verticale ed orizzontale,Sereno,Normale,Buona,Ore Diurne,0,0,0,2,NA,NA
19,04/26/2014 13.45.00,Strada Urbana,all'intersezione con,VIA DEL FORTE BRASCHI,Scontro laterale fra veicoli in marcia,Una carreggiata a doppio senso,Asciutto,Asfaltata,Assente,Sereno,Scarso,Buona,Ore Diurne,0,0,0,3,NA,NA
8,04/26/2014 14.10.00,Strada Urbana,in prossimità,del civico n.,Investimento di pedone,Una carreggiata a senso unico alternato,Asciutto,Asfaltata,Verticale ed orizzontale,Nuvoloso,Scarso,Buona,Ore Diurne,1,0,0,0,NA,12
17,04/26/2014 14.30.00,Strada Urbana,in prossimità,del civico n.,Veicolo in marcia contro ostacolo fisso,Una carreggiata a senso unico di marcia,Asciutto,Asfaltata,Verticale ed orizzontale,Sereno,Scarso,Buona,Ore Diurne,0,0,0,3,NA,195
20,04/26/2014 14.40.00,Strada Urbana,da specificare,NA,Veicolo in marcia contro ostacolo fisso,Una carreggiata a senso unico di marcia,Asciutto,Asfaltata,Verticale ed orizzontale,Sereno,Normale,Buona,Ore Diurne,0,0,0,1,prossimità uscita Via di Grottarossa,NA
1,04/26/2014 14.40.00,Strada Urbana,in corrispondenza,del civico n.,Veicolo in marcia contro ostacolo accidentale,Una carreggiata a doppio senso,Viscido da liquidi oleosi,In cubetti di porfido,Verticale ed orizzontale,Sereno,Normale,Buona,Ore Diurne,1,0,0,0,NA,5
13,04/26/2014 15.00.00,Strada Urbana,in corrispondenza,del civico n.,Scontro laterale fra veicoli in marcia,Una carreggiata a doppio senso,Asciutto,Asfaltata,Assente,Sereno,Normale,Buona,Ore Diurne,0,0,0,3,NA,24
7,04/26/2014 15.30.00,Strada Urbana,da specificare,NA,Veicolo in marcia contro ostacolo fisso,Una carreggiata a senso unico di marcia,Asciutto,Asfaltata,Verticale ed orizzontale,Nuvoloso,Normale,Buona,Ore Diurne,0,0,0,1,rampa sopraelev direz Prenestina alt palo Acea 89 ,NA
5,04/26/2014 15.45.00,Strada Urbana,all'intersezione con,VIA LUIGI GIGLIOTTI,Scontro laterale fra veicoli in marcia,Una carreggiata a doppio senso,Asciutto,Asfaltata,Orizzontale,Nuvoloso,Normale,Buona,Ore Diurne,0,0,0,2,NA,NA
2,04/26/2014 16.00.00,Strada Urbana,da specificare,NA,Veicolo in marcia contro ostacolo accidentale,Due carreggiate,Asciutto,Asfaltata,Orizzontale,Sereno,Normale,Buona,Ore Diurne,0,0,0,1,dir. p.le Brasile,NA
1,04/26/2014 17.00.00,Strada Urbana,in corrispondenza,del civico n.,Scontro laterale fra veicoli in marcia,Una carreggiata a senso unico di marcia,Asciutto,Asfaltata,Verticale ed orizzontale,Nuvoloso,Normale,Buona,Ore Diurne,1,0,0,0,NA,f.c.110