Gruppo,DataOraIncidente,Localizzazione1,Localizzazione2,Strada02,NaturaIncidente,TipoStrada,FondoStradale,Pavimentazione,Segnaletica,CondizioneAtmosferica,Traffico,Visibilita,Illuminazione,NUM_FERITI,NUM_RISERVATA,NUM_MORTI,NUM_ILLESI,DaSpecificare,Chilometrica
13,04/28/2014 09.00.00,NA,in prossimità,del civico n.,Infortunio per sola frenata improvvisa,NA,NA,NA,NA,NA,NA,NA,NA,0,0,0,2,NA,11
11,04/28/2014 09.00.00,Strada Urbana,in prossimità,del civico n.,Tamponamento,Una carreggiata a doppio senso,Asciutto,Asfaltata,Orizzontale,Nuvoloso,Scarso,Buona,Ore Diurne,0,0,0,3,NA,113
7,04/28/2014 09.10.00,Strada Urbana,all'intersezione con,VIA DEI FAGGI,Scontro laterale fra veicoli in marcia,Una carreggiata a senso unico di marcia,Asciutto,Asfaltata,Verticale ed orizzontale,Sereno,Normale,Buona,Ore Diurne,0,0,0,2,NA,NA
8,04/28/2014 09.10.00,Strada Urbana,all'intersezione con,VIALE OXFORD,Scontro laterale fra veicoli in marcia,Due carreggiate,Asciutto,Asfaltata,Verticale ed orizzontale,Sereno,Scarso,Buona,Ore Diurne,0,0,0,2,NA,NA
20,04/28/2014 09.30.00,Strada Urbana,all'intersezione con,PONTE DUCA D'AOSTA,Scontro frontale/laterale SX fra veicoli in marcia,Due carreggiate,Asciutto,Asfaltata,Verticale ed orizzontale,Nuvoloso,Normale,Buona,Ore Diurne,0,0,0,2,NA,NA
23,04/28/2014 09.30.00,Comunale extraurbana,in prossimità,della chilometrica,Tamponamento,Due carreggiate,Asciutto,Asfaltata,Verticale ed orizzontale,Sereno,Intenso,Buona,Ore Diurne,1,0,0,1,NA,18.5
19,04/28/2014 09.40.00,Strada Urbana,in corrispondenza,del civico n.,Scontro laterale fra veicoli in marcia,Una carreggiata a senso unico di marcia,Asciutto,Asfaltata,Verticale ed orizzontale,Sereno,Normale,Buona,Ore Diurne,1,0,0,1,NA,215/a
1,04/28/2014 09.45.00,Strada Urbana,in corrispondenza,del civico n.,Scontro frontale/laterale SX fra veicoli in marcia,Una carreggiata a doppio senso,Asciutto,In cubetti di porfido,Verticale ed orizzontale,Sereno,Intenso,Buona,Ore Diurne,1,0,0,1,NA,FC 1
8,04/28/2014 10.15.00,Strada Urbana,in corrispondenza,del civico n.,Veicolo in marcia contro veicolo in sosta,Una carreggiata a doppio senso,Asciutto,Asfaltata,Verticale ed orizzontale,Sereno,Normale,Buona,Ore Diurne,0,0,0,1,NA,118d
15,04/28/2014 10.20.00,Strada Urbana,all'intersezione semaforizzata con,VIALE ARTURO MARTINI,Veicolo in marcia contro ostacolo fisso,Una carreggiata a senso unico di marcia,Asciutto,Asfaltata,Verticale ed orizzontale,Sereno,Normale,Buona,Ore Diurne,0,0,0,1,NA,NA
1,04/28/2014 10.50.00,Strada Urbana,in prossimità,del civico n.,Tamponamento,Una carreggiata a senso unico di marcia,Asciutto,In cubetti di porfido,Assente,Nuvoloso,Normale,Buona,Ore Diurne,1,0,0,1,NA,12
2,04/28/2014 11.00.00,Strada Urbana,in prossimità,del civico n.,Tamponamento,Due carreggiate,Asciutto,Asfaltata,Verticale ed orizzontale,Sereno,Intenso,Buona,Ore Diurne,2,0,0,1,NA,fr 6
4,04/28/2014 11.45.00,Statale,in prossimità,del civico n.,Tamponamento,Due carreggiate,Asciutto,Asfaltata,Orizzontale,Nuvoloso,Normale,Buona,Ore Diurne,0,0,0,3,NA,1278
18,04/28/2014 11.45.00,Strada Urbana,in corrispondenza,del civico n.,Investimento di pedone,Due carreggiate,Asciutto,Asfaltata,Verticale ed orizzontale,Nuvoloso,Normale,Buona,Ore Diurne,1,0,0,1,NA,92a
13,04/28/2014 12.10.00,Strada Urbana,in prossimità,del civico n.,Investimento di pedone,Una carreggiata a doppio senso,Asciutto,Asfaltata,Orizzontale,Sereno,Normale,Sufficiente,Ore Diurne,1,0,0,1,NA,26
17,04/28/2014 12.35.00,Strada Urbana,da specificare,NA,Scontro laterale fra veicoli in marcia,Una carreggiata a senso unico di marcia,Asciutto,Asfaltata,Verticale ed orizzontale,Sereno,Intenso,Buona,Ore Diurne,0,0,0,5,.,NA
8,04/28/2014 13.10.00,Statale entro l'abitato,all'intersezione con,VIA DI VERMICINO,Scontro frontale/laterale DX fra veicoli in marcia,Una carreggiata a doppio senso,Asciutto,Asfaltata,Verticale ed orizzontale,Nuvoloso,Normale,Buona,Ore Diurne,0,0,0,3,NA,NA
11,04/28/2014 13.10.00,Strada Urbana,all'intersezione con,VIA VALCO DI S. PAOLO,Scontro laterale fra veicoli in marcia,Due carreggiate,Asciutto,Asfaltata,Verticale ed orizzontale,Nuvoloso,Normale,Buona,Ore Diurne,0,0,0,2,NA,NA
15,04/28/2014 13.10.00,Strada Urbana,in corrispondenza,del civico n.,Infortunio per sola frenata improvvisa,Una carreggiata a doppio senso,Asciutto,Asfaltata,Orizzontale,Nuvoloso,Scarso,Buona,Ore Diurne,0,0,0,2,NA,63/a
10,04/28/2014 13.20.00,Strada Urbana,all'intersezione con,VIA STATILIO OTTATO,Scontro frontale/laterale SX fra veicoli in marcia,Due carreggiate,Asciutto,Asfaltata,Verticale ed orizzontale,Nuvoloso,Normale,Buona,Ore Diurne,1,0,0,1,NA,NA
20,04/28/2014 13.30.00,Strada Urbana,in corrispondenza,del palo luce n.,Scontro laterale fra veicoli in marcia,Una carreggiata a doppio senso,Asciutto,Asfaltata,Verticale ed orizzontale,Nuvoloso,Normale,Buona,Ore Diurne,1,0,0,1,NA,56
20,04/28/2014 13.55.00,Regionale,da specificare,NA,Scontro frontale/laterale DX fra veicoli in marcia,Una carreggiata a senso unico di marcia,Bagnato (pioggia),Asfaltata,Verticale ed orizzontale,Nuvoloso,Normale,Buona,Ore Diurne,2,0,0,1,altezza rampa GRA carr. interna dir. Terni,NA
15,04/28/2014 14.00.00,Strada Urbana,in corrispondenza,del civico n.,Scontro laterale fra veicoli in marcia,Due carreggiate,Asciutto,Asfaltata,Orizzontale,Nuvoloso,Normale,Buona,Ore Diurne,1,0,0,2,NA,602
12,04/28/2014 14.10.00,Strada Urbana,all'intersezione con,VIALE GUGLIELMO MARCONI,Scontro laterale fra veicoli in marcia,Più di due carreggiate,Asciutto,Asfaltata,Verticale ed orizzontale,Nuvoloso,Normale,Buona,Ore Diurne,0,0,0,3,NA,NA
5,04/28/2014 14.45.00,Strada Urbana,da specificare,NA,Veicolo in marcia contro veicolo fermo,Una carreggiata a doppio senso,Asciutto,Asfaltata,Verticale,Nuvoloso,Normale,Sufficiente,Ore Diurne,0,0,0,2,in prossimità di via del Casale di San Basilio,NA
10,04/28/2014 14.55.00,Strada Urbana,da specificare,NA,Tamponamento Multiplo,Una carreggiata a senso unico di marcia,Asciutto,Asfaltata,Verticale ed orizzontale,Nuvoloso,Normale,Buona,Ore Diurne,1,0,0,2,cavalcavia fronte terminal Anagnina dir.RM centro ,NA
7,04/28/2014 14.55.00,Strada Urbana,all'intersezione con,VIA FILOMUSI GUELFI,Scontro laterale fra veicoli in marcia,Una carreggiata a doppio senso,Asciutto,Asfaltata,Verticale ed orizzontale,Sereno,Normale,Buona,Ore Diurne,0,0,0,2,NA,NA
15,04/28/2014 15.00.00,Strada Urbana,in prossimità,del civico n.,Veicolo in marcia contro veicolo in sosta,Una carreggiata a senso unico di marcia,Asciutto,Asfaltata,Verticale,Nuvoloso,Scarso,Buona,Ore Diurne,0,0,0,0,NA,28
2,04/28/2014 15.15.00,Strada Urbana,da specificare,NA,Scontro frontale/laterale SX fra veicoli in marcia,Una carreggiata a doppio senso,Asciutto,Asfaltata,Verticale ed orizzontale,Nuvoloso,Scarso,Buona,Ore Diurne,0,0,0,2,dir Parioli alt uscita rampa parcheggio stazione,NA
13,04/28/2014 15.30.00,NA,all'intersezione con,VIA FRANCESCO GRENET,Scontro frontale/laterale DX fra veicoli in marcia,NA,NA,NA,NA,NA,NA,NA,NA,0,0,0,3,NA,NA
8,04/28/2014 15.45.00,Statale entro l'abitato,all'intersezione con,VIA CARLO SANTARELLI,Scontro frontale/laterale DX fra veicoli in marcia,Una carreggiata a doppio senso,Asciutto,Asfaltata,Verticale ed orizzontale,Nuvoloso,Normale,Buona,Ore Diurne,0,0,0,3,NA,NA
12,04/28/2014 15.50.00,Strada Urbana,in prossimità,del civico n.,Scontro laterale fra veicoli in marcia,Una carreggiata a senso unico di marcia,Asciutto,Asfaltata,Verticale ed orizzontale,Nuvoloso,Normale,Buona,Ore Diurne,0,0,0,2,NA,117
18,04/28/2014 15.50.00,Strada Urbana,all'intersezione con,VIA GIROLAMO VITELLI,Ribaltamento senza urto contro ostacolo fisso,Due carreggiate,Asciutto,Asfaltata,Verticale ed orizzontale,Nuvoloso,Normale,Buona,Ore Diurne,0,0,0,2,NA,NA
1,04/28/2014 16.30.00,Strada Urbana,all'intersezione con,PONTE SUBLICIO,Veicolo in marcia contro ostacolo accidentale,Una carreggiata a senso unico di marcia,Viscido da liquidi oleosi,Asfaltata,Verticale ed orizzontale,Nuvoloso,Normale,Buona,Ore Diurne,0,0,0,1,NA,NA
1,04/28/2014 16.40.00,Strada Urbana,da specificare,NA,Scontro laterale fra veicoli in marcia,Una carreggiata a doppio senso,Asciutto,Asfaltata,Verticale ed orizzontale,Nuvoloso,Normale,Buona,Ore Diurne,0,0,0,3,altezza attraversamento semaforiz. Scala Santa,NA
15,04/28/2014 16.45.00,Strada Urbana,da specificare,NA,Tamponamento Multiplo,Una carreggiata a doppio senso,Asciutto,Asfaltata,Orizzontale,Sereno,Normale,Buona,Ore Diurne,0,0,0,7,prox Via del Fosso della Torretta,NA
10,04/28/2014 17.00.00,Statale,da specificare,NA,Scontro laterale fra veicoli in marcia,Due carreggiate,Asciutto,Asfaltata,Orizzontale,Nuvoloso,Intenso,Sufficiente,Ore Diurne,0,0,0,3,"alt. uscita parcheggio vetture ""Anagnina"".",NA
11,04/28/2014 17.10.00,Strada Urbana,all'intersezione con,VIA DELLA FOTOGRAFIA,Tamponamento,Una carreggiata a doppio senso,Asciutto,Asfaltata,Verticale ed orizzontale,Nuvoloso,Normale,Buona,Ore Diurne,1,0,0,2,NA,NA
2,04/28/2014 17.30.00,Strada Urbana,all'intersezione semaforizzata con,VIA FRANCESCO GAI,Scontro frontale/laterale DX fra veicoli in marcia,Una carreggiata a doppio senso,Asciutto,Asfaltata,Verticale ed orizzontale,Nuvoloso,Normale,Buona,Ore Diurne,1,0,0,2,NA,NA
20,04/28/2014 17.30.00,Strada Urbana,in corrispondenza,del civico n.,Scontro frontale/laterale DX fra veicoli in marcia,Una carreggiata a doppio senso,Bagnato (pioggia),Asfaltata,Orizzontale,Pioggia in atto,Intenso,Sufficiente,Ore Diurne,0,0,0,3,NA,57
17,04/28/2014 17.50.00,Strada Urbana,in prossimità,del civico n.,Veicolo in marcia contro veicoli in sosta,Una carreggiata a senso unico di marcia,Asciutto,Asfaltata,Verticale ed orizzontale,Sereno,Normale,Buona,Ore Diurne,1,0,0,0,NA,22
2,04/28/2014 18.00.00,Strada Urbana,in corrispondenza,del civico n.,Veicolo in marcia contro veicolo arresto,Una carreggiata a senso unico di marcia,Bagnato (pioggia),Asfaltata,Verticale ed orizzontale,Nuvoloso,Normale,Buona,Ore Diurne,0,0,0,2,NA,37
15,04/28/2014 18.00.00,Strada Urbana,da specificare,NA,Scontro frontale/laterale SX fra veicoli in marcia,Due carreggiate,Asciutto,Asfaltata,Verticale ed orizzontale,Nuvoloso,Normale,Buona,Ore Diurne,2,0,0,2,fronte civico 229,NA
9,04/28/2014 18.00.00,Strada Urbana,da specificare,NA,Tamponamento,Una carreggiata a doppio senso,Asciutto,Asfaltata,Orizzontale,Nuvoloso,Normale,Buona,Ore Diurne,0,0,0,4,FRONTE CIVICO 16,NA
7,04/28/2014 18.00.00,Strada Urbana,all'intersezione semaforizzata con,PIAZZALE PINO PASCALI,Tamponamento,Due carreggiate,Bagnato (pioggia),Asfaltata,Verticale ed orizzontale,Pioggia in atto,Normale,Buona,Ore Diurne,0,0,0,2,NA,NA
5,04/28/2014 18.05.00,Strada Urbana,all'intersezione con,LARGO CAMERANO,Scontro frontale/laterale DX fra veicoli in marcia,Una carreggiata a doppio senso,Bagnato (umidità in atto),Asfaltata,Verticale ed orizzontale,Nuvoloso,Normale,Buona,Ore Diurne,0,0,0,3,NA,NA
6,04/28/2014 18.09.00,Strada Urbana,all'intersezione con,VIA ALATRI,Scontro laterale fra veicoli in marcia,Una carreggiata a senso unico di marcia,Bagnato (pioggia),Asfaltata,Verticale ed orizzontale,Nuvoloso,Normale,Buona,Ore Diurne,0,0,0,3,NA,NA
7,04/28/2014 18.15.00,Strada Urbana,in prossimità,del civico n.,Veicolo in marcia contro veicoli in sosta,Una carreggiata a doppio senso,Asciutto,Asfaltata,Assente,Nuvoloso,Normale,Buona,Ore Diurne,0,0,0,1,NA,248
9,04/28/2014 18.25.00,Strada Urbana,all'intersezione con,VIA PANDOSIA,Scontro frontale/laterale DX fra veicoli in marcia,Una carreggiata a doppio senso,Asciutto,Asfaltata,Verticale ed orizzontale,Nuvoloso,Intenso,Buona,Ore Diurne,1,0,0,2,NA,NA
5,04/28/2014 18.40.00,Strada Urbana,all'intersezione con,VIA GIOVANNI MICHELOTTI,Scontro frontale/laterale DX fra veicoli in marcia,Una carreggiata a doppio senso,Asciutto,Asfaltata,Verticale,Nuvoloso,Normale,Buona,Ore Diurne,0,0,0,2,NA,NA
18,04/28/2014 18.45.00,Strada Urbana,all'intersezione semaforizzata con,PIAZZA PIO XI,Tamponamento,Una carreggiata a doppio senso,Asciutto,Asfaltata,Verticale ed orizzontale,Sereno,Intenso,Buona,Ore Diurne,0,0,0,2,NA,NA
1,04/28/2014 18.55.00,Strada Urbana,in prossimità,del civico n.,Veicolo in marcia contro veicoli in sosta,Una carreggiata a doppio senso,Asciutto,Acciotolata,Verticale ed orizzontale,Nuvoloso,Normale,Buona,Ore Diurne,0,0,0,1,NA,79
9,04/28/2014 19.00.00,Strada Urbana,in prossimità,del civico n.,Scontro laterale fra veicoli in marcia,Una carreggiata a doppio senso,Asciutto,Asfaltata,Verticale ed orizzontale,Sereno,Intenso,Sufficiente,Ore Diurne,0,0,0,3,NA,29
6,04/28/2014 19.10.00,Strada Urbana,all'intersezione con,VIALE DELLA SERENISSIMA,Scontro frontale/laterale DX fra veicoli in marcia,Due carreggiate,Bagnato (pioggia),Asfaltata,Verticale ed orizzontale,Pioggia in atto,Normale,Sufficiente,Ore Diurne,1,0,0,2,NA,NA
19,04/28/2014 19.15.00,Strada Urbana,all'intersezione con,VIA MARIO ROMAGNOLI,Scontro frontale/laterale DX fra veicoli in marcia,Una carreggiata a senso unico di marcia,Asciutto,Asfaltata,Orizzontale,Sereno,Normale,Buona,Ore Diurne,0,0,0,2,NA,NA
9,04/28/2014 19.20.00,Strada Urbana,in corrispondenza,del civico n.,Tamponamento,Una carreggiata a senso unico di marcia,Asciutto,Asfaltata,Orizzontale,Nuvoloso,Normale,Sufficiente,Sufficiente,0,0,0,3,NA,7
4,04/28/2014 19.30.00,Strada Urbana,da specificare,NA,Tamponamento,Due carreggiate,Asciutto,Asfaltata,Verticale ed orizzontale,Nuvoloso,Normale,Sufficiente,Ore Diurne,2,0,0,1,altezza VIA COLLI DELLA SERPENTARA,NA
5,04/28/2014 20.00.00,Strada Urbana,in corrispondenza,del civico n.,Veicolo in marcia contro veicolo in sosta,Una carreggiata a senso unico di marcia,Bagnato (umidità in atto),Asfaltata,Verticale ed orizzontale,Nuvoloso,Scarso,Buona,Sufficiente,0,0,0,0,NA,104
17,04/28/2014 23.00.00,Strada Urbana,in corrispondenza,del civico n.,Scontro frontale/laterale DX fra veicoli in marcia,Una carreggiata a doppio senso,Asciutto,Asfaltata,Verticale ed orizzontale,Sereno,Scarso,Sufficiente,Sufficiente,0,0,0,2,NA,111
18,04/28/2014 23.15.00,Strada Urbana,all'intersezione con,VIA GREGORIO XI,Scontro frontale/laterale SX fra veicoli in marcia,Una carreggiata a doppio senso,Asciutto,Asfaltata,Verticale ed orizzontale,Sereno,Scarso,Buona,Sufficiente,0,0,0,1,NA,NA
1,04/28/2014 23.35.00,Strada Urbana,all'intersezione con,VIALE GUIDO BACCELLI,Veicolo in marcia contro veicolo fermo,Più di due carreggiate,Bagnato (umidità in atto),Asfaltata,Orizzontale,Nuvoloso,Scarso,Sufficiente,Sufficiente,1,0,0,2,NA,NA
11,04/29/2014 01.30.00,Strada Urbana,da specificare,NA,Scontro laterale fra veicoli in marcia,Più di due carreggiate,Asciutto,Asfaltata,Verticale ed orizzontale,Sereno,Scarso,Buona,Sufficiente,0,0,0,2,in prossimità di VIA PALOS,NA
17,04/29/2014 05.45.00,Strada Urbana,all'intersezione semaforizzata con,VIA PRISCIANO,Scontro laterale fra veicoli in marcia,Una carreggiata a doppio senso,Bagnato (pioggia),Asfaltata,Verticale ed orizzontale,Pioggia in atto,Scarso,Buona,Ore Diurne,0,0,0,2,NA,NA
5,04/29/2014 06.30.00,Strada Urbana,da specificare,NA,Tamponamento,Due carreggiate,Bagnato (umidità in atto),Asfaltata,Verticale ed orizzontale,Sereno,Normale,Buona,Ore Diurne,0,0,0,2,ALT. INVERSIONE A/24 DIR. PORTONACCIO,NA
18,04/29/2014 07.10.00,Strada Urbana,all'intersezione con,VIA PIETRO CIRIACI,Scontro frontale/laterale DX fra veicoli in marcia,Una carreggiata a doppio senso,Bagnato (umidità in atto),Asfaltata,Verticale,Sereno,Normale,Buona,Ore Diurne,0,0,0,2,NA,NA
17,04/29/2014 07.10.00,Strada Urbana,all'intersezione con,VIA LEONE IV,Investimento di pedone,Una carreggiata a doppio senso,Asciutto,Asfaltata,Verticale ed orizzontale,Sereno,Normale,Buona,Ore Diurne,1,0,0,1,NA,NA
9,04/29/2014 07.55.00,Strada Urbana,in prossimità,del civico n.,Scontro laterale fra veicoli in marcia,Una carreggiata a doppio senso,Asciutto,Asfaltata,Verticale ed orizzontale,Sereno,Normale,Buona,Ore Diurne,0,0,0,3,NA,194
10,04/29/2014 08.00.00,Strada Urbana,da specificare,NA,Scontro laterale fra veicoli in marcia,Due carreggiate,Asciutto,Asfaltata,Orizzontale,Sereno,Normale,Buona,Ore Diurne,0,0,0,2,altezza via b. petrocelli,NA
8,04/29/2014 08.00.00,Strada Urbana,all'intersezione con,PIAZZA SERRULE,Scontro laterale fra veicoli in marcia,Una carreggiata a senso unico di marcia,Asciutto,Asfaltata,Orizzontale,Sereno,Intenso,Buona,Ore Diurne,0,0,0,3,NA,NA
4,04/29/2014 08.05.00,Strada Urbana,in prossimità,del civico n.,Veicolo in marcia contro ostacolo fisso,Una carreggiata a senso unico di marcia,Bagnato (umidità in atto),Asfaltata,Assente,Sereno,Scarso,Buona,Ore Diurne,1,0,0,0,NA,60
2,04/29/2014 08.20.00,Strada Urbana,all'intersezione con,VIA PANARO,Scontro frontale/laterale SX fra veicoli in marcia,Una carreggiata a doppio senso,Bagnato (umidità in atto),Asfaltata,Verticale ed orizzontale,Sereno,Intenso,Buona,Ore Diurne,0,0,0,2,NA,NA
5,04/29/2014 08.20.00,Strada Urbana,in corrispondenza,del civico n.,Investimento di pedone,Una carreggiata a senso unico di marcia,Bagnato (pioggia),Asfaltata,Orizzontale,Nuvoloso,Normale,Buona,Ore Diurne,1,0,0,2,NA,45
2,04/29/2014 08.20.00,Strada Urbana,all'intersezione con,PIAZZA GONDAR,Tamponamento,Due carreggiate,Asciutto,Asfaltata,Verticale ed orizzontale,Sereno,Normale,Buona,Ore Diurne,1,0,0,1,NA,NA
8,04/29/2014 08.30.00,Strada Urbana,in corrispondenza,del civico n.,Scontro frontale/laterale DX fra veicoli in marcia,Una carreggiata a doppio senso,Asciutto,Asfaltata,Verticale ed orizzontale,Sereno,Normale,Buona,Ore Diurne,1,0,0,2,NA,341
19,04/29/2014 08.32.00,Strada Urbana,in corrispondenza,del civico n.,Infortunio per sola frenata improvvisa,Una carreggiata a doppio senso,Asciutto,Asfaltata,Verticale ed orizzontale,Sereno,Normale,Buona,Ore Diurne,1,0,0,1,NA,108
2,04/29/2014 08.40.00,Strada Urbana,in prossimità,del palo luce n.,Scontro laterale fra veicoli in marcia,Due carreggiate,Asciutto,Asfaltata,Verticale ed orizzontale,Sereno,Intenso,Buona,Ore Diurne,1,0,0,1,NA,293
4,04/29/2014 08.40.00,Strada Urbana,all'intersezione con,VIA CHIUSI,Scontro frontale/laterale DX fra veicoli in marcia,Una carreggiata a doppio senso,Asciutto,Asfaltata,Verticale ed orizzontale,Nuvoloso,Scarso,Buona,Ore Diurne,0,0,0,2,NA,NA
19,04/29/2014 08.40.00,Strada Urbana,in corrispondenza,del civico n.,Investimento di pedone,Una carreggiata a doppio senso,Asciutto,Asfaltata,Orizzontale,Sereno,Normale,Buona,Ore Diurne,0,1,0,1,NA,113
8,04/29/2014 08.50.00,Regionale entro l'abitato,in prossimità,del civico n.,Investimento di pedone,Una carreggiata a doppio senso,Asciutto,Asfaltata,Verticale,Sereno,Normale,Sufficiente,Ore Diurne,1,0,0,1,NA,3
8,04/29/2014 09.05.00,Strada Urbana,in prossimità,del civico n.,Veicolo in marcia contro ostacolo accidentale,Una carreggiata a doppio senso,Asciutto,Asfaltata,Assente,Sereno,Normale,Sufficiente,Ore Diurne,0,0,0,2,NA,66/A
2,04/29/2014 09.15.00,Strada Urbana,all'intersezione con,VIA PANARO,Veicolo in marcia contro veicolo in sosta,Una carreggiata a senso unico di marcia,Asciutto,Asfaltata,Verticale ed orizzontale,Sereno,Intenso,Buona,Ore Diurne,0,0,0,1,NA,NA
19,04/29/2014 09.20.00,Strada Urbana,da specificare,NA,Scontro frontale fra veicoli in marcia,Una carreggiata a doppio senso,Asciutto,Asfaltata,Orizzontale,Sereno,Scarso,Buona,Ore Diurne,1,0,0,1,fronte civico 316,NA
15,04/29/2014 09.25.00,Strada Urbana,da specificare,NA,Scontro laterale fra veicoli in marcia,Due carreggiate,Asciutto,Asfaltata,Verticale ed orizzontale,Sereno,Normale,Buona,Ore Diurne,0,0,0,2,prossimità Piazza della Radio,NA
1,04/29/2014 09.30.00,Strada Urbana,in corrispondenza,del civico n.,Scontro laterale fra veicoli in marcia,Una carreggiata a doppio senso,Asciutto,Asfaltata,Verticale ed orizzontale,Sereno,Normale,Buona,Ore Diurne,1,0,0,0,NA,89
17,04/29/2014 09.35.00,Strada Urbana,all'intersezione con,VIA RUGGERO DI LAURIA,Scontro laterale fra veicoli in marcia,Una carreggiata a senso unico di marcia,Asciutto,Asfaltata,Verticale ed orizzontale,Sereno,Scarso,Buona,Ore Diurne,0,0,0,3,NA,NA
12,04/29/2014 09.45.00,Strada Urbana,da specificare,NA,Tamponamento,Più di due carreggiate,Asciutto,Asfaltata,Verticale ed orizzontale,Nuvoloso,Normale,Buona,Ore Diurne,2,0,0,0,laterale dir. Ostia per P.le Nazioni Unite,NA
1,04/29/2014 10.00.00,Strada Urbana,all'intersezione semaforizzata con,VIA CLAUDIA,Scontro laterale fra veicoli in marcia,Una carreggiata a senso unico di marcia,Asciutto,Asfaltata,Verticale ed orizzontale,Sereno,Intenso,Buona,Ore Diurne,0,0,0,1,NA,NA
20,04/29/2014 10.00.00,Statale entro l'abitato,da specificare,NA,Scontro frontale/laterale SX fra veicoli in marcia,Una carreggiata a doppio senso,Asciutto,Asfaltata,Verticale ed orizzontale,Sereno,Intenso,Buona,Ore Diurne,0,0,0,3,altezza I rampa per il G.R.A.,NA
4,04/29/2014 10.00.00,Strada Urbana,all'intersezione con,VIA MONTE ROCCHETTA,Scontro frontale/laterale SX fra veicoli in marcia,Due carreggiate,Asciutto,Asfaltata,Verticale ed orizzontale,Sereno,Normale,Buona,Ore Diurne,0,0,0,2,NA,NA
7,04/29/2014 10.15.00,Strada Urbana,in prossimità,del civico n.,Investimento di pedone,Due carreggiate,Asciutto,Asfaltata,Orizzontale,Sereno,Normale,Buona,Ore Diurne,1,0,0,1,NA,951
1,04/29/2014 10.20.00,Strada Urbana,in prossimità,del civico n.,Scontro laterale fra veicoli in marcia,Una carreggiata a doppio senso,Asciutto,Asfaltata,Verticale ed orizzontale,Sereno,Normale,Buona,Ore Diurne,0,0,0,3,NA,26
17,04/29/2014 10.30.00,Strada Urbana,all'intersezione con,VIA PROPERZIO,Ribaltamento senza urto contro ostacolo fisso,Una carreggiata a doppio senso,Asciutto,Acciotolata,Verticale ed orizzontale,Sereno,Normale,Buona,Ore Diurne,0,0,0,2,NA,NA
8,04/29/2014 10.40.00,Statale entro l'abitato,all'intersezione semaforizzata con,VIA DEI RUDERI DI TORRENOVA,Tamponamento,Una carreggiata a doppio senso,Asciutto,Asfaltata,Verticale ed orizzontale,Sereno,Normale,Buona,Ore Diurne,0,0,0,3,NA,NA
1,04/29/2014 11.00.00,Strada Urbana,in prossimità,del palo luce n.,Tamponamento,Una carreggiata a senso unico di marcia,Asciutto,Asfaltata,Verticale ed orizzontale,Nuvoloso,Normale,Buona,Ore Diurne,2,0,0,1,NA,11
3,04/29/2014 11.00.00,Strada Urbana,all'intersezione con,VIA UDINE,Scontro frontale/laterale SX fra veicoli in marcia,Una carreggiata a senso unico di marcia,Asciutto,Asfaltata,Verticale ed orizzontale,Sereno,Normale,Buona,Ore Diurne,0,0,0,3,NA,NA
15,04/29/2014 11.10.00,Strada Urbana,all'intersezione semaforizzata con,VIA DEL TRULLO,Scontro laterale fra veicoli in marcia,Una carreggiata a doppio senso,Asciutto,Asfaltata,Verticale ed orizzontale,Nuvoloso,Normale,Buona,Ore Diurne,0,0,0,2,NA,NA
18,04/29/2014 11.20.00,Strada Urbana,all'intersezione con,VIA FELICE LAZZARINO,Scontro frontale fra veicoli in marcia,Una carreggiata a doppio senso,Asciutto,Asfaltata,Verticale ed orizzontale,Sereno,Intenso,Buona,Ore Diurne,0,0,0,4,NA,NA
5,04/29/2014 11.20.00,Strada Urbana,da specificare,NA,Scontro frontale/laterale SX fra veicoli in marcia,Due carreggiate,Asciutto,Asfaltata,Orizzontale,Sereno,Normale,Buona,Ore Diurne,2,0,0,1,pross. svincolo VIA BONAGIUNTA ORBICCIANI DA LUCCA,NA
11,04/29/2014 11.20.00,Strada Urbana,in corrispondenza,del civico n.,Tamponamento Multiplo,Una carreggiata a doppio senso,Asciutto,Asfaltata,Verticale ed orizzontale,Nuvoloso,Intenso,Buona,Ore Diurne,0,0,0,3,NA,51
4,04/29/2014 11.45.00,Strada Urbana,in prossimità,del civico n.,Veicolo in marcia contro veicoli in sosta,Una carreggiata a doppio senso,Asciutto,Asfaltata,Assente,Sereno,Normale,Buona,Ore Diurne,0,0,0,1,NA,9
4,04/29/2014 11.45.00,Strada Urbana,all'intersezione semaforizzata con,VIA MARIO SOLDATI,Scontro frontale/laterale DX fra veicoli in marcia,Due carreggiate,Asciutto,Asfaltata,Verticale ed orizzontale,Sereno,Normale,Buona,Ore Diurne,0,0,0,3,NA,NA
20,04/29/2014 11.50.00,Strada Urbana,in prossimità,del civico n.,Scontro laterale fra veicoli in marcia,Due carreggiate,Asciutto,Asfaltata,Verticale ed orizzontale,Nuvoloso,Intenso,Buona,Ore Diurne,1,0,0,2,NA,251
20,04/29/2014 12.00.00,Strada Urbana,in prossimità,del civico n.,Infortunio per sola frenata improvvisa,Una carreggiata a doppio senso,Asciutto,Asfaltata,Verticale ed orizzontale,Sereno,Scarso,Buona,Ore Diurne,1,0,0,1,NA,43
3,04/29/2014 12.00.00,Strada Urbana,in prossimità,del civico n.,Scontro frontale/laterale SX fra veicoli in marcia,Più di due carreggiate,Asciutto,Asfaltata,Verticale ed orizzontale,Sereno,Normale,Buona,Ore Diurne,0,0,0,2,NA,44
6,04/29/2014 12.00.00,Strada Urbana,in corrispondenza,del civico n.,Veicolo in marcia contro veicolo fermo,Una carreggiata a senso unico di marcia,Asciutto,Asfaltata,Assente,Nuvoloso,Scarso,Buona,Ore Diurne,0,0,0,2,NA,94