Gruppo,DataOraIncidente,Localizzazione1,Localizzazione2,Strada02,NaturaIncidente,TipoStrada,FondoStradale,Pavimentazione,Segnaletica,CondizioneAtmosferica,Traffico,Visibilita,Illuminazione,NUM_FERITI,NUM_RISERVATA,NUM_MORTI,NUM_ILLESI,DaSpecificare,Chilometrica
4,05/09/2014 09.15.00,Strada Urbana,da specificare,NA,Scontro laterale fra veicoli in marcia,Due carreggiate,Asciutto,Asfaltata,Orizzontale,Sereno,Normale,Buona,Ore Diurne,0,0,0,4,prossimità LARGO VALTURNANCHE,NA
6,05/09/2014 09.20.00,Statale entro l'abitato,in corrispondenza,del civico n.,Tamponamento,Due carreggiate,Asciutto,Asfaltata,Assente,Sereno,Normale,Buona,Ore Diurne,0,0,0,2,NA,367
13,05/09/2014 09.30.00,Strada Urbana,in corrispondenza,del civico n.,Veicolo in marcia contro veicolo in sosta,Due carreggiate,Asciutto,Asfaltata,Orizzontale,Sereno,Scarso,Buona,Ore Diurne,0,0,0,3,NA,3
17,05/09/2014 09.40.00,Strada Urbana,all'intersezione con,VIA FRANCESCO SIVORI,Scontro frontale/laterale SX fra veicoli in marcia,Una carreggiata a senso unico di marcia,Asciutto,Asfaltata,Verticale ed orizzontale,Sereno,Normale,Buona,Ore Diurne,0,0,0,2,NA,NA
11,05/09/2014 09.45.00,Strada Urbana,all'intersezione semaforizzata con,LARGO ANGELO FOCHETTI,Scontro laterale fra veicoli in marcia,Più di due carreggiate,Asciutto,Asfaltata,Verticale ed orizzontale,Sereno,Normale,Buona,Ore Diurne,0,0,0,2,NA,NA
2,05/09/2014 09.55.00,Strada Urbana,in prossimità,del civico n.,Veicolo in marcia contro ostacolo fisso,Una carreggiata a senso unico di marcia,Asciutto,Asfaltata,Verticale ed orizzontale,Sereno,Scarso,Buona,Ore Diurne,0,0,0,1,NA,1a
4,05/09/2014 10.00.00,Strada Urbana,all'intersezione semaforizzata con,VIA DEI COLLI DELLA SERPENTARA,Tamponamento,Una carreggiata a doppio senso,Asciutto,Asfaltata,Verticale ed orizzontale,Sereno,Normale,Buona,Ore Diurne,0,0,0,2,NA,NA
1,05/09/2014 10.00.00,Strada Urbana,all'intersezione semaforizzata con,VIALE DELLE TERME DI CARACALLA,Tamponamento Multiplo,Una carreggiata a doppio senso,Asciutto,Asfaltata,Verticale ed orizzontale,Sereno,Intenso,Buona,Ore Diurne,3,0,0,2,NA,NA
19,05/09/2014 10.15.00,Strada Urbana,all'intersezione con,VIA S. IGINO PAPA,Investimento di pedone,Una carreggiata a senso unico di marcia,Asciutto,Asfaltata,Orizzontale,Sereno,Normale,Buona,Ore Diurne,1,0,0,1,NA,NA
1,05/09/2014 10.15.00,Strada Urbana,all'intersezione con,LUNGOTEVERE DEGLI ANGUILLARA,Scontro laterale fra veicoli in marcia,Una carreggiata a doppio senso,Asciutto,Asfaltata,Verticale,Sereno,Normale,Buona,Ore Diurne,0,0,0,2,NA,NA
8,05/09/2014 10.25.00,Strada Urbana,all'intersezione con,VIA CREMA,Scontro frontale fra veicoli in marcia,Una carreggiata a doppio senso,Asciutto,Asfaltata,Verticale ed orizzontale,Sereno,Scarso,Buona,Ore Diurne,1,0,0,1,NA,NA
18,05/09/2014 10.45.00,Strada Urbana,in prossimità,del civico n.,Veicolo in marcia contro veicolo in sosta,Due carreggiate,Asciutto,Asfaltata,Orizzontale,Sereno,Scarso,Buona,Ore Diurne,1,0,0,0,NA,443
18,05/09/2014 11.00.00,Strada Urbana,in prossimità,del civico n.,Veicolo in marcia contro veicolo in sosta,Una carreggiata a doppio senso,Asciutto,Asfaltata,Verticale ed orizzontale,Sereno,Scarso,Buona,Ore Diurne,0,0,0,1,NA,22
5,05/09/2014 11.15.00,Strada Urbana,in corrispondenza,del civico n.,Scontro frontale/laterale SX fra veicoli in marcia,Due carreggiate,Asciutto,Asfaltata,Verticale ed orizzontale,Sereno,Intenso,Buona,Ore Diurne,0,0,0,2,NA,612
2,05/09/2014 11.30.00,Strada Urbana,in corrispondenza,del civico n.,Veicolo in marcia contro veicolo fermo,Una carreggiata a senso unico di marcia,Asciutto,Asfaltata,Orizzontale,Sereno,Normale,Sufficiente,Ore Diurne,0,0,0,3,NA,6
7,05/09/2014 11.35.00,Strada Urbana,da specificare,NA,Tamponamento,Due carreggiate,Asciutto,Asfaltata,Orizzontale,Sereno,Normale,Buona,Ore Diurne,0,0,0,2,Altezza Via G B Valente,NA
20,05/09/2014 11.35.00,Strada Urbana,all'intersezione con,LUNGOTEVERE MARESCIALLO CADORNA,Scontro frontale/laterale DX fra veicoli in marcia,Due carreggiate,Asciutto,Asfaltata,Verticale ed orizzontale,Sereno,Normale,Buona,Ore Diurne,2,0,0,0,NA,NA
10,05/09/2014 11.40.00,Strada Urbana,da specificare,NA,Scontro laterale fra veicoli in marcia,Più di due carreggiate,Asciutto,Asfaltata,Verticale ed orizzontale,Sereno,Normale,Buona,Ore Diurne,1,0,0,2,in prossimita' del palo acea 521,NA
18,05/09/2014 11.40.00,Strada Urbana,in corrispondenza,del civico n.,Scontro frontale/laterale SX fra veicoli in marcia,Una carreggiata a doppio senso,Asciutto,Asfaltata,Verticale ed orizzontale,Sereno,Normale,Buona,Ore Diurne,1,0,0,2,NA,47
19,05/09/2014 12.00.00,Strada Urbana,in prossimità,del civico n.,Tamponamento Multiplo,Una carreggiata a doppio senso,Asciutto,Asfaltata,Orizzontale,Sereno,Normale,Buona,Ore Diurne,1,0,0,3,NA,10764
8,05/09/2014 12.10.00,Strada Urbana,da specificare,NA,Scontro laterale fra veicoli in marcia,Una carreggiata a doppio senso,Asciutto,Asfaltata,Verticale ed orizzontale,Sereno,Normale,Buona,Ore Diurne,1,0,0,1,ALTEZZA VIA TORRE DEI NOLFI,NA
11,05/09/2014 12.30.00,Strada Urbana,in prossimità,del civico n.,Scontro frontale/laterale DX fra veicoli in marcia,Due carreggiate,Asciutto,Asfaltata,Verticale ed orizzontale,Sereno,Normale,Buona,Ore Diurne,2,0,0,1,NA,67
12,05/09/2014 12.30.00,Strada Urbana,all'intersezione semaforizzata con,VIALE DELL'OCEANO ATLANTICO,Scontro frontale/laterale DX fra veicoli in marcia,Due carreggiate,Asciutto,Asfaltata,Verticale ed orizzontale,Sereno,Normale,Buona,Ore Diurne,0,0,0,2,NA,NA
19,05/09/2014 12.35.00,Strada Urbana,in prossimità,del civico n.,Scontro frontale fra veicoli in marcia,Una carreggiata a doppio senso,Asciutto,Asfaltata,Orizzontale,Sereno,Normale,Buona,Ore Diurne,2,0,1,1,NA,165
2,05/09/2014 12.40.00,Strada Urbana,in prossimità,del civico n.,Veicolo in marcia contro veicolo in sosta,Una carreggiata a senso unico di marcia,Asciutto,Asfaltata,Orizzontale,Sereno,Scarso,Buona,Ore Diurne,0,0,0,1,NA,44
17,05/09/2014 12.55.00,Strada Urbana,da specificare,NA,Tamponamento,Una carreggiata a senso unico di marcia,Asciutto,Asfaltata,Verticale ed orizzontale,Sereno,Normale,Buona,Ore Diurne,1,0,0,1,IN CORRISPONDENZA DEL SOTTOPASSO,NA
1,05/09/2014 13.00.00,Strada Urbana,in prossimità,del civico n.,Veicolo in marcia contro veicolo fermo,Una carreggiata a senso unico di marcia,Asciutto,Asfaltata,Verticale ed orizzontale,Sereno,Intenso,Buona,Ore Diurne,1,0,0,2,NA,4
19,05/09/2014 13.05.00,Strada Urbana,in prossimità,del civico n.,Investimento di pedone,Una carreggiata a senso unico di marcia,Asciutto,Asfaltata,Verticale ed orizzontale,Sereno,Normale,Buona,Ore Diurne,1,0,0,1,NA,9
12,05/09/2014 13.20.00,Strada Urbana,all'intersezione con,VIA ASCANIO VITOZZI,Scontro laterale fra veicoli in marcia,Una carreggiata a doppio senso,Asciutto,Asfaltata,Verticale ed orizzontale,Sereno,Normale,Buona,Ore Diurne,0,0,0,2,NA,NA
15,05/09/2014 13.20.00,Strada Urbana,in corrispondenza,del civico n.,Scontro frontale/laterale SX fra veicoli in marcia,Una carreggiata a doppio senso,Asciutto,Asfaltata,Orizzontale,Sereno,Intenso,Buona,Ore Diurne,1,0,0,1,NA,209
17,05/09/2014 13.20.00,Strada Urbana,da specificare,NA,Veicolo in marcia contro ostacolo accidentale,Più di due carreggiate,Viscido da liquidi oleosi,In cubetti di porfido,Verticale ed orizzontale,Sereno,Normale,Buona,Ore Diurne,0,0,0,2,in prossimità di Via Rusticucci,NA
17,05/09/2014 13.40.00,Strada Urbana,da specificare,NA,Veicolo in marcia contro ostacolo accidentale,Più di due carreggiate,Viscido da liquidi oleosi,In cubetti di porfido,Verticale ed orizzontale,Sereno,Normale,Buona,Ore Diurne,1,0,0,0,fronte civ. 44 carreggiata centrale,NA
8,05/09/2014 14.00.00,Strada Urbana,da specificare,NA,Scontro laterale fra veicoli in marcia,Una carreggiata a senso unico di marcia,Asciutto,Asfaltata,Verticale ed orizzontale,Sereno,Normale,Buona,Ore Diurne,0,0,0,5,II ROTATORIA DIREZIONE VIA DEI ROMANISTI,NA
7,05/09/2014 14.20.00,Strada Urbana,all'intersezione con,VIALE PALMIRO TOGLIATTI,Veicolo in marcia contro veicolo arresto,Una carreggiata a senso unico di marcia,Asciutto,Asfaltata,Verticale ed orizzontale,Sereno,Normale,Buona,Ore Diurne,0,0,0,5,NA,NA
5,05/09/2014 14.20.00,Strada Urbana,in prossimità,del civico n.,Tamponamento,Due carreggiate,Asciutto,Asfaltata,Verticale ed orizzontale,Sereno,Normale,Sufficiente,Ore Diurne,1,0,0,1,NA,781
3,05/09/2014 14.30.00,Strada Urbana,da specificare,NA,Scontro laterale fra veicoli in marcia,Una carreggiata a doppio senso,Asciutto,Asfaltata,Orizzontale,Sereno,Normale,Buona,Ore Diurne,1,0,0,2,fronte civ. 2,NA
6,05/09/2014 15.00.00,Strada Urbana,in corrispondenza,del civico n.,Veicolo in marcia contro veicolo in sosta,Una carreggiata a doppio senso,Asciutto,Asfaltata,Orizzontale,Sereno,Normale,Buona,Ore Diurne,0,0,0,1,NA,94
6,05/09/2014 15.20.00,Strada Urbana,in corrispondenza,del civico n.,Tamponamento,Due carreggiate,Asciutto,Asfaltata,Verticale ed orizzontale,Sereno,Normale,Buona,Ore Diurne,0,0,0,2,NA,144
9,05/09/2014 15.30.00,Strada Urbana,all'intersezione con,VIA TUSCOLANA,Scontro frontale/laterale SX fra veicoli in marcia,Due carreggiate,Asciutto,Asfaltata,Verticale,Sereno,Normale,Buona,Ore Diurne,1,0,0,4,NA,NA
13,05/09/2014 15.40.00,Strada Urbana,in corrispondenza,del civico n.,Scontro laterale fra veicoli in marcia,Una carreggiata a senso unico di marcia,Asciutto,Asfaltata,Orizzontale,Sereno,Normale,Buona,Ore Diurne,0,0,0,3,NA,2
8,05/09/2014 16.15.00,Strada Urbana,da specificare,NA,Scontro frontale/laterale SX fra veicoli in marcia,Una carreggiata a doppio senso,Asciutto,Asfaltata,Verticale ed orizzontale,Sereno,Normale,Buona,Ore Diurne,2,0,0,1,ALTEZZA VIA MAGLIE,NA
17,05/09/2014 16.40.00,Strada Urbana,in corrispondenza,del civico n.,Investimento di pedone,Una carreggiata a doppio senso,Asciutto,Acciotolata,Verticale ed orizzontale,Sereno,Normale,Buona,Ore Diurne,1,0,0,1,NA,6
23,05/09/2014 16.40.00,Comunale extraurbana,in prossimità,della chilometrica,Tamponamento,Due carreggiate,Asciutto,Asfaltata,Verticale ed orizzontale,Sereno,Normale,Buona,Ore Diurne,0,0,0,3,NA,16.9
1,05/09/2014 16.50.00,Strada Urbana,in prossimità,del civico n.,Tamponamento,Più di due carreggiate,Asciutto,Asfaltata,Verticale ed orizzontale,Sereno,Normale,Buona,Ore Diurne,1,0,0,1,NA,106/C
19,05/09/2014 17.00.00,Strada Urbana,in corrispondenza,del civico n.,Infortunio per sola frenata improvvisa,Una carreggiata a doppio senso,Asciutto,Asfaltata,Orizzontale,Sereno,Intenso,Buona,Ore Diurne,1,0,0,2,NA,308
18,05/09/2014 17.15.00,Strada Urbana,in prossimità,del civico n.,Investimento di pedone,Più di due carreggiate,Asciutto,Asfaltata,Verticale ed orizzontale,Sereno,Normale,Buona,Ore Diurne,1,0,0,1,NA,125
18,05/09/2014 17.20.00,Strada Urbana,in corrispondenza,del civico n.,Veicolo in marcia contro ostacolo accidentale,Due carreggiate,Asciutto,Asfaltata,Orizzontale,Sereno,Intenso,Buona,Ore Diurne,0,0,0,1,NA,46
6,05/09/2014 17.28.00,Strada Urbana,da specificare,NA,Scontro laterale fra veicoli in marcia,Una carreggiata a senso unico di marcia,Asciutto,Asfaltata,Orizzontale,Sereno,Normale,Buona,Ore Diurne,1,0,0,1,fronte civico 55,NA
6,05/09/2014 17.30.00,Strada Urbana,in corrispondenza,del civico n.,Investimento di pedone,Una carreggiata a doppio senso,Asciutto,Asfaltata,Orizzontale,Sereno,Normale,Buona,Ore Diurne,1,0,0,1,NA,12
5,05/09/2014 17.40.00,Strada Urbana,all'intersezione con,VIA CAGLI,Scontro frontale/laterale DX fra veicoli in marcia,Una carreggiata a senso unico di marcia,Asciutto,Asfaltata,Verticale ed orizzontale,Sereno,Normale,Buona,Ore Diurne,2,0,0,2,NA,NA
13,05/09/2014 17.40.00,Strada Urbana,all'intersezione con,VIA COSTANZO CASANA,Scontro frontale/laterale DX fra veicoli in marcia,Una carreggiata a doppio senso,Asciutto,Asfaltata,Assente,Sereno,Normale,Buona,Ore Diurne,0,0,0,1,NA,NA
6,05/09/2014 18.00.00,Strada Urbana,in corrispondenza,del civico n.,Tamponamento,Due carreggiate,Asciutto,Asfaltata,Assente,Sereno,Scarso,Buona,Ore Diurne,0,0,0,3,NA,82
17,05/09/2014 18.00.00,Strada Urbana,all'intersezione con,VIA ALESSANDRO FARNESE,Infortunio per sola frenata improvvisa,Una carreggiata a doppio senso,Asciutto,Asfaltata,Verticale ed orizzontale,Sereno,Normale,Buona,Ore Diurne,1,0,0,1,NA,NA
16,05/09/2014 18.25.00,NA,da specificare,NA,Veicolo in marcia contro veicolo arresto,NA,NA,NA,NA,NA,NA,NA,NA,0,0,0,2,FRONTE CIVICO 23,NA
16,05/09/2014 18.30.00,NA,da specificare,NA,Veicolo in marcia contro veicolo arresto,NA,NA,NA,NA,NA,NA,NA,NA,0,0,0,3,fronte civico 35,NA
7,05/09/2014 18.30.00,Strada Urbana,in prossimità,del civico n.,Veicolo in marcia contro ostacolo accidentale,Una carreggiata a doppio senso,Asciutto,Asfaltata,Assente,Sereno,Normale,Sufficiente,Ore Diurne,0,0,0,1,NA,12
20,05/09/2014 19.00.00,Strada Urbana,da specificare,NA,Scontro frontale fra veicoli in marcia,Una carreggiata a doppio senso,Asciutto,Asfaltata,Verticale ed orizzontale,Sereno,Normale,Buona,Ore Diurne,1,0,0,1,in prossimità via G. Galli,NA
16,05/09/2014 19.00.00,Strada Urbana,all'intersezione semaforizzata con,VIA DI MONTE VERDE,Investimento di pedone,Due carreggiate,Asciutto,Asfaltata,Verticale ed orizzontale,Sereno,Normale,Buona,Ore Diurne,1,0,0,1,NA,NA
20,05/09/2014 19.05.00,Strada Urbana,in prossimità,del civico n.,Investimento di pedone,Una carreggiata a doppio senso,Asciutto,Asfaltata,Orizzontale,Sereno,Normale,Buona,Ore Diurne,2,0,0,1,NA,13930
8,05/09/2014 19.10.00,Strada Urbana,da specificare,NA,Investimento di pedone,Una carreggiata a doppio senso,Asciutto,Asfaltata,Verticale ed orizzontale,Sereno,Scarso,Buona,Ore Diurne,1,0,0,1,ALTEZZA ATTRAVERSAMENTO PEDONALE,NA
17,05/09/2014 19.15.00,Strada Urbana,in prossimità,del civico n.,Scontro laterale fra veicoli in marcia,Una carreggiata a doppio senso,Asciutto,Asfaltata,Verticale ed orizzontale,Sereno,Normale,Buona,Sufficiente,2,0,0,0,NA,275
17,05/09/2014 19.15.00,Strada Urbana,all'intersezione con,VIA SABOTINO,Scontro laterale fra veicoli in marcia,Più di due carreggiate,Asciutto,Asfaltata,Verticale ed orizzontale,Sereno,Normale,Buona,Ore Diurne,1,0,0,1,NA,NA
16,05/09/2014 19.30.00,Strada Urbana,in prossimità,del civico n.,Scontro laterale fra veicoli in marcia,Una carreggiata a doppio senso,Asciutto,Asfaltata,Verticale ed orizzontale,Sereno,Normale,Buona,Ore Diurne,0,0,0,2,NA,379
12,05/09/2014 19.45.00,Strada Urbana,da specificare,NA,Veicolo in marcia contro ostacolo accidentale,Una carreggiata a senso unico di marcia,Asciutto,Asfaltata,Verticale ed orizzontale,Sereno,Normale,Buona,Sufficiente,0,0,0,1,prossimità via CANTON,NA
9,05/09/2014 19.45.00,Strada Urbana,in corrispondenza,del civico n.,Tamponamento,Una carreggiata a doppio senso,Asciutto,Asfaltata,Verticale ed orizzontale,Sereno,Normale,Sufficiente,Sufficiente,1,0,0,1,NA,12
18,05/09/2014 20.20.00,Strada Urbana,in corrispondenza,del civico n.,Scontro frontale/laterale SX fra veicoli in marcia,Una carreggiata a senso unico di marcia,Asciutto,Asfaltata,Assente,Sereno,Normale,Buona,Ore Diurne,0,0,0,3,NA,14
5,05/09/2014 21.00.00,Strada Urbana,all'intersezione con,VIA DEI FAGGI,Scontro frontale/laterale DX fra veicoli in marcia,Una carreggiata a doppio senso,Asciutto,Asfaltata,Verticale ed orizzontale,Sereno,Scarso,Buona,Sufficiente,1,0,0,2,NA,NA
18,05/09/2014 21.05.00,Strada Urbana,all'intersezione con,LARGO GIUSEPPE DI MONTEZEMOLO,Scontro frontale/laterale DX fra veicoli in marcia,Una carreggiata a doppio senso,Asciutto,Asfaltata,Verticale ed orizzontale,Sereno,Normale,Buona,Sufficiente,0,0,0,3,NA,NA
11,05/09/2014 21.30.00,Strada Urbana,da specificare,NA,Scontro frontale fra veicoli in marcia,Una carreggiata a doppio senso,Asciutto,Asfaltata,Verticale ed orizzontale,Sereno,Normale,Sufficiente,Sufficiente,0,0,0,5,fronte via del Commercio,NA
20,05/09/2014 23.40.00,Strada Urbana,all'intersezione con,VIA ALESSANDRO FLEMING,Scontro frontale/laterale DX fra veicoli in marcia,Una carreggiata a doppio senso,Asciutto,Asfaltata,Verticale ed orizzontale,Sereno,Normale,Sufficiente,Sufficiente,0,0,0,2,NA,NA
9,05/09/2014 23.50.00,Strada Urbana,da specificare,NA,Scontro laterale fra veicoli in marcia,Più di due carreggiate,Asciutto,Asfaltata,Verticale ed orizzontale,Sereno,Scarso,Sufficiente,Sufficiente,0,0,0,4,PROSSIMITà FRONTE VIA ALBENGA,NA
12,05/10/2014 00.00.00,Strada Urbana,all'intersezione con,VIA RHODESIA,Fuoriuscita dalla sede stradale,Due carreggiate,Asciutto,Asfaltata,Verticale ed orizzontale,Sereno,Scarso,Buona,Sufficiente,0,0,0,0,NA,NA
2,05/10/2014 00.35.00,Strada Urbana,da specificare,NA,Scontro laterale fra veicoli in marcia,Due carreggiate,Asciutto,Asfaltata,Verticale ed orizzontale,Sereno,Normale,Sufficiente,Sufficiente,1,0,0,1,alt. via Sassi di S. Giuliano,NA
1,05/10/2014 00.45.00,Strada Urbana,in corrispondenza,del civico n.,Tamponamento,Una carreggiata a doppio senso,Asciutto,Asfaltata,Verticale ed orizzontale,Sereno,Scarso,Sufficiente,Sufficiente,0,0,0,3,NA,25
5,05/10/2014 01.00.00,Strada Urbana,in prossimità,del civico n.,Veicolo in marcia contro veicolo in sosta,Una carreggiata a doppio senso,Asciutto,Asfaltata,Verticale ed orizzontale,Sereno,Scarso,Buona,Sufficiente,2,0,0,0,NA,173
19,05/10/2014 01.15.00,Strada Urbana,all'intersezione con,VIA DELLA STORTA,Scontro frontale/laterale SX fra veicoli in marcia,Una carreggiata a doppio senso,Bagnato (umidità in atto),Asfaltata,Orizzontale,Nebbia,Scarso,Sufficiente,Sufficiente,1,0,0,3,NA,NA
16,05/10/2014 02.20.00,Strada Urbana,in corrispondenza,del civico n.,Scontro laterale fra veicoli in marcia,Una carreggiata a doppio senso,Asciutto,Asfaltata,Orizzontale,Sereno,Scarso,Sufficiente,Sufficiente,0,1,0,1,NA,22
2,05/10/2014 02.40.00,Strada Urbana,in prossimità,del civico n.,Scontro frontale/laterale SX fra veicoli in marcia,Una carreggiata a doppio senso,Asciutto,Asfaltata,Verticale ed orizzontale,Sereno,Scarso,Sufficiente,Sufficiente,1,0,0,5,NA,4
10,05/10/2014 02.45.00,Strada Urbana,in prossimità,del civico n.,Infortunio per sola frenata improvvisa,Una carreggiata a doppio senso,Asciutto,Asfaltata,Assente,Sereno,Scarso,Sufficiente,Sufficiente,1,0,0,0,NA,4
1,05/10/2014 02.50.00,Strada Urbana,in corrispondenza,del palo luce n.,Investimento di pedone,Una carreggiata a senso unico di marcia,Asciutto,Asfaltata,Verticale ed orizzontale,Sereno,Scarso,Sufficiente,Sufficiente,0,0,0,2,NA,20
8,05/10/2014 03.20.00,Strada Urbana,in corrispondenza,del civico n.,Tamponamento,Una carreggiata a doppio senso,Asciutto,Asfaltata,Assente,Sereno,Scarso,Buona,Sufficiente,1,0,0,2,NA,24b
6,05/10/2014 03.30.00,Strada Urbana,all'intersezione con,VIA DEI MELI,Veicolo in marcia contro veicolo in sosta,Una carreggiata a doppio senso,Asciutto,Asfaltata,Temporanea di cantiere,Sereno,Scarso,Sufficiente,Sufficiente,0,0,0,1,NA,NA
3,05/10/2014 03.40.00,Strada Urbana,da specificare,NA,Veicolo in marcia contro ostacolo fisso,Una carreggiata a doppio senso,Asciutto,Asfaltata,Verticale,Sereno,Scarso,Sufficiente,Sufficiente,2,0,0,0,FRONTE PROSS.Tà CIV.12,NA
8,05/10/2014 04.00.00,Provinciale entro l'abitato,all'intersezione con,VIA BASELICE,Tamponamento,Una carreggiata a doppio senso,Asciutto,Asfaltata,Verticale ed orizzontale,Sereno,Scarso,Buona,Ore Diurne,1,0,0,2,NA,NA
4,05/10/2014 04.20.00,Strada Urbana,da specificare,NA,Veicolo in marcia contro ostacolo fisso,Una carreggiata a senso unico di marcia,Asciutto,Asfaltata,Verticale ed orizzontale,Sereno,Scarso,Buona,Sufficiente,0,0,0,3,rampa di uscita direzione Stazione Tiburtina,NA
2,05/10/2014 05.30.00,Strada Urbana,in prossimità,del civico n.,Veicolo in marcia contro veicoli in sosta,Due carreggiate,Asciutto,Asfaltata,Verticale ed orizzontale,Sereno,Scarso,Sufficiente,Sufficiente,0,0,0,1,NA,30
12,05/10/2014 06.35.00,Strada Urbana,da specificare,NA,Scontro frontale fra veicoli in marcia,Una carreggiata a doppio senso,Asciutto,Asfaltata,Verticale,Sereno,Scarso,Buona,Ore Diurne,0,0,0,2,prossimità via Ostiense,NA
17,05/10/2014 07.50.00,Strada Urbana,all'intersezione con,BORGO S. ANGELO,Scontro frontale/laterale DX fra veicoli in marcia,Una carreggiata a senso unico di marcia,Asciutto,In cubetti di porfido,Verticale ed orizzontale,Sereno,Scarso,Buona,Ore Diurne,1,0,0,1,NA,NA
11,05/10/2014 08.25.00,Strada Urbana,all'intersezione semaforizzata con,VIA DEL PORTO FLUVIALE,Scontro frontale/laterale DX fra veicoli in marcia,Più di due carreggiate,Asciutto,Asfaltata,Verticale ed orizzontale,Sereno,Normale,Buona,Ore Diurne,4,0,0,0,NA,NA
15,05/10/2014 09.20.00,Strada Urbana,in prossimità,del civico n.,Tamponamento,Due carreggiate,Asciutto,Asfaltata,Orizzontale,Sereno,Normale,Buona,Ore Diurne,0,0,0,4,NA,544/F
8,05/10/2014 09.30.00,Strada Urbana,all'intersezione con,VIA DI TORRE GAIA,Tamponamento,Una carreggiata a doppio senso,Asciutto,Asfaltata,Verticale ed orizzontale,Sereno,Normale,Buona,Sufficiente,1,0,0,1,NA,NA
12,05/10/2014 10.00.00,Provinciale,da specificare,NA,Tamponamento,Una carreggiata a doppio senso,Asciutto,Asfaltata,Verticale ed orizzontale,Sereno,Normale,Buona,Ore Diurne,1,0,0,2,500 MT DOPO G.R.A. DIR. ROMA CENTRO,NA
17,05/10/2014 10.00.00,Strada Urbana,in prossimità,del civico n.,Investimento di pedone,Due carreggiate,Asciutto,Asfaltata,Verticale,Sereno,Normale,Buona,Ore Diurne,1,0,0,0,NA,43
4,05/10/2014 10.20.00,Strada Urbana,in corrispondenza,del civico n.,Scontro laterale fra veicoli in marcia,Due carreggiate,Asciutto,Asfaltata,Assente,Sereno,Normale,Buona,Ore Diurne,0,0,0,2,NA,4
20,05/10/2014 10.25.00,Strada Urbana,in prossimità,del civico n.,Scontro laterale fra veicoli in marcia,Una carreggiata a doppio senso,Asciutto,Asfaltata,Orizzontale,Sereno,Scarso,Buona,Ore Diurne,0,0,0,2,NA,15
4,05/10/2014 10.40.00,Strada Urbana,all'intersezione con,VIA GIOVANNI CONTI,Scontro frontale fra veicoli in marcia,Più di due carreggiate,Asciutto,Asfaltata,Verticale ed orizzontale,Sereno,Normale,Buona,Ore Diurne,1,0,0,2,NA,NA
7,05/10/2014 10.45.00,Strada Urbana,da specificare,NA,Tamponamento,Una carreggiata a doppio senso,Asciutto,Asfaltata,Orizzontale,Sereno,Scarso,Buona,Ore Diurne,1,0,0,2,altezza attraversamento pedonale via Lucio Mummio,NA
5,05/10/2014 10.45.00,Strada Urbana,all'intersezione semaforizzata con,VIA DI CASAL DEI PAZZI,Scontro frontale/laterale SX fra veicoli in marcia,Due carreggiate,Asciutto,Asfaltata,Verticale ed orizzontale,Sereno,Normale,Buona,Ore Diurne,0,0,0,2,NA,NA
8,05/10/2014 10.50.00,Strada Urbana,all'intersezione con,VIA FRANCESCO ROSASPINA,Scontro frontale/laterale DX fra veicoli in marcia,Una carreggiata a senso unico di marcia,Asciutto,Asfaltata,Verticale,Sereno,Scarso,Buona,Ore Diurne,0,0,0,4,NA,NA
1,05/10/2014 11.00.00,Strada Urbana,in prossimità,del civico n.,Infortunio per caduta del veicolo,Due carreggiate,Asciutto,Asfaltata,Verticale ed orizzontale,Sereno,Normale,Buona,Ore Diurne,0,0,0,1,NA,snc
16,05/10/2014 11.10.00,NA,in corrispondenza,del civico n.,Veicolo in marcia contro veicolo in sosta,NA,NA,NA,NA,NA,NA,NA,NA,0,0,0,1,NA,7
7,05/10/2014 11.15.00,Strada Urbana,in corrispondenza,del palo luce n.,Tamponamento,Due carreggiate,Asciutto,Asfaltata,Orizzontale,Sereno,Scarso,Buona,Ore Diurne,2,0,0,3,NA,313
5,05/10/2014 11.30.00,Strada Urbana,in prossimità,del civico n.,Scontro laterale fra veicoli in marcia,Una carreggiata a doppio senso,Asciutto,Asfaltata,Orizzontale,Sereno,Scarso,Buona,Ore Diurne,0,0,0,2,NA,1093
19,05/10/2014 11.30.00,Strada Urbana,all'intersezione con,VIA LICINIO CALVO,Scontro laterale fra veicoli in marcia,Una carreggiata a doppio senso,Asciutto,Asfaltata,Assente,Sereno,Normale,Buona,Ore Diurne,0,0,0,2,NA,NA
3,05/10/2014 11.40.00,Strada Urbana,da specificare,NA,Veicolo in marcia contro veicolo in sosta,Una carreggiata a doppio senso,Asciutto,Asfaltata,Verticale ed orizzontale,Sereno,Normale,Buona,Ore Diurne,2,0,0,0,FRONTE  CIV. 27,NA
16,05/10/2014 11.50.00,NA,all'intersezione con,VIA DI S. PANCRAZIO,Infortunio per sola frenata improvvisa,NA,NA,NA,NA,NA,NA,NA,NA,0,0,0,1,NA,NA
4,05/10/2014 12.05.00,Strada Urbana,in prossimità,del civico n.,Scontro laterale fra veicoli in marcia,Una carreggiata a doppio senso,Asciutto,Asfaltata,Verticale ed orizzontale,Sereno,Normale,Buona,Ore Diurne,0,0,0,2,NA,20
15,05/10/2014 12.10.00,Strada Urbana,all'intersezione con,VIA DEL CASALETTO,Scontro laterale fra veicoli in marcia,Due carreggiate,Asciutto,Asfaltata,Verticale ed orizzontale,Sereno,Normale,Buona,Ore Diurne,1,0,0,0,NA,NA
19,05/10/2014 12.15.00,Strada Urbana,da specificare,NA,Tamponamento Multiplo,Una carreggiata a senso unico di marcia,Asciutto,Asfaltata,Assente,Sereno,Intenso,Buona,Ore Diurne,0,0,0,4,POCO DOPO INGRESSO VIA M. FANI,NA