Gruppo,DataOraIncidente,Localizzazione1,Localizzazione2,Strada02,NaturaIncidente,TipoStrada,FondoStradale,Pavimentazione,Segnaletica,CondizioneAtmosferica,Traffico,Visibilita,Illuminazione,NUM_FERITI,NUM_RISERVATA,NUM_MORTI,NUM_ILLESI,DaSpecificare,Chilometrica
16,05/10/2014 12.25.00,NA,in corrispondenza,del civico n.,Scontro laterale fra veicoli in marcia,NA,NA,NA,NA,NA,NA,NA,NA,1,0,0,2,NA,227
13,05/10/2014 12.30.00,Strada Urbana,da specificare,NA,Tamponamento Multiplo,Una carreggiata a doppio senso,Asciutto,Asfaltata,Verticale ed orizzontale,Sereno,Normale,Buona,Ore Diurne,0,0,0,9,alt. semaforo CASAL BERNOCCHI,NA
17,05/10/2014 12.45.00,Strada Urbana,in prossimità,del civico n.,Scontro laterale fra veicoli in marcia,Una carreggiata a senso unico di marcia,Asciutto,Asfaltata,Verticale ed orizzontale,Sereno,Normale,Buona,Ore Diurne,2,0,0,1,NA,9
20,05/10/2014 12.50.00,Regionale,in prossimità,del civico n.,Tamponamento,Una carreggiata a doppio senso,Asciutto,Asfaltata,Orizzontale,Sereno,Normale,Buona,Ore Diurne,3,0,0,3,NA,1805
13,05/10/2014 13.00.00,Strada Urbana,in prossimità,del civico n.,Investimento di pedone,Una carreggiata a doppio senso,Asciutto,Asfaltata,Assente,Sereno,Normale,Buona,Ore Diurne,0,1,0,1,NA,11
10,05/10/2014 13.30.00,Statale,da specificare,NA,Tamponamento,Più di due carreggiate,Asciutto,Asfaltata,Verticale ed orizzontale,Sereno,Normale,Buona,Ore Diurne,1,0,0,2,fronte a via Bisignano dir. Roma centro,NA
8,05/10/2014 13.45.00,Strada Urbana,all'intersezione con,VIA DI PRATAPORCI,Scontro laterale fra veicoli in marcia,Una carreggiata a doppio senso,Asciutto,Asfaltata,Verticale ed orizzontale,Sereno,Normale,Buona,Ore Diurne,0,0,0,4,NA,NA
1,05/10/2014 13.50.00,Strada Urbana,all'intersezione con,VIA BRAMANTE,Veicolo in marcia contro veicoli in sosta,Una carreggiata a senso unico di marcia,Asciutto,Asfaltata,Verticale ed orizzontale,Sereno,Scarso,Buona,Ore Diurne,0,0,0,1,NA,NA
12,05/10/2014 13.55.00,Provinciale,all'intersezione con,VIA DELLA SELVOTTA,Scontro frontale/laterale DX fra veicoli in marcia,Una carreggiata a doppio senso,Asciutto,Asfaltata,Temporanea di cantiere,Sereno,Scarso,Buona,Ore Diurne,1,0,0,1,NA,NA
16,05/10/2014 14.00.00,Strada Urbana,all'intersezione con,VIA ANTON GIULIO BARRILI,Scontro laterale fra veicoli in marcia,Una carreggiata a senso unico di marcia,Asciutto,Asfaltata,Verticale ed orizzontale,Sereno,Scarso,Buona,Ore Diurne,1,0,0,2,NA,NA
17,05/10/2014 14.20.00,Strada Urbana,in prossimità,del civico n.,Scontro frontale/laterale SX fra veicoli in marcia,Una carreggiata a senso unico di marcia,Asciutto,Asfaltata,Verticale,Sereno,Scarso,Buona,Ore Diurne,1,0,0,1,NA,6868
8,05/10/2014 14.45.00,Strada Urbana,all'intersezione con,VIA CALTAGIRONE,Scontro frontale/laterale SX fra veicoli in marcia,Una carreggiata a senso unico di marcia,Asciutto,Asfaltata,Verticale,Sereno,Normale,Buona,Ore Diurne,3,0,0,1,NA,NA
13,05/10/2014 15.00.00,Strada Urbana,da specificare,NA,Tamponamento Multiplo,Una carreggiata a doppio senso,Asciutto,Asfaltata,Orizzontale,Sereno,Normale,Buona,Ore Diurne,0,0,0,7,in corrispondenza VIA C. LENORMANT,NA
4,05/10/2014 15.10.00,Strada Urbana,all'intersezione con,VIA ARTURO GRAF,Scontro frontale/laterale DX fra veicoli in marcia,Due carreggiate,Asciutto,Asfaltata,Verticale ed orizzontale,Sereno,Normale,Buona,Ore Diurne,1,0,0,1,NA,NA
5,05/10/2014 15.15.00,Strada Urbana,all'intersezione con,VIA RAFFAELE MAJETTI,Scontro frontale/laterale SX fra veicoli in marcia,Una carreggiata a doppio senso,Asciutto,Asfaltata,Verticale ed orizzontale,Sereno,Normale,Buona,Ore Diurne,1,0,0,1,NA,NA
6,05/10/2014 16.15.00,Strada Urbana,all'intersezione con,LARGO DEI QUINTILI,Scontro frontale/laterale SX fra veicoli in marcia,Una carreggiata a doppio senso,Asciutto,Asfaltata,Verticale ed orizzontale,Sereno,Normale,Buona,Ore Diurne,0,0,0,2,NA,NA
17,05/10/2014 16.20.00,Strada Urbana,in prossimità,del civico n.,Veicolo in marcia contro veicolo in sosta,Due carreggiate,Asciutto,Asfaltata,Verticale ed orizzontale,Sereno,Scarso,Buona,Ore Diurne,0,0,0,1,NA,42
11,05/10/2014 16.30.00,Strada Urbana,all'intersezione semaforizzata con,VIA DI S. PETRONILLA,Scontro frontale/laterale SX fra veicoli in marcia,Due carreggiate,Asciutto,Asfaltata,Verticale ed orizzontale,Sereno,Normale,Buona,Ore Diurne,2,0,0,0,NA,NA
20,05/10/2014 17.00.00,Statale,in prossimità,del civico n.,Scontro laterale fra veicoli in marcia,Una carreggiata a doppio senso,Asciutto,Asfaltata,Orizzontale,Sereno,Normale,Buona,Ore Diurne,3,0,0,0,NA,2040
1,05/10/2014 17.00.00,Strada Urbana,all'intersezione con,VIA DELLE TERME DECIANE,Scontro frontale/laterale SX fra veicoli in marcia,Una carreggiata a senso unico di marcia,Asciutto,Asfaltata,Verticale ed orizzontale,Sereno,Intenso,Buona,Ore Diurne,1,0,0,1,NA,NA
13,05/10/2014 17.00.00,Strada Urbana,all'intersezione con,VIA FRANCO GENTILINI,Scontro frontale/laterale DX fra veicoli in marcia,Una carreggiata a doppio senso,Asciutto,Asfaltata,Verticale,Sereno,Normale,Buona,Ore Diurne,1,0,0,4,NA,NA
18,05/10/2014 18.00.00,Strada Urbana,all'intersezione con,VIA DI CASAL SELCE,Tamponamento,Una carreggiata a doppio senso,Asciutto,Asfaltata,Verticale ed orizzontale,Sereno,Scarso,Buona,Ore Diurne,0,0,0,5,NA,NA
2,05/10/2014 18.00.00,Strada Urbana,all'intersezione semaforizzata con,CIRCONVALLAZIONE SALARIA,Investimento di pedone,Due carreggiate,Asciutto,Asfaltata,Verticale ed orizzontale,Sereno,Normale,Buona,Ore Diurne,1,0,0,3,NA,NA
8,05/10/2014 18.00.00,Strada Urbana,all'intersezione con,VIA PETRALIA SOTTANA,Scontro frontale/laterale SX fra veicoli in marcia,Una carreggiata a doppio senso,Asciutto,Asfaltata,Verticale ed orizzontale,Sereno,Normale,Buona,Ore Diurne,0,0,0,3,NA,NA
12,05/10/2014 18.10.00,Strada Urbana,da specificare,NA,Tamponamento,Una carreggiata a doppio senso,Asciutto,Asfaltata,Verticale ed orizzontale,Sereno,Intenso,Buona,Ore Diurne,2,0,0,1,altezza uscita motorizzazione,NA
16,05/10/2014 18.45.00,Strada Urbana,in prossimità,del civico n.,Veicolo in marcia contro veicolo in sosta,Una carreggiata a doppio senso,Asciutto,Asfaltata,Verticale ed orizzontale,Sereno,Normale,Buona,Ore Diurne,0,0,0,3,NA,67
5,05/10/2014 19.00.00,Strada Urbana,in prossimità,del civico n.,Tamponamento,Una carreggiata a senso unico di marcia,Asciutto,Asfaltata,Verticale,Sereno,Normale,Buona,Ore Diurne,0,0,0,3,NA,120
11,05/10/2014 19.45.00,Strada Urbana,all'intersezione semaforizzata con,VIA LAURENTINA,Veicolo in marcia contro ostacolo accidentale,Più di due carreggiate,Asciutto,Asfaltata,Verticale ed orizzontale,Sereno,Normale,Buona,Sufficiente,0,0,0,1,NA,NA
6,05/10/2014 20.00.00,Provinciale entro l'abitato,in prossimità,del civico n.,Tamponamento,Più di due carreggiate,Asciutto,Asfaltata,Verticale ed orizzontale,Sereno,Normale,Buona,Sufficiente,0,0,0,2,NA,144
6,05/10/2014 20.00.00,Strada Urbana,in prossimità,del civico n.,Scontro laterale fra veicoli in marcia,Una carreggiata a doppio senso,Asciutto,Asfaltata,Verticale,Sereno,Scarso,Buona,Sufficiente,1,0,0,1,NA,4
2,05/10/2014 20.00.00,Strada Urbana,da specificare,NA,Tamponamento,Una carreggiata a senso unico di marcia,Asciutto,Asfaltata,Verticale ed orizzontale,Sereno,Normale,Buona,Ore Diurne,0,0,0,2,alt. p.le Delle Belle Arti,NA
13,05/10/2014 20.05.00,Strada Urbana,all'intersezione con,VIA ISOLE SALOMONE,Scontro frontale/laterale SX fra veicoli in marcia,Una carreggiata a doppio senso,Asciutto,Asfaltata,Verticale ed orizzontale,Sereno,Normale,Buona,Sufficiente,2,0,0,1,NA,NA
8,05/10/2014 20.35.00,Strada Urbana,all'intersezione con,VIA DELLE AMADRIADI,Scontro frontale/laterale DX fra veicoli in marcia,Una carreggiata a doppio senso,Asciutto,Asfaltata,Verticale,Sereno,Scarso,Buona,Sufficiente,2,0,0,2,NA,NA
17,05/10/2014 20.50.00,Strada Urbana,da specificare,NA,Veicolo in marcia contro veicolo in sosta,Una carreggiata a senso unico di marcia,Asciutto,In cubetti di porfido,Verticale ed orizzontale,Sereno,Normale,Buona,Sufficiente,0,0,0,1,alt. civ. 17,NA
4,05/10/2014 21.20.00,Strada Urbana,da specificare,NA,Tamponamento,Due carreggiate,Asciutto,Asfaltata,Verticale ed orizzontale,Sereno,Scarso,Buona,Sufficiente,1,0,0,2,prossimità viadotto Antonio Segni,NA
10,05/10/2014 22.20.00,Strada Urbana,in prossimità,del civico n.,Scontro laterale fra veicoli in marcia,Due carreggiate,Asciutto,Asfaltata,Verticale ed orizzontale,Sereno,Scarso,Sufficiente,Sufficiente,0,1,0,0,NA,1154
19,05/11/2014 00.05.00,Strada Urbana,all'intersezione con,VIA NICOLO' ALBERGATI,Scontro frontale/laterale SX fra veicoli in marcia,Una carreggiata a doppio senso,Asciutto,Asfaltata,Verticale ed orizzontale,Sereno,Scarso,Sufficiente,Sufficiente,0,0,0,1,NA,NA
10,05/11/2014 01.00.00,Statale entro l'abitato,all'intersezione semaforizzata con,VIA APPIA PIGNATELLI,Tamponamento Multiplo,Una carreggiata a senso unico di marcia,Asciutto,Asfaltata,Verticale ed orizzontale,Sereno,Scarso,Buona,Sufficiente,0,0,0,5,NA,NA
5,05/11/2014 01.05.00,Strada Urbana,all'intersezione semaforizzata con,VIA DEI DURANTINI,Scontro laterale fra veicoli in marcia,Due carreggiate,Asciutto,Asfaltata,Verticale ed orizzontale,Sereno,Normale,Sufficiente,Sufficiente,0,0,0,3,NA,NA
8,05/11/2014 01.25.00,Strada Urbana,da specificare,NA,Scontro laterale fra veicoli in marcia,Una carreggiata a doppio senso,Asciutto,Asfaltata,Verticale ed orizzontale,Sereno,Scarso,Buona,Sufficiente,1,0,0,1,50 mt dopo V. del casalone,NA
1,05/11/2014 02.00.00,Strada Urbana,in corrispondenza,del civico n.,Scontro laterale fra veicoli in marcia,Una carreggiata a doppio senso,Asciutto,Asfaltata,Verticale ed orizzontale,Sereno,Scarso,Buona,Sufficiente,0,0,0,2,NA,12/A
17,05/11/2014 02.40.00,Strada Urbana,all'intersezione con,VIA PROPERZIO,Scontro frontale/laterale DX fra veicoli in marcia,Una carreggiata a doppio senso,Asciutto,In cubetti di porfido,Verticale ed orizzontale,Sereno,Scarso,Buona,Sufficiente,1,0,0,7,NA,NA
5,05/11/2014 04.30.00,Strada Urbana,in corrispondenza,del civico n.,Veicolo in marcia contro ostacolo fisso,Una carreggiata a doppio senso,Asciutto,Asfaltata,Assente,Sereno,Scarso,Sufficiente,Sufficiente,0,0,0,1,NA,118a
3,05/11/2014 05.30.00,Strada Urbana,da specificare,NA,Infortunio per sola frenata improvvisa,Più di due carreggiate,Asciutto,Asfaltata,Verticale ed orizzontale,Sereno,Normale,Buona,Ore Diurne,1,0,0,0,FRONTE CIVICO 120,NA
15,05/11/2014 06.00.00,Strada Urbana,da specificare,NA,Veicolo in marcia contro veicoli in sosta,Due carreggiate,Asciutto,Asfaltata,Orizzontale,Sereno,Scarso,Buona,Sufficiente,0,0,0,0,in prossimità Via della Magliana,NA
12,05/11/2014 06.30.00,Strada Urbana,in corrispondenza,del civico n.,Veicolo in marcia contro veicoli in sosta,Una carreggiata a doppio senso,Asciutto,Asfaltata,Assente,Nuvoloso,Scarso,Sufficiente,Sufficiente,0,0,0,1,NA,166
4,05/11/2014 06.55.00,Strada Urbana,all'intersezione semaforizzata con,VIALE TITINA DE FILIPPO,Scontro frontale/laterale DX fra veicoli in marcia,Una carreggiata a doppio senso,Asciutto,Asfaltata,Verticale,Sereno,Scarso,Buona,Ore Diurne,1,0,0,2,NA,NA
18,05/11/2014 07.00.00,Strada Urbana,in prossimità,del civico n.,Veicolo in marcia contro ostacolo fisso,Una carreggiata a doppio senso,Asciutto,Asfaltata,Verticale ed orizzontale,Sereno,Scarso,Buona,Ore Diurne,0,0,0,1,NA,50/D
9,05/11/2014 07.30.00,Strada Urbana,in prossimità,del civico n.,Tamponamento Multiplo,Una carreggiata a doppio senso,Asciutto,Asfaltata,Verticale ed orizzontale,Sereno,Scarso,Buona,Ore Diurne,0,0,0,3,NA,90
9,05/11/2014 07.40.00,Strada Urbana,in prossimità,del civico n.,Scontro laterale fra veicoli in marcia,Una carreggiata a doppio senso,Asciutto,Asfaltata,Verticale ed orizzontale,Sereno,Scarso,Buona,Ore Diurne,0,0,0,2,NA,283
19,05/11/2014 08.00.00,Strada Urbana,da specificare,NA,Investimento di pedone,Una carreggiata a doppio senso,Asciutto,Asfaltata,Assente,Sereno,Scarso,Buona,Ore Diurne,1,0,0,2,s.n.c.,NA
6,05/11/2014 09.00.00,Strada Urbana,in corrispondenza,del civico n.,Veicolo in marcia contro veicoli in sosta,Due carreggiate,Asciutto,Asfaltata,Assente,Sereno,Scarso,Buona,Ore Diurne,0,0,0,0,NA,197
1,05/11/2014 09.00.00,Strada Urbana,in prossimità,del civico n.,Investimento di pedone,Una carreggiata a senso unico di marcia,Asciutto,In cubetti di porfido,Verticale ed orizzontale,Sereno,Normale,Buona,Ore Diurne,0,1,0,1,NA,16
11,05/11/2014 09.20.00,Strada Urbana,all'intersezione con,VIA DEI GEORGOFILI,Scontro frontale/laterale SX fra veicoli in marcia,Due carreggiate,Asciutto,Asfaltata,Verticale ed orizzontale,Nuvoloso,Scarso,Buona,Ore Diurne,0,0,0,2,NA,NA
12,05/11/2014 10.20.00,Strada Urbana,da specificare,NA,Scontro laterale fra veicoli in marcia,Due carreggiate,Asciutto,Asfaltata,Verticale ed orizzontale,Sereno,Normale,Buona,Ore Diurne,0,0,0,2,PROX VIA OSCAR SINIGALLIA,NA
6,05/11/2014 10.35.00,Strada Urbana,in prossimità,del civico n.,Scontro laterale fra veicoli in marcia,Più di due carreggiate,Asciutto,Asfaltata,Orizzontale,Nuvoloso,Scarso,Buona,Ore Diurne,0,0,0,2,NA,176 A/B
17,05/11/2014 10.45.00,Strada Urbana,all'intersezione con,VIA PODGORA,Scontro frontale fra veicoli in marcia,Due carreggiate,Asciutto,Asfaltata,Verticale ed orizzontale,Nuvoloso,Scarso,Buona,Ore Diurne,1,0,0,4,NA,NA
18,05/11/2014 11.00.00,Strada Urbana,in prossimità,del civico n.,Tamponamento,Due carreggiate,Asciutto,Asfaltata,Verticale ed orizzontale,Sereno,Normale,Buona,Ore Diurne,0,0,0,4,NA,16
11,05/11/2014 11.00.00,Strada Urbana,all'intersezione con,VIA GABRIELLO CHIABRERA,Scontro frontale/laterale DX fra veicoli in marcia,Due carreggiate,Asciutto,Asfaltata,Verticale ed orizzontale,Sereno,Normale,Buona,Ore Diurne,1,0,0,2,NA,NA
16,05/11/2014 11.15.00,Strada Urbana,da specificare,NA,Scontro frontale/laterale SX fra veicoli in marcia,Una carreggiata a doppio senso,Asciutto,Asfaltata,Verticale ed orizzontale,Sereno,Scarso,Buona,Ore Diurne,0,0,0,2,fronte civico 75,NA
3,05/11/2014 11.20.00,Strada Urbana,da specificare,NA,Veicolo in marcia contro ostacolo accidentale,Una carreggiata a senso unico di marcia,Asciutto,Asfaltata,Verticale ed orizzontale,Sereno,Scarso,Buona,Ore Diurne,0,0,0,1,fronte civico 3,NA
20,05/11/2014 11.35.00,Strada Urbana,da specificare,NA,Scontro frontale/laterale DX fra veicoli in marcia,Una carreggiata a doppio senso,Asciutto,Asfaltata,Verticale ed orizzontale,Sereno,Normale,Buona,Ore Diurne,2,0,0,1,prossimità fronte civico n. 1156,NA
13,05/11/2014 11.45.00,NA,da specificare,NA,Scontro laterale fra veicoli in marcia,NA,NA,NA,NA,NA,NA,NA,NA,0,0,0,4,altezza ponticello idrovore CBTAR,NA
18,05/11/2014 11.45.00,Strada Urbana,da specificare,NA,Tamponamento,Due carreggiate,Asciutto,Asfaltata,Verticale ed orizzontale,Sereno,Normale,Buona,Ore Diurne,0,0,0,2,in prossimita' di Largo Perassi,NA
5,05/11/2014 11.50.00,Strada Urbana,da specificare,NA,Tamponamento Multiplo,Una carreggiata a doppio senso,Asciutto,Asfaltata,Orizzontale,Sereno,Scarso,Buona,Ore Diurne,0,0,0,3,fronte civico 80,NA
20,05/11/2014 12.00.00,Strada Urbana,da specificare,NA,Scontro frontale fra veicoli in marcia,Una carreggiata a doppio senso,Asciutto,Asfaltata,Orizzontale,Sereno,Intenso,Buona,Ore Diurne,0,0,0,2,interno galleria Fleming dir. Salaria,NA
10,05/11/2014 12.15.00,Provinciale entro l'abitato,all'intersezione semaforizzata con,VIA S. MARIA DEL BUON CONSIGLIO,Scontro frontale/laterale DX fra veicoli in marcia,Due carreggiate,Asciutto,Asfaltata,Verticale ed orizzontale,Nuvoloso,Normale,Buona,Ore Diurne,0,0,0,4,NA,NA
8,05/11/2014 13.10.00,Provinciale entro l'abitato,in prossimità,del civico n.,Scontro laterale fra veicoli in marcia,Una carreggiata a doppio senso,Asciutto,Asfaltata,Verticale ed orizzontale,Sereno,Normale,Buona,Ore Diurne,0,0,1,4,NA,1441
16,05/11/2014 13.30.00,Strada Urbana,in corrispondenza,del civico n.,Veicolo in marcia contro veicolo in sosta,Una carreggiata a doppio senso,Asciutto,Asfaltata,Assente,Sereno,Scarso,Buona,Ore Diurne,0,0,0,1,NA,13
6,05/11/2014 14.05.00,Strada Urbana,in prossimità,del civico n.,Tamponamento,Una carreggiata a doppio senso,Asciutto,Asfaltata,Verticale ed orizzontale,Nuvoloso,Scarso,Buona,Ore Diurne,3,0,0,0,NA,284/A
11,05/11/2014 14.15.00,Strada Urbana,in prossimità,del civico n.,Scontro laterale fra veicoli in marcia,Due carreggiate,Asciutto,Asfaltata,Orizzontale,Sereno,Scarso,Buona,Ore Diurne,1,0,0,1,NA,698
1,05/11/2014 14.30.00,Strada Urbana,all'intersezione semaforizzata con,VIA AMERIGO VESPUCCI,Scontro frontale/laterale SX fra veicoli in marcia,Una carreggiata a doppio senso,Asciutto,Asfaltata,Verticale ed orizzontale,Sereno,Scarso,Buona,Ore Diurne,0,0,0,3,NA,NA
20,05/11/2014 16.00.00,Provinciale entro l'abitato,in prossimità,del civico n.,Scontro frontale fra veicoli in marcia,Una carreggiata a doppio senso,Asciutto,Asfaltata,Orizzontale,Sereno,Normale,Buona,Ore Diurne,3,0,0,0,NA,1630
19,05/11/2014 16.00.00,Strada Urbana,in corrispondenza,della chilometrica,Scontro frontale/laterale SX fra veicoli in marcia,Una carreggiata a doppio senso,Asciutto,Asfaltata,Orizzontale,Nuvoloso,Normale,Buona,Ore Diurne,2,0,0,3,NA,0.3
4,05/11/2014 16.30.00,Strada Urbana,all'intersezione con,VIA MONTE ROCCHETTA,Scontro frontale/laterale DX fra veicoli in marcia,Due carreggiate,Asciutto,Asfaltata,Verticale ed orizzontale,Sereno,Normale,Buona,Ore Diurne,1,0,0,3,NA,NA
18,05/11/2014 16.40.00,Strada Urbana,in prossimità,del civico n.,Scontro frontale fra veicoli in marcia,Una carreggiata a doppio senso,Asciutto,Asfaltata,Orizzontale,Nuvoloso,Normale,Buona,Ore Diurne,1,0,0,2,NA,35
20,05/11/2014 17.15.00,Strada Urbana,in corrispondenza,del civico n.,Scontro laterale fra veicoli in marcia,Una carreggiata a doppio senso,Asciutto,Asfaltata,Orizzontale,Sereno,Normale,Buona,Ore Diurne,1,0,0,3,NA,f.c. 222
5,05/11/2014 17.35.00,Strada Urbana,in corrispondenza,del civico n.,Investimento di pedone,Una carreggiata a senso unico di marcia,Asciutto,Asfaltata,Orizzontale,Sereno,Scarso,Buona,Ore Diurne,1,0,0,1,NA,3/A
1,05/11/2014 18.00.00,Strada Urbana,in prossimità,del civico n.,Scontro frontale/laterale SX fra veicoli in marcia,Una carreggiata a senso unico di marcia,Asciutto,Asfaltata,Verticale ed orizzontale,Sereno,Normale,Buona,Ore Diurne,0,0,0,8,NA,5
7,05/11/2014 18.15.00,Strada Urbana,da specificare,NA,Scontro laterale fra veicoli in marcia,Una carreggiata a senso unico di marcia,Asciutto,Asfaltata,Verticale ed orizzontale,Sereno,Scarso,Buona,Ore Diurne,0,0,0,5,ALL'INTERSEZIONE CON VIA FRANCESCO BONAFEDE,NA
15,05/11/2014 18.30.00,Strada Urbana,in prossimità,del palo luce n.,Tamponamento,Una carreggiata a doppio senso,Asciutto,Asfaltata,Verticale ed orizzontale,Sereno,Normale,Buona,Ore Diurne,1,0,0,1,NA,294
9,05/11/2014 18.30.00,Strada Urbana,da specificare,NA,Scontro laterale fra veicoli in marcia,Due carreggiate,Asciutto,Asfaltata,Verticale ed orizzontale,Sereno,Normale,Buona,Ore Diurne,1,0,0,2,prossimità Piazza Porta S. Giovanni,NA
1,05/11/2014 18.55.00,Strada Urbana,all'intersezione con,VIA DEL TEMPIO,Scontro frontale/laterale DX fra veicoli in marcia,Una carreggiata a senso unico di marcia,Asciutto,Asfaltata,Verticale ed orizzontale,Sereno,Scarso,Buona,Ore Diurne,2,0,0,1,NA,NA
5,05/11/2014 19.30.00,Strada Urbana,da specificare,NA,Tamponamento,Una carreggiata a doppio senso,Asciutto,Asfaltata,Verticale ed orizzontale,Nuvoloso,Normale,Sufficiente,Sufficiente,1,0,0,1,"altezza ponte di Portonaccio, dir. centro ",NA
20,05/11/2014 19.40.00,Strada Urbana,in prossimità,del civico n.,Scontro frontale/laterale SX fra veicoli in marcia,Una carreggiata a doppio senso,Asciutto,Asfaltata,Verticale,Sereno,Normale,Sufficiente,Sufficiente,0,0,0,5,NA,80
5,05/11/2014 20.10.00,Strada Urbana,in corrispondenza,del civico n.,Scontro laterale fra veicoli in marcia,Una carreggiata a doppio senso,Asciutto,Asfaltata,Verticale ed orizzontale,Sereno,Normale,Buona,Sufficiente,2,0,0,3,NA,824
16,05/11/2014 20.30.00,Strada Urbana,all'intersezione con,VIA DEI BONACOLSI,Scontro frontale/laterale SX fra veicoli in marcia,Una carreggiata a doppio senso,Asciutto,Asfaltata,Verticale,Sereno,Normale,Sufficiente,Sufficiente,0,0,0,2,NA,NA
3,05/11/2014 20.45.00,Strada Urbana,all'intersezione con,VIA GIORGIO BAGLIVI,Scontro laterale fra veicoli in marcia,Una carreggiata a senso unico di marcia,Asciutto,Asfaltata,Verticale ed orizzontale,Sereno,Normale,Sufficiente,Sufficiente,0,0,0,4,NA,NA
2,05/11/2014 20.45.00,Strada Urbana,all'intersezione con,VIA ANTONIO GRAMSCI,Tamponamento,Una carreggiata a doppio senso,Asciutto,Asfaltata,Verticale ed orizzontale,Sereno,Normale,Buona,Sufficiente,0,0,0,3,NA,NA
1,05/11/2014 20.55.00,Strada Urbana,in corrispondenza,del civico n.,Investimento di pedone,Una carreggiata a senso unico di marcia,Asciutto,Acciotolata,Assente,Nebbia,Intenso,Sufficiente,Sufficiente,0,0,0,2,NA,36
8,05/11/2014 21.10.00,Strada Urbana,all'intersezione con,VIA GIARRATANA,Scontro frontale/laterale SX fra veicoli in marcia,Una carreggiata a doppio senso,Asciutto,Asfaltata,Verticale ed orizzontale,Sereno,Scarso,Insufficiente,Inesistente,0,0,0,4,NA,NA
11,05/11/2014 21.15.00,Strada Urbana,all'intersezione semaforizzata con,VIA ADOLFO RAVA',Scontro laterale fra veicoli in marcia,Una carreggiata a doppio senso,Asciutto,Asfaltata,Verticale ed orizzontale,Sereno,Scarso,Buona,Sufficiente,1,0,0,1,NA,NA
8,05/11/2014 22.15.00,Strada Urbana,in prossimità,del civico n.,Veicolo in marcia contro veicolo in sosta,Una carreggiata a senso unico di marcia,Asciutto,Asfaltata,Assente,Sereno,Scarso,Buona,Sufficiente,0,0,0,0,NA,58
13,05/11/2014 23.00.00,Strada Urbana,all'intersezione semaforizzata con,VIA PINDARO,Scontro frontale/laterale DX fra veicoli in marcia,Più di due carreggiate,Asciutto,Asfaltata,Verticale ed orizzontale,Sereno,Normale,Buona,Sufficiente,7,0,0,1,NA,NA
11,05/12/2014 00.30.00,Strada Urbana,in prossimità,del civico n.,Veicolo in marcia contro veicolo fermo,Più di due carreggiate,Asciutto,Asfaltata,Verticale ed orizzontale,Sereno,Scarso,Sufficiente,Sufficiente,0,0,0,2,NA,176
6,05/12/2014 01.25.00,Strada Urbana,all'intersezione con,VIA FORMIA,Scontro frontale/laterale DX fra veicoli in marcia,Una carreggiata a doppio senso,Asciutto,Asfaltata,Verticale,Sereno,Normale,Sufficiente,Sufficiente,0,0,0,3,NA,NA
16,05/12/2014 05.10.00,Strada Urbana,in prossimità,del civico n.,Veicolo in marcia contro veicoli in sosta,Più di due carreggiate,Asciutto,Asfaltata,Assente,Sereno,Scarso,Buona,Sufficiente,0,0,0,1,NA,368
18,05/12/2014 07.00.00,Strada Urbana,in prossimità,del civico n.,Tamponamento,Una carreggiata a senso unico di marcia,Asciutto,Asfaltata,Verticale ed orizzontale,Sereno,Intenso,Buona,Ore Diurne,1,0,0,1,NA,332
5,05/12/2014 07.20.00,Strada Urbana,da specificare,NA,Tamponamento,Una carreggiata a doppio senso,Asciutto,Asfaltata,Verticale ed orizzontale,Nuvoloso,Normale,Buona,Ore Diurne,1,0,0,1,prossimità VIA DEI DURANTINI,NA
17,05/12/2014 07.30.00,Strada Urbana,all'intersezione con,VIA SABOTINO,Scontro frontale/laterale DX fra veicoli in marcia,Due carreggiate,Asciutto,Asfaltata,Verticale ed orizzontale,Sereno,Normale,Buona,Ore Diurne,0,0,0,2,NA,NA
20,05/12/2014 07.40.00,Regionale entro l'abitato,in prossimità,del civico n.,Tamponamento,Una carreggiata a doppio senso,Asciutto,Asfaltata,Orizzontale,Nuvoloso,Intenso,Buona,Ore Diurne,0,0,0,2,NA,987
20,05/12/2014 07.45.00,Strada Urbana,all'intersezione con,VIA FOSSO DEL POGGIO,Scontro frontale/laterale DX fra veicoli in marcia,Una carreggiata a doppio senso,Asciutto,Asfaltata,Verticale ed orizzontale,Sereno,Intenso,Buona,Ore Diurne,1,0,0,2,NA,NA
2,05/12/2014 07.45.00,Strada Urbana,all'intersezione semaforizzata con,VIA RAFFAELE STERN,Tamponamento,Una carreggiata a doppio senso,Asciutto,Asfaltata,Verticale ed orizzontale,Nuvoloso,Normale,Buona,Ore Diurne,1,0,0,1,NA,NA
5,05/12/2014 08.10.00,Strada Urbana,da specificare,NA,Scontro laterale fra veicoli in marcia,Una carreggiata a doppio senso,Asciutto,Asfaltata,Orizzontale,Sereno,Intenso,Buona,Ore Diurne,0,0,0,3,prossimità G.R.A.,NA
16,05/12/2014 08.20.00,NA,in prossimità,del palo luce n.,Tamponamento,NA,NA,NA,NA,NA,NA,NA,NA,0,0,0,2,NA,26
9,05/12/2014 08.30.00,Strada Urbana,da specificare,NA,Veicolo in marcia contro veicolo in sosta,Una carreggiata a senso unico di marcia,Asciutto,Asfaltata,Verticale ed orizzontale,Sereno,Intenso,Buona,Ore Diurne,0,0,0,1,in pross. p.zza Galeria,NA