Gruppo,DataOraIncidente,Localizzazione1,Localizzazione2,Strada02,NaturaIncidente,TipoStrada,FondoStradale,Pavimentazione,Segnaletica,CondizioneAtmosferica,Traffico,Visibilita,Illuminazione,NUM_FERITI,NUM_RISERVATA,NUM_MORTI,NUM_ILLESI,DaSpecificare,Chilometrica
10,06/05/2014 15.45.00,Provinciale entro l'abitato,in prossimità,del civico n.,Scontro frontale/laterale SX fra veicoli in marcia,Due carreggiate,Asciutto,Asfaltata,Verticale,Sereno,Normale,Buona,Ore Diurne,0,0,0,3,NA,689/B
11,06/05/2014 15.45.00,Strada Urbana,da specificare,NA,Scontro laterale fra veicoli in marcia,Due carreggiate,Asciutto,Asfaltata,Verticale ed orizzontale,Sereno,Normale,Buona,Ore Diurne,1,0,0,1,prossimità via Caduti senza Croce,NA
16,06/05/2014 15.50.00,Strada Urbana,all'intersezione con,VIA EMILIO LAMI,Scontro frontale/laterale SX fra veicoli in marcia,Una carreggiata a doppio senso,Asciutto,Asfaltata,Verticale ed orizzontale,Sereno,Scarso,Buona,Ore Diurne,0,0,0,3,NA,NA
15,06/05/2014 16.05.00,Strada Urbana,in prossimità,del civico n.,Scontro frontale/laterale SX fra veicoli in marcia,Due carreggiate,Asciutto,Asfaltata,Verticale ed orizzontale,Sereno,Normale,Buona,Ore Diurne,5,0,0,1,NA,305
17,06/05/2014 16.10.00,Strada Urbana,all'intersezione con,VIA VARRONE,Veicolo in marcia contro veicolo in sosta,Una carreggiata a senso unico di marcia,Asciutto,In cubetti di porfido,Verticale ed orizzontale,Sereno,Normale,Buona,Ore Diurne,1,0,0,0,NA,NA
13,06/05/2014 16.15.00,Strada Urbana,in prossimità,del civico n.,Scontro frontale/laterale SX fra veicoli in marcia,Una carreggiata a doppio senso,Asciutto,Asfaltata,Verticale ed orizzontale,Sereno,Scarso,Buona,Ore Diurne,1,0,0,1,NA,3
20,06/05/2014 16.30.00,Provinciale entro l'abitato,da specificare,NA,Investimento di pedone,Una carreggiata a doppio senso,Asciutto,Asfaltata,Orizzontale,Sereno,Normale,Buona,Ore Diurne,1,0,0,1,sotto cavalcavia Giubileo del 2000,NA
2,06/05/2014 16.30.00,Strada Urbana,da specificare,NA,Veicolo in marcia contro ostacolo accidentale,Due carreggiate,Asciutto,Asfaltata,Verticale ed orizzontale,Sereno,Normale,Buona,Ore Diurne,0,0,0,1,in prossimità di V.le M.llo Pilsudski,NA
2,06/05/2014 16.30.00,Strada Urbana,da specificare,NA,Veicolo in marcia contro ostacolo accidentale,Due carreggiate,Asciutto,Asfaltata,Verticale ed orizzontale,Sereno,Normale,Buona,Ore Diurne,0,0,0,1,in prossimità di V.le M.llo Pilsudski,NA
2,06/05/2014 16.30.00,Strada Urbana,da specificare,NA,Veicolo in marcia contro ostacolo accidentale,Due carreggiate,Asciutto,Asfaltata,Verticale ed orizzontale,Sereno,Normale,Buona,Ore Diurne,0,0,0,3,in prossimità di V.le M.llo Pilsudski ,NA
8,06/05/2014 16.45.00,Strada Urbana,all'intersezione con,VIA GIUSEPPE MARRAZZO,Scontro laterale fra veicoli in marcia,Una carreggiata a senso unico di marcia,Asciutto,Asfaltata,Verticale ed orizzontale,Sereno,Normale,Buona,Ore Diurne,0,0,0,6,NA,NA
10,06/05/2014 16.45.00,Strada Urbana,da specificare,NA,Scontro laterale fra veicoli in marcia,Una carreggiata a senso unico di marcia,Asciutto,Asfaltata,Orizzontale,Sereno,Normale,Buona,Ore Diurne,2,0,0,1,"complanare carr. esterna km 42,600",NA
13,06/05/2014 16.50.00,Strada Urbana,in prossimità,del civico n.,Veicolo in marcia contro ostacolo accidentale,Una carreggiata a doppio senso,Asciutto,Asfaltata,Orizzontale,Sereno,Normale,Buona,Ore Diurne,0,0,0,4,NA,61
5,06/05/2014 17.00.00,Strada Urbana,da specificare,NA,Scontro laterale fra veicoli in marcia,Due carreggiate,Asciutto,Asfaltata,Verticale ed orizzontale,Sereno,Normale,Buona,Ore Diurne,1,0,0,2,altezza P.te Mammolo/P. Togliatti dir. G.R.A.,NA
8,06/05/2014 17.00.00,Provinciale entro l'abitato,all'intersezione con,VIA DEL FOSSO DELL'OSA,Scontro frontale/laterale DX fra veicoli in marcia,Una carreggiata a doppio senso,Asciutto,Asfaltata,Orizzontale,Sereno,Normale,Buona,Ore Diurne,0,0,0,3,NA,NA
2,06/05/2014 17.00.00,Strada Urbana,in prossimità,del civico n.,Tamponamento,Una carreggiata a senso unico di marcia,Asciutto,Asfaltata,Verticale ed orizzontale,Sereno,Normale,Buona,Ore Diurne,1,0,0,1,NA,1
2,06/05/2014 17.10.00,Strada Urbana,all'intersezione con,VIA CREMERA,Scontro frontale/laterale SX fra veicoli in marcia,Una carreggiata a senso unico di marcia,Asciutto,Asfaltata,Verticale ed orizzontale,Sereno,Scarso,Buona,Ore Diurne,0,0,0,3,NA,NA
10,06/05/2014 17.15.00,Strada Urbana,in prossimità,del civico n.,Scontro laterale fra veicoli in marcia,Una carreggiata a senso unico di marcia,Asciutto,Asfaltata,Verticale ed orizzontale,Sereno,Intenso,Buona,Ore Diurne,0,0,0,5,NA,341
9,06/05/2014 17.30.00,Strada Urbana,all'intersezione semaforizzata con,VIA TUSCOLANA,Tamponamento,Una carreggiata a doppio senso,Asciutto,Asfaltata,Verticale ed orizzontale,Sereno,Normale,Buona,Ore Diurne,0,0,0,2,NA,NA
10,06/05/2014 17.30.00,Strada Urbana,in corrispondenza,del civico n.,Veicolo in marcia contro veicolo in sosta,Una carreggiata a senso unico di marcia,Asciutto,Asfaltata,Verticale,Sereno,Scarso,Buona,Ore Diurne,0,0,0,2,NA,3
20,06/05/2014 17.40.00,Strada Urbana,da specificare,NA,Scontro laterale fra veicoli in marcia,Due carreggiate,Asciutto,Asfaltata,Verticale ed orizzontale,Sereno,Normale,Buona,Ore Diurne,1,0,0,2,fronte via Flaminia,NA
10,06/05/2014 18.00.00,Strada Urbana,all'intersezione semaforizzata con,VIA DELLE CAPANNELLE,Scontro frontale/laterale DX fra veicoli in marcia,Due carreggiate,Asciutto,Asfaltata,Verticale ed orizzontale,Sereno,Intenso,Buona,Ore Diurne,1,0,0,1,NA,NA
2,06/05/2014 18.10.00,Strada Urbana,in prossimità,del palo luce n.,Tamponamento,Due carreggiate,Asciutto,Asfaltata,Orizzontale,Sereno,Normale,Buona,Ore Diurne,0,0,0,2,NA,27
1,06/05/2014 18.15.00,Strada Urbana,all'intersezione con,VIA DELLE FRASCHE,Scontro frontale/laterale SX fra veicoli in marcia,Una carreggiata a senso unico di marcia,Asciutto,In cubetti di porfido,Verticale ed orizzontale,Sereno,Normale,Buona,Ore Diurne,0,0,0,3,NA,NA
13,06/05/2014 18.15.00,Strada Urbana,all'intersezione con,VIA ARCHELAO DI MILETO,Scontro frontale fra veicoli in marcia,Una carreggiata a doppio senso,Asciutto,Asfaltata,Verticale ed orizzontale,Sereno,Scarso,Buona,Ore Diurne,1,0,0,1,NA,NA
10,06/05/2014 18.20.00,Strada Urbana,da specificare,NA,Investimento di pedone,Una carreggiata a senso unico di marcia,Asciutto,Asfaltata,Assente,Sereno,Scarso,Buona,Ore Diurne,1,0,0,1,parcheggio anagnina ,NA
19,06/05/2014 18.30.00,Strada Urbana,all'intersezione con,VIA ATTILIO FRIGGERI,Investimento di pedone,Una carreggiata a doppio senso,Asciutto,Asfaltata,Orizzontale,Sereno,Normale,Buona,Ore Diurne,1,0,0,1,NA,NA
8,06/05/2014 18.30.00,Strada Urbana,all'intersezione con,VIALE HEIDELBERG,Scontro laterale fra veicoli in marcia,Una carreggiata a senso unico di marcia,Asciutto,Asfaltata,Verticale ed orizzontale,Sereno,Normale,Buona,Ore Diurne,0,0,0,2,NA,NA
5,06/05/2014 18.30.00,Strada Urbana,in corrispondenza,del civico n.,Veicolo in marcia contro veicoli in sosta,Due carreggiate,Asciutto,Asfaltata,Verticale,Sereno,Normale,Buona,Ore Diurne,0,0,0,1,NA,40
12,06/05/2014 18.40.00,Strada Urbana,in prossimità,del civico n.,Investimento di pedone,Una carreggiata a doppio senso,Asciutto,Asfaltata,Verticale ed orizzontale,Sereno,Normale,Buona,Ore Diurne,1,0,0,2,NA,111
20,06/05/2014 18.50.00,Strada Urbana,da specificare,NA,Tamponamento Multiplo,Due carreggiate,Asciutto,Asfaltata,Orizzontale,Sereno,Intenso,Buona,Ore Diurne,0,0,0,4,Fronte civico 147 direz. Gra,NA
5,06/05/2014 18.50.00,Strada Urbana,all'intersezione con,VIA TURRIVALIGNANI,Scontro frontale/laterale DX fra veicoli in marcia,Una carreggiata a doppio senso,Asciutto,Asfaltata,Assente,Sereno,Scarso,Buona,Ore Diurne,0,0,0,2,NA,NA
19,06/05/2014 19.00.00,Strada Urbana,in prossimità,del civico n.,Tamponamento,Una carreggiata a doppio senso,Asciutto,Asfaltata,Assente,Sereno,Normale,Buona,Ore Diurne,0,0,0,2,NA,92
18,06/05/2014 19.10.00,Statale entro l'abitato,in corrispondenza,del civico n.,Tamponamento,Due carreggiate,Asciutto,Asfaltata,Verticale ed orizzontale,Sereno,Intenso,Buona,Ore Diurne,0,0,0,3,NA,426
9,06/05/2014 19.15.00,Strada Urbana,da specificare,NA,Tamponamento,Due carreggiate,Asciutto,Asfaltata,Verticale ed orizzontale,Sereno,Intenso,Buona,Ore Diurne,0,0,0,4,fronte via Monte aAlbino,NA
16,06/05/2014 19.45.00,NA,in corrispondenza,del civico n.,Tamponamento,NA,NA,NA,NA,NA,NA,NA,NA,0,0,0,2,NA,6
8,06/05/2014 19.45.00,Strada Urbana,da specificare,NA,Veicolo in marcia contro ostacolo accidentale,Una carreggiata a senso unico di marcia,Asciutto,Asfaltata,Verticale,Sereno,Normale,Buona,Ore Diurne,0,0,0,2,rampa inversione marcia prox. Via Casilina,NA
9,06/05/2014 20.10.00,Strada Urbana,in prossimità,del civico n.,Scontro frontale/laterale SX fra veicoli in marcia,Una carreggiata a doppio senso,Asciutto,Asfaltata,Verticale ed orizzontale,Sereno,Normale,Buona,Ore Diurne,2,0,0,0,NA,8
3,06/05/2014 20.30.00,Strada Urbana,all'intersezione con,VIA UGO BALZANI,Veicolo in marcia contro veicoli in sosta,Una carreggiata a senso unico di marcia,Asciutto,Asfaltata,Verticale ed orizzontale,Sereno,Scarso,Sufficiente,Ore Diurne,0,0,0,0,NA,NA
3,06/05/2014 20.50.00,Strada Urbana,in corrispondenza,del civico n.,Veicolo in marcia contro veicolo fermo,Una carreggiata a senso unico di marcia,Asciutto,Asfaltata,Assente,Sereno,Scarso,Sufficiente,Sufficiente,1,0,0,1,NA,42
13,06/05/2014 21.00.00,Strada Urbana,all'intersezione con,VIA DOMENICO PURIFICATO,Scontro laterale fra veicoli in marcia,Una carreggiata a doppio senso,Asciutto,Asfaltata,Verticale,Sereno,Scarso,Buona,Sufficiente,1,0,0,2,NA,NA
12,06/05/2014 21.10.00,Strada Urbana,da specificare,NA,Veicolo in marcia contro veicolo fermo,Due carreggiate,Asciutto,Asfaltata,Verticale ed orizzontale,Sereno,Scarso,Buona,Sufficiente,1,0,0,2,dir. G.R.A. pross. Via Oceano Pacifico,NA
7,06/05/2014 21.30.00,Strada Urbana,all'intersezione con,VIA DEI CASTANI,Scontro frontale/laterale DX fra veicoli in marcia,Una carreggiata a doppio senso,Asciutto,Asfaltata,Verticale ed orizzontale,Sereno,Scarso,Buona,Sufficiente,0,0,0,3,NA,NA
1,06/05/2014 22.35.00,Strada Urbana,in corrispondenza,del civico n.,Scontro laterale fra veicoli in marcia,Una carreggiata a senso unico di marcia,Asciutto,Asfaltata,Verticale ed orizzontale,Sereno,Normale,Buona,Sufficiente,2,0,0,1,NA,12
2,06/06/2014 01.00.00,Strada Urbana,da specificare,NA,Tamponamento,Due carreggiate,Asciutto,Asfaltata,Verticale ed orizzontale,Sereno,Scarso,Sufficiente,Sufficiente,2,0,0,1,altezza palo Acea 90direzione San Giovanni,NA
7,06/06/2014 01.15.00,Strada Urbana,all'intersezione con,VIA DEL MAGGIOLINO,Scontro frontale fra veicoli in marcia,Una carreggiata a doppio senso,Asciutto,Asfaltata,Verticale ed orizzontale,Sereno,Scarso,Buona,Sufficiente,0,0,0,4,NA,NA
1,06/06/2014 01.40.00,Strada Urbana,all'intersezione semaforizzata con,VIA ACCIAIOLI,Veicolo in marcia contro ostacolo fisso,Una carreggiata a senso unico di marcia,Asciutto,Asfaltata,Verticale ed orizzontale,Sereno,Scarso,Buona,Sufficiente,1,0,0,0,NA,NA
8,06/06/2014 05.40.00,Strada Urbana,all'intersezione con,VIA SELLIA,Scontro laterale fra veicoli in marcia,Una carreggiata a doppio senso,Asciutto,Asfaltata,Assente,Sereno,Scarso,Buona,Sufficiente,1,0,0,1,NA,NA
12,06/06/2014 07.00.00,Strada Urbana,in corrispondenza,del civico n.,Scontro frontale/laterale SX fra veicoli in marcia,Una carreggiata a senso unico di marcia,Asciutto,Asfaltata,Assente,Sereno,Scarso,Buona,Ore Diurne,1,0,0,1,NA,31
20,06/06/2014 07.00.00,Statale entro l'abitato,in corrispondenza,del civico n.,Scontro laterale fra veicoli in marcia,Una carreggiata a doppio senso,Asciutto,Asfaltata,Orizzontale,Sereno,Normale,Buona,Ore Diurne,0,0,0,3,NA,548
13,06/06/2014 07.20.00,Strada Urbana,in prossimità,del civico n.,Scontro frontale/laterale DX fra veicoli in marcia,Una carreggiata a doppio senso,Asciutto,Asfaltata,Assente,Sereno,Scarso,Buona,Ore Diurne,3,0,0,1,NA,210
1,06/06/2014 07.40.00,Strada Urbana,all'intersezione con,VIA STATILIA,Scontro laterale fra veicoli in marcia,Una carreggiata a doppio senso,Asciutto,Asfaltata,Verticale ed orizzontale,Sereno,Normale,Buona,Ore Diurne,2,0,0,0,NA,NA
16,06/06/2014 08.05.00,Strada Urbana,in corrispondenza,del civico n.,Scontro laterale fra veicoli in marcia,Una carreggiata a doppio senso,Asciutto,Asfaltata,Orizzontale,Sereno,Normale,Buona,Ore Diurne,0,0,0,2,NA,77
5,06/06/2014 08.30.00,Strada Urbana,all'intersezione semaforizzata con,VIA TIBURTINA,Tamponamento Multiplo,Due carreggiate,Asciutto,Asfaltata,Verticale ed orizzontale,Sereno,Intenso,Buona,Ore Diurne,1,0,0,2,NA,NA
1,06/06/2014 09.00.00,Strada Urbana,all'intersezione con,VIA MECENATE,Scontro laterale fra veicoli in marcia,Una carreggiata a doppio senso,Asciutto,Asfaltata,Verticale ed orizzontale,Sereno,Intenso,Buona,Ore Diurne,1,0,0,1,NA,NA
5,06/06/2014 09.10.00,Strada Urbana,all'intersezione semaforizzata con,PIAZZA DI S. MARIA DEL SOCCORSO,Tamponamento,Una carreggiata a doppio senso,Asciutto,Asfaltata,Verticale ed orizzontale,Sereno,Normale,Buona,Ore Diurne,1,0,0,1,NA,NA
20,06/06/2014 09.30.00,Strada Urbana,da specificare,NA,Veicolo in marcia contro ostacolo fisso,Due carreggiate,Asciutto,Asfaltata,Verticale ed orizzontale,Sereno,Intenso,Buona,Ore Diurne,0,0,0,3,direzione centro sotto cavalcavia Foro Italico,NA
12,06/06/2014 09.45.00,Strada Urbana,in prossimità,del civico n.,Scontro frontale/laterale DX fra veicoli in marcia,Una carreggiata a doppio senso,Asciutto,Asfaltata,Orizzontale,Sereno,Normale,Buona,Ore Diurne,1,0,0,1,NA,16
2,06/06/2014 09.50.00,Strada Urbana,in prossimità,del civico n.,Scontro frontale/laterale SX fra veicoli in marcia,Una carreggiata a doppio senso,Asciutto,Asfaltata,Verticale ed orizzontale,Sereno,Scarso,Buona,Ore Diurne,0,0,0,2,NA,87
1,06/06/2014 09.50.00,Strada Urbana,all'intersezione con,PIAZZA VENEZIA,Investimento di pedone,Una carreggiata a doppio senso,Asciutto,Acciotolata,Verticale ed orizzontale,Sereno,Normale,Buona,Ore Diurne,1,0,0,1,NA,NA
20,06/06/2014 10.10.00,Strada Urbana,in corrispondenza,del civico n.,Infortunio per sola frenata improvvisa,Due carreggiate,Asciutto,Asfaltata,Verticale ed orizzontale,Sereno,Normale,Buona,Ore Diurne,1,0,0,2,NA,17
15,06/06/2014 10.30.00,Comunale extraurbana,da specificare,NA,Fuoriuscita dalla sede stradale,Una carreggiata a doppio senso,Asciutto,Asfaltata,Assente,Sereno,Scarso,Buona,Ore Diurne,0,0,0,1,altezza Somaini ,NA
4,06/06/2014 10.30.00,Strada Urbana,in corrispondenza,del civico n.,Tamponamento,Due carreggiate,Asciutto,Asfaltata,Verticale ed orizzontale,Sereno,Normale,Buona,Ore Diurne,0,0,0,3,NA,19
8,06/06/2014 10.30.00,Strada Urbana,da specificare,NA,Tamponamento Multiplo,Due carreggiate,Asciutto,Asfaltata,Verticale ed orizzontale,Sereno,Normale,Buona,Ore Diurne,1,0,0,2,tratto da via Silicella a G.R.A.,NA
12,06/06/2014 11.00.00,Provinciale,all'intersezione con,VIA DI S. FELICOLA,Scontro frontale/laterale SX fra veicoli in marcia,Una carreggiata a doppio senso,Asciutto,Asfaltata,Verticale,Sereno,Normale,Buona,Ore Diurne,1,0,0,1,NA,NA
4,06/06/2014 11.00.00,Strada Urbana,da specificare,NA,Scontro laterale fra veicoli in marcia,Una carreggiata a doppio senso,Asciutto,Asfaltata,Verticale ed orizzontale,Sereno,Normale,Buona,Ore Diurne,1,0,0,1,prossimità fermata ATAC 73761,NA
11,06/06/2014 11.30.00,Strada Urbana,in prossimità,del civico n.,Scontro frontale/laterale DX fra veicoli in marcia,Una carreggiata a doppio senso,Asciutto,Asfaltata,Orizzontale,Sereno,Scarso,Buona,Ore Diurne,1,0,0,1,NA,113
10,06/06/2014 11.50.00,Strada Urbana,da specificare,NA,Veicolo in marcia contro veicoli in arresto,Più di due carreggiate,Asciutto,Asfaltata,Verticale ed orizzontale,Sereno,Scarso,Buona,Ore Diurne,1,0,0,4,prossimita' via delle capannelle,NA
2,06/06/2014 12.15.00,Strada Urbana,all'intersezione con,VIA STIMIGLIANO,Investimento di pedone,Una carreggiata a doppio senso,Asciutto,Asfaltata,Verticale ed orizzontale,Sereno,Normale,Buona,Ore Diurne,1,0,0,1,NA,NA
19,06/06/2014 12.25.00,Strada Urbana,in corrispondenza,del civico n.,Scontro laterale fra veicoli in marcia,Una carreggiata a senso unico di marcia,Asciutto,Asfaltata,Assente,Sereno,Normale,Buona,Ore Diurne,0,0,0,2,NA,27
12,06/06/2014 12.30.00,Strada Urbana,all'intersezione con,VIA PAGODA BIANCA,Scontro laterale fra veicoli in marcia,Una carreggiata a doppio senso,Asciutto,Asfaltata,Verticale ed orizzontale,Sereno,Scarso,Buona,Ore Diurne,0,0,0,2,NA,NA
3,06/06/2014 12.40.00,Strada Urbana,all'intersezione con,VIA DEI LIBURNI,Scontro frontale/laterale SX fra veicoli in marcia,Due carreggiate,Asciutto,Asfaltata,Verticale ed orizzontale,Sereno,Normale,Buona,Ore Diurne,0,0,0,3,NA,NA
6,06/06/2014 13.00.00,Provinciale entro l'abitato,in corrispondenza,del civico n.,Veicolo in marcia contro veicolo arresto,Più di due carreggiate,Asciutto,Asfaltata,Verticale ed orizzontale,Sereno,Normale,Buona,Ore Diurne,5,0,0,2,NA,85
16,06/06/2014 13.00.00,Strada Urbana,in corrispondenza,del civico n.,Scontro frontale/laterale SX fra veicoli in marcia,Una carreggiata a senso unico di marcia,Asciutto,Asfaltata,Verticale ed orizzontale,Sereno,Normale,Buona,Ore Diurne,1,0,0,1,NA,2
19,06/06/2014 13.10.00,Strada Urbana,all'intersezione con,LARGO CARLO SACCONI,Scontro frontale fra veicoli in marcia,Una carreggiata a doppio senso,Asciutto,Asfaltata,Verticale ed orizzontale,Sereno,Scarso,Buona,Ore Diurne,0,0,0,2,NA,NA
18,06/06/2014 13.10.00,Statale,in prossimità,della chilometrica,Veicolo in marcia contro ostacolo accidentale,Due carreggiate,Asciutto,Asfaltata,Verticale ed orizzontale,Sereno,Normale,Buona,Ore Diurne,0,0,0,1,NA,14.8
11,06/06/2014 13.20.00,Strada Urbana,da specificare,NA,Tamponamento,Due carreggiate,Asciutto,Asfaltata,Orizzontale,Sereno,Scarso,Buona,Ore Diurne,1,0,0,1,in prossimità fronte civico 243,NA
4,06/06/2014 13.30.00,Strada Urbana,all'intersezione con,VIA ETTORE SACCHI,Scontro laterale fra veicoli in marcia,Più di due carreggiate,Asciutto,Asfaltata,Verticale ed orizzontale,Sereno,Scarso,Buona,Ore Diurne,0,0,0,2,NA,NA
3,06/06/2014 13.40.00,Strada Urbana,all'intersezione con,VIA SAMBUCUCCIO D'ALANDO,Investimento di pedone,Una carreggiata a senso unico di marcia,Asciutto,Asfaltata,Verticale ed orizzontale,Sereno,Normale,Buona,Ore Diurne,1,0,0,1,NA,NA
8,06/06/2014 13.50.00,Strada Urbana,all'intersezione con,VIA GRANITI,Scontro frontale/laterale DX fra veicoli in marcia,Una carreggiata a doppio senso,Asciutto,Asfaltata,Verticale,Sereno,Normale,Buona,Ore Diurne,0,0,0,2,NA,NA
20,06/06/2014 14.00.00,NA,in prossimità,del civico n.,Tamponamento,NA,NA,NA,NA,NA,NA,NA,NA,1,0,0,1,NA,721
15,06/06/2014 14.05.00,Strada Urbana,in corrispondenza,del civico n.,Scontro frontale/laterale SX fra veicoli in marcia,Una carreggiata a doppio senso,Asciutto,Asfaltata,Assente,Sereno,Normale,Buona,Ore Diurne,1,0,0,1,NA,18
17,06/06/2014 14.20.00,Strada Urbana,in prossimità,del civico n.,Scontro laterale fra veicoli in marcia,Una carreggiata a senso unico di marcia,Asciutto,Asfaltata,Verticale ed orizzontale,Sereno,Normale,Buona,Ore Diurne,1,0,0,1,NA,10
9,06/06/2014 14.30.00,Strada Urbana,all'intersezione con,VIA APPIA NUOVA,Scontro frontale/laterale DX fra veicoli in marcia,Due carreggiate,Asciutto,Asfaltata,Verticale ed orizzontale,Sereno,Normale,Buona,Ore Diurne,2,0,0,1,NA,NA
8,06/06/2014 14.30.00,Strada Urbana,da specificare,NA,Scontro laterale fra veicoli in marcia,Una carreggiata a doppio senso,Asciutto,Asfaltata,Verticale,Sereno,Normale,Buona,Ore Diurne,1,0,0,1,INTERSEZIONE CON VIA DEL PADIGLIONE,NA
20,06/06/2014 15.50.00,Strada Urbana,da specificare,NA,Infortunio per caduta del veicolo,Una carreggiata a doppio senso,Asciutto,Asfaltata,Verticale ed orizzontale,Sereno,Intenso,Buona,Ore Diurne,0,0,0,1,dir. Acqua Acetosa pross. svincolo V. Honduras,NA
5,06/06/2014 17.20.00,Strada Urbana,all'intersezione con,VIA GABRIELE GALANTARA,Scontro frontale/laterale DX fra veicoli in marcia,Una carreggiata a doppio senso,Asciutto,Asfaltata,Verticale ed orizzontale,Sereno,Normale,Buona,Ore Diurne,1,0,0,1,NA,NA
18,06/06/2014 17.40.00,Strada Urbana,da specificare,NA,Scontro laterale fra veicoli in marcia,Più di due carreggiate,Asciutto,Asfaltata,Verticale ed orizzontale,Sereno,Normale,Buona,Ore Diurne,0,0,0,2,in prossimita' Via Gregorio VII,NA
4,06/06/2014 17.50.00,Strada Urbana,da specificare,NA,Veicolo in marcia contro veicolo in sosta,Una carreggiata a senso unico di marcia,Asciutto,Asfaltata,Assente,Sereno,Scarso,Buona,Ore Diurne,0,0,0,2,fronte civico 1,NA
8,06/06/2014 18.10.00,Strada Urbana,in prossimità,del civico n.,Scontro frontale/laterale DX fra veicoli in marcia,Una carreggiata a senso unico di marcia,Asciutto,Asfaltata,Verticale,Sereno,Scarso,Buona,Ore Diurne,1,0,0,1,NA,57
2,06/06/2014 18.15.00,Strada Urbana,in prossimità,del civico n.,Scontro laterale fra veicoli in marcia,Una carreggiata a doppio senso,Asciutto,Asfaltata,Verticale ed orizzontale,Sereno,Normale,Buona,Ore Diurne,2,0,0,2,NA,434
1,06/06/2014 19.15.00,Strada Urbana,da specificare,NA,Tamponamento Multiplo,Una carreggiata a senso unico di marcia,Asciutto,Asfaltata,Verticale ed orizzontale,Sereno,Normale,Buona,Ore Diurne,1,0,0,4,altezza platano 1,NA
11,06/06/2014 19.15.00,Strada Urbana,in corrispondenza,del civico n.,Veicolo in marcia contro veicoli in sosta,Più di due carreggiate,Asciutto,Asfaltata,Verticale ed orizzontale,Sereno,Scarso,Buona,Ore Diurne,0,0,0,0,NA,280
8,06/06/2014 19.15.00,Strada Urbana,da specificare,NA,Tamponamento,Una carreggiata a doppio senso,Asciutto,Lastricata,Verticale ed orizzontale,Sereno,Normale,Buona,Ore Diurne,0,0,0,1,IN PROSSIMITA' VIA DI TORRENOVA,NA
15,06/06/2014 19.20.00,Strada Urbana,all'intersezione con,VIA DELLE VIGNE,Tamponamento,Una carreggiata a doppio senso,Asciutto,Asfaltata,Orizzontale,Sereno,Normale,Buona,Ore Diurne,0,0,0,5,NA,NA
8,06/06/2014 19.30.00,Strada Urbana,da specificare,NA,Tamponamento,Una carreggiata a senso unico di marcia,Asciutto,Asfaltata,Verticale ed orizzontale,Sereno,Scarso,Buona,Ore Diurne,1,0,0,1,braccio immissione V.le Torbellamonaca,NA
17,06/06/2014 19.40.00,Strada Urbana,all'intersezione con,VIA GERMANICO,Scontro frontale/laterale SX fra veicoli in marcia,Una carreggiata a doppio senso,Asciutto,Asfaltata,Verticale ed orizzontale,Sereno,Normale,Buona,Ore Diurne,1,0,0,1,NA,NA
4,06/06/2014 20.13.00,Strada Urbana,in prossimità,del civico n.,Investimento di pedone,Una carreggiata a doppio senso,Asciutto,Asfaltata,Orizzontale,Sereno,Normale,Buona,Sufficiente,1,0,0,1,NA,71
19,06/06/2014 21.30.00,Strada Urbana,in prossimità,del civico n.,Scontro laterale fra veicoli in marcia,Una carreggiata a doppio senso,Asciutto,Asfaltata,Orizzontale,Sereno,Normale,Buona,Sufficiente,2,0,0,1,NA,1175
12,06/07/2014 01.30.00,Regionale entro l'abitato,in corrispondenza,della chilometrica,Veicolo in marcia contro veicolo in sosta,Due carreggiate,Asciutto,Asfaltata,Verticale ed orizzontale,Sereno,Scarso,Buona,Sufficiente,1,0,0,0,NA,12
6,06/07/2014 02.20.00,Strada Urbana,all'intersezione con,VIA DI TOR PIGNATTARA,Scontro frontale/laterale SX fra veicoli in marcia,Una carreggiata a senso unico di marcia,Asciutto,Asfaltata,Verticale,Sereno,Scarso,Sufficiente,Sufficiente,1,0,0,5,NA,NA
4,06/07/2014 02.30.00,Strada Urbana,in corrispondenza,del civico n.,Veicolo in marcia contro veicoli in sosta,Due carreggiate,Asciutto,Asfaltata,Verticale,Sereno,Scarso,Sufficiente,Sufficiente,3,0,0,1,NA,79
3,06/07/2014 02.40.00,Strada Urbana,all'intersezione semaforizzata con,VIALE DEL POLICLINICO,Scontro frontale/laterale SX fra veicoli in marcia,Più di due carreggiate,Asciutto,Asfaltata,Orizzontale,Sereno,Scarso,Sufficiente,Sufficiente,1,0,0,7,NA,NA
4,06/07/2014 03.30.00,Strada Urbana,in prossimità,del civico n.,Veicolo in marcia contro veicoli in sosta,Una carreggiata a senso unico di marcia,Asciutto,Asfaltata,Assente,Sereno,Normale,Buona,Sufficiente,0,0,0,0,NA,1
3,06/07/2014 03.45.00,Strada Urbana,all'intersezione semaforizzata con,VIALE DELL'UNIVERSITA',Veicolo in marcia contro ostacolo fisso,Due carreggiate,Asciutto,Asfaltata,Orizzontale,Sereno,Scarso,Buona,Sufficiente,1,0,0,0,NA,NA
15,06/07/2014 04.20.00,Strada Urbana,in prossimità,del civico n.,Fuoriuscita dalla sede stradale,Una carreggiata a doppio senso,Asciutto,Asfaltata,Assente,Sereno,Scarso,Buona,Ore Diurne,1,0,0,0,NA,941
20,06/07/2014 05.00.00,NA,in prossimità,del civico n.,Tamponamento,NA,NA,NA,NA,NA,NA,NA,NA,2,0,0,2,NA,1531