Gruppo,DataOraIncidente,Localizzazione1,Localizzazione2,Strada02,NaturaIncidente,TipoStrada,FondoStradale,Pavimentazione,Segnaletica,CondizioneAtmosferica,Traffico,Visibilita,Illuminazione,NUM_FERITI,NUM_RISERVATA,NUM_MORTI,NUM_ILLESI,DaSpecificare,Chilometrica
18,06/14/2014 10.35.00,Statale,in prossimità,della chilometrica,Tamponamento,Due carreggiate,Asciutto,Asfaltata,Verticale ed orizzontale,Sereno,Normale,Buona,Ore Diurne,0,0,0,4,NA,19.1
3,06/14/2014 10.50.00,Strada Urbana,da specificare,NA,Scontro laterale fra veicoli in marcia,Una carreggiata a senso unico di marcia,Asciutto,Asfaltata,Verticale ed orizzontale,Sereno,Normale,Buona,Ore Diurne,0,0,0,2,in prossimita' Via del Verano,NA
6,06/14/2014 11.00.00,Strada Urbana,all'intersezione con,VIA ANTONIO TEMPESTA,Scontro laterale fra veicoli in marcia,Due carreggiate,Asciutto,Asfaltata,Verticale ed orizzontale,Sereno,Normale,Buona,Ore Diurne,0,0,0,1,NA,NA
5,06/14/2014 11.06.00,Strada Urbana,all'intersezione con,VIA DOMENICO DE DOMINICIS,Scontro laterale fra veicoli in marcia,Una carreggiata a doppio senso,Asciutto,Asfaltata,Verticale ed orizzontale,Sereno,Normale,Buona,Ore Diurne,0,0,0,4,NA,NA
5,06/14/2014 11.10.00,Strada Urbana,all'intersezione con,VIA ALBERTO POLLIO,Scontro frontale/laterale SX fra veicoli in marcia,Una carreggiata a doppio senso,Asciutto,Asfaltata,Verticale ed orizzontale,Sereno,Normale,Buona,Ore Diurne,0,0,0,3,NA,NA
20,06/14/2014 11.10.00,Strada Urbana,da specificare,NA,Tamponamento Multiplo,Due carreggiate,Asciutto,Asfaltata,Verticale ed orizzontale,Nuvoloso,Intenso,Buona,Ore Diurne,1,0,0,6,prossimità Via Bomarzo,NA
18,06/14/2014 11.20.00,Statale,in prossimità,della chilometrica,Scontro frontale/laterale DX fra veicoli in marcia,Due carreggiate,Asciutto,Asfaltata,Orizzontale,Sereno,Normale,Buona,Ore Diurne,1,0,0,1,NA,14.1
23,06/14/2014 11.45.00,Comunale extraurbana,in prossimità,della chilometrica,Veicolo in marcia contro ostacolo accidentale,Più di due carreggiate,Asciutto,Asfaltata,Verticale ed orizzontale,Sereno,Scarso,Buona,Ore Diurne,0,0,0,2,NA,24.65
8,06/14/2014 12.15.00,Strada Urbana,in prossimità,del civico n.,Investimento di pedone,Una carreggiata a doppio senso,Asciutto,Asfaltata,Orizzontale,Sereno,Normale,Buona,Ore Diurne,1,0,0,1,NA,20
8,06/14/2014 12.30.00,Strada Urbana,in prossimità,del civico n.,Veicolo in marcia contro veicolo in sosta,Una carreggiata a doppio senso,Asciutto,Asfaltata,Verticale ed orizzontale,Sereno,Scarso,Buona,Ore Diurne,0,0,0,1,NA,153
10,06/14/2014 12.35.00,Strada Urbana,all'intersezione con,VIALE BRUNO RIZZIERI,Tamponamento Multiplo,Due carreggiate,Asciutto,Asfaltata,Verticale ed orizzontale,Sereno,Normale,Buona,Ore Diurne,0,0,0,5,NA,NA
2,06/14/2014 12.50.00,Strada Urbana,in corrispondenza,del civico n.,Scontro frontale fra veicoli in marcia,Una carreggiata a senso unico di marcia,Asciutto,Asfaltata,Orizzontale,Nuvoloso,Scarso,Buona,Ore Diurne,0,0,0,5,NA,90
8,06/14/2014 13.00.00,Strada Urbana,in corrispondenza,del civico n.,Scontro frontale/laterale DX fra veicoli in marcia,Una carreggiata a doppio senso,Asciutto,Asfaltata,Verticale ed orizzontale,Nuvoloso,Normale,Buona,Ore Diurne,0,0,0,2,NA,280
20,06/14/2014 13.00.00,Strada Urbana,all'intersezione con,VIA DI COLLE FEBBRARO,Scontro frontale/laterale SX fra veicoli in marcia,Una carreggiata a doppio senso,Bagnato (pioggia),Asfaltata,Verticale ed orizzontale,Nuvoloso,Normale,Sufficiente,Ore Diurne,2,0,0,0,NA,NA
12,06/14/2014 13.15.00,Strada Urbana,all'intersezione con,VIALE CESARE PAVESE,Veicolo in marcia contro ostacolo fisso,Due carreggiate,Asciutto,Asfaltata,Verticale ed orizzontale,Sereno,Scarso,Buona,Ore Diurne,2,0,0,2,NA,NA
5,06/14/2014 13.15.00,Strada Urbana,da specificare,NA,Scontro laterale fra veicoli in marcia,Due carreggiate,Asciutto,Asfaltata,Verticale ed orizzontale,Sereno,Normale,Buona,Ore Diurne,0,0,0,2,altezza cavalcavia per inversione di marcia,NA
4,06/14/2014 13.20.00,Strada Urbana,all'intersezione con,VIALE ADRIATICO,Tamponamento,Una carreggiata a senso unico di marcia,Asciutto,Asfaltata,Verticale ed orizzontale,Nuvoloso,Normale,Buona,Ore Diurne,0,0,0,2,NA,NA
8,06/14/2014 13.45.00,Provinciale,da specificare,NA,Fuoriuscita dalla sede stradale,Una carreggiata a doppio senso,Bagnato (pioggia),Asfaltata,Assente,Nuvoloso,Normale,Buona,Ore Diurne,0,0,0,1,"(snc 4° palo ACEA da via Cavuccio) km 19,900",NA
23,06/14/2014 14.15.00,Comunale extraurbana,in prossimità,della chilometrica,Tamponamento,Più di due carreggiate,Asciutto,Asfaltata,Verticale ed orizzontale,Sereno,Normale,Buona,Ore Diurne,0,0,0,2,NA,19.6
1,06/14/2014 14.30.00,Strada Urbana,all'intersezione con,VIA DELLE TERME DI TRAIANO,Scontro frontale/laterale DX fra veicoli in marcia,Una carreggiata a doppio senso,Asciutto,Asfaltata,Verticale,Nuvoloso,Scarso,Buona,Ore Diurne,1,0,0,1,NA,NA
19,06/14/2014 14.45.00,Strada Urbana,in prossimità,del civico n.,Tamponamento,Una carreggiata a doppio senso,Asciutto,Asfaltata,Assente,Nuvoloso,Scarso,Buona,Ore Diurne,1,0,0,0,NA,189
6,06/14/2014 15.30.00,Strada Urbana,in prossimità,del civico n.,Scontro laterale fra veicoli in marcia,Due carreggiate,Asciutto,Asfaltata,Assente,Nuvoloso,Normale,Buona,Ore Diurne,1,0,0,1,NA,263
15,06/14/2014 15.45.00,Strada Urbana,da specificare,NA,Scontro frontale/laterale SX fra veicoli in marcia,Una carreggiata a doppio senso,Asciutto,Asfaltata,Verticale ed orizzontale,Nuvoloso,Intenso,Buona,Ore Diurne,0,0,0,2,fronte Via Città di Prato,NA
1,06/14/2014 15.50.00,Strada Urbana,all'intersezione semaforizzata con,PIAZZALE METRONIO,Scontro laterale fra veicoli in marcia,Una carreggiata a doppio senso,Asciutto,Asfaltata,Verticale ed orizzontale,Sereno,Normale,Buona,Ore Diurne,1,0,0,4,NA,NA
11,06/14/2014 16.30.00,Strada Urbana,da specificare,NA,Veicolo in marcia contro veicoli in arresto,Una carreggiata a doppio senso,Bagnato (pioggia),Asfaltata,Orizzontale,Nuvoloso,Normale,Buona,Ore Diurne,1,0,0,2,altezza civico 401,NA
6,06/14/2014 16.40.00,Strada Urbana,in prossimità,del civico n.,Veicolo in marcia contro ostacolo accidentale,Una carreggiata a doppio senso,Asciutto,Asfaltata,Assente,Nuvoloso,Normale,Buona,Ore Diurne,1,0,0,5,NA,63
1,06/14/2014 16.45.00,Strada Urbana,in prossimità,del civico n.,Veicolo in marcia contro ostacolo accidentale,Una carreggiata a senso unico di marcia,Bagnato (pioggia),Asfaltata,Verticale ed orizzontale,Pioggia in atto,Scarso,Buona,Ore Diurne,0,0,0,1,NA,10
9,06/14/2014 17.00.00,Strada Urbana,in corrispondenza,del civico n.,Tamponamento,Due carreggiate,Bagnato (pioggia),Asfaltata,Verticale ed orizzontale,Nuvoloso,Normale,Buona,Ore Diurne,0,0,0,2,NA,648
20,06/14/2014 17.00.00,Strada Urbana,all'intersezione con,VIA DEI DUE PONTI,Scontro laterale fra veicoli in marcia,Una carreggiata a doppio senso,Bagnato (pioggia),Asfaltata,Verticale ed orizzontale,Pioggia in atto,Normale,Sufficiente,Ore Diurne,1,0,0,1,NA,NA
11,06/14/2014 17.00.00,Strada Urbana,da specificare,NA,Investimento di pedone,Una carreggiata a doppio senso,Bagnato (pioggia),Asfaltata,Verticale ed orizzontale,Pioggia in atto,Normale,Buona,Ore Diurne,0,1,0,1,altezza VIA DEL CENTRO DEL BIVIO,NA
8,06/14/2014 17.00.00,Strada Urbana,all'intersezione con,VIA DI CASA CALDA,Scontro laterale fra veicoli in marcia,Una carreggiata a doppio senso,Bagnato (pioggia),Asfaltata,Verticale ed orizzontale,Pioggia in atto,Normale,Buona,Ore Diurne,1,0,0,3,NA,NA
4,06/14/2014 17.00.00,Provinciale entro l'abitato,in corrispondenza,del civico n.,Infortunio per sola frenata improvvisa,Una carreggiata a doppio senso,Bagnato (pioggia),Asfaltata,Verticale ed orizzontale,Pioggia in atto,Normale,Buona,Ore Diurne,1,0,0,0,NA,960
10,06/14/2014 17.00.00,Strada Urbana,all'intersezione semaforizzata con,VIA CALPURNIO FIAMMA,Scontro frontale/laterale DX fra veicoli in marcia,Due carreggiate,Bagnato (pioggia),Asfaltata,Verticale ed orizzontale,Pioggia in atto,Intenso,Buona,Ore Diurne,0,0,0,4,NA,NA
3,06/14/2014 17.10.00,Strada Urbana,all'intersezione con,VIA RAVENNA,Scontro frontale/laterale DX fra veicoli in marcia,Due carreggiate,Bagnato (pioggia),Asfaltata,Verticale ed orizzontale,Pioggia in atto,Normale,Buona,Ore Diurne,1,0,0,1,NA,NA
10,06/14/2014 17.30.00,Strada Urbana,da specificare,NA,Veicolo in marcia contro ostacolo fisso,Una carreggiata a doppio senso,Bagnato (pioggia),Asfaltata,Assente,Pioggia in atto,Normale,Buona,Ore Diurne,0,0,0,1,"CAVALCAVIA ""OSTERIA DEL CURATO""",NA
16,06/14/2014 17.40.00,NA,da specificare,NA,Tamponamento,NA,NA,NA,NA,NA,NA,NA,NA,0,0,0,3,in corrispondenza del f.c.370,NA
12,06/14/2014 17.50.00,Strada Urbana,da specificare,NA,Scontro frontale/laterale SX fra veicoli in marcia,Una carreggiata a senso unico di marcia,Bagnato (pioggia),Asfaltata,Orizzontale,Nuvoloso,Normale,Buona,Ore Diurne,1,0,0,1,direzione G.R.A. altezza laghetto,NA
7,06/14/2014 18.00.00,Strada Urbana,all'intersezione con,VIA LIBERATO SABBATI,Scontro laterale fra veicoli in marcia,Una carreggiata a senso unico di marcia,Bagnato (pioggia),Asfaltata,Verticale ed orizzontale,Pioggia in atto,Scarso,Buona,Ore Diurne,1,0,0,3,NA,NA
12,06/14/2014 18.00.00,Strada Urbana,da specificare,NA,Tamponamento,Una carreggiata a doppio senso,Bagnato (pioggia),Asfaltata,Verticale ed orizzontale,Pioggia in atto,Scarso,Buona,Ore Diurne,0,0,0,4,prossimità via Ostiense,NA
20,06/14/2014 18.10.00,Strada Urbana,in prossimità,del civico n.,Scontro laterale fra veicoli in marcia,Due carreggiate,Bagnato (pioggia),Asfaltata,Verticale ed orizzontale,Pioggia in atto,Normale,Buona,Ore Diurne,0,0,0,4,NA,155
1,06/14/2014 18.15.00,Strada Urbana,all'intersezione con,PIAZZA BORGHESE,Scontro frontale/laterale SX fra veicoli in marcia,Una carreggiata a doppio senso,Bagnato (pioggia),In cubetti di porfido,Verticale ed orizzontale,Pioggia in atto,Scarso,Buona,Ore Diurne,0,0,0,2,NA,NA
5,06/14/2014 18.40.00,Strada Urbana,da specificare,NA,Veicolo in marcia contro ostacolo fisso,Due carreggiate,Bagnato (pioggia),Asfaltata,Orizzontale,Pioggia in atto,Normale,Buona,Ore Diurne,0,0,0,2,250 metri dopo uscita da GALLERIA PITTALUGA,NA
18,06/14/2014 18.40.00,Strada Urbana,in corrispondenza,del civico n.,Scontro frontale/laterale DX fra veicoli in marcia,Una carreggiata a doppio senso,Bagnato (umidità in atto),Asfaltata,Verticale,Pioggia in atto,Scarso,Buona,Ore Diurne,0,0,0,3,NA,5
10,06/14/2014 18.47.00,Strada Urbana,in prossimità,del civico n.,Fuoriuscita dalla sede stradale,Una carreggiata a senso unico di marcia,Bagnato (pioggia),Asfaltata,Verticale ed orizzontale,Pioggia in atto,Normale,Sufficiente,Ore Diurne,1,0,0,0,NA,1160
10,06/14/2014 19.10.00,Strada Urbana,all'intersezione con,VIA LATTARICO,Scontro frontale/laterale DX fra veicoli in marcia,Una carreggiata a senso unico di marcia,Bagnato (pioggia),Asfaltata,Verticale ed orizzontale,Pioggia in atto,Scarso,Buona,Ore Diurne,1,0,0,2,NA,NA
11,06/14/2014 19.25.00,Strada Urbana,da specificare,NA,Tamponamento,Più di due carreggiate,Bagnato (pioggia),Asfaltata,Verticale ed orizzontale,Pioggia in atto,Normale,Buona,Ore Diurne,2,0,0,1,all'intersezione con VIA DI GROTTA PERFETTA,NA
18,06/14/2014 19.30.00,Strada Urbana,in prossimità,del civico n.,Tamponamento,Due carreggiate,Bagnato (pioggia),Asfaltata,Verticale ed orizzontale,Pioggia in atto,Normale,Sufficiente,Ore Diurne,0,0,0,3,NA,372
1,06/14/2014 19.45.00,Strada Urbana,all'intersezione con,PIAZZA DELLA CHIESA NUOVA,Scontro frontale/laterale DX fra veicoli in marcia,Più di due carreggiate,Bagnato (pioggia),Asfaltata,Verticale ed orizzontale,Nuvoloso,Normale,Buona,Ore Diurne,1,0,0,2,NA,NA
12,06/14/2014 19.50.00,Strada Urbana,da specificare,NA,Scontro frontale/laterale DX fra veicoli in marcia,Una carreggiata a doppio senso,Bagnato (pioggia),Asfaltata,Verticale ed orizzontale,Nuvoloso,Scarso,Buona,Ore Diurne,2,0,1,0,alt.  via Butera (civ. 45),NA
15,06/14/2014 19.50.00,Strada Urbana,in prossimità,del civico n.,Tamponamento,Due carreggiate,Bagnato (pioggia),Asfaltata,Verticale ed orizzontale,Pioggia in atto,Scarso,Buona,Ore Diurne,0,0,0,3,NA,19
19,06/14/2014 20.00.00,Strada Urbana,in prossimità,del civico n.,Scontro frontale/laterale SX fra veicoli in marcia,Una carreggiata a doppio senso,Bagnato (pioggia),Asfaltata,Orizzontale,Nuvoloso,Normale,Sufficiente,Sufficiente,1,1,0,1,NA,401
2,06/14/2014 20.25.00,Strada Urbana,in prossimità,del civico n.,Tamponamento,Una carreggiata a doppio senso,Asciutto,Asfaltata,Verticale ed orizzontale,Nuvoloso,Normale,Sufficiente,Sufficiente,1,0,0,1,NA,42
12,06/14/2014 20.45.00,Strada Urbana,all'intersezione con,VIA DELLE COMETE,Infortunio per caduta del veicolo,Una carreggiata a senso unico di marcia,Bagnato (pioggia),Asfaltata,Verticale ed orizzontale,Nuvoloso,Normale,Buona,Sufficiente,0,0,0,1,NA,NA
6,06/14/2014 21.10.00,Strada Urbana,in prossimità,del civico n.,Scontro laterale fra veicoli in marcia,Una carreggiata a doppio senso,Asciutto,Asfaltata,Verticale ed orizzontale,Nuvoloso,Intenso,Buona,Sufficiente,0,0,0,3,NA,53
13,06/14/2014 22.10.00,Strada Urbana,all'intersezione con,VIA ANGELO ALIPRANDI,Scontro frontale/laterale DX fra veicoli in marcia,Una carreggiata a senso unico di marcia,Asciutto,Asfaltata,Verticale,Sereno,Scarso,Buona,Sufficiente,1,0,0,1,NA,NA
10,06/14/2014 22.10.00,Strada Urbana,da specificare,NA,Tamponamento,Due carreggiate,Asciutto,Asfaltata,Assente,Nuvoloso,Scarso,Sufficiente,Sufficiente,0,0,0,3,in prossimità via S. M. Buonconsiglio,NA
18,06/14/2014 22.20.00,Strada Urbana,in prossimità,del palo luce n.,Veicolo in marcia contro ostacolo fisso,Una carreggiata a doppio senso,Bagnato (pioggia),Asfaltata,Verticale ed orizzontale,Nuvoloso,Scarso,Insufficiente,Inesistente,1,0,0,0,NA,101
1,06/14/2014 23.50.00,Strada Urbana,in prossimità,del civico n.,Veicolo in marcia contro veicolo fermo,Una carreggiata a senso unico di marcia,Asciutto,In cubetti di porfido,Verticale ed orizzontale,Nuvoloso,Scarso,Buona,Sufficiente,1,0,0,2,NA,263
13,06/15/2014 00.05.00,Strada Urbana,da specificare,NA,Scontro laterale fra veicoli in marcia,Una carreggiata a senso unico di marcia,Asciutto,Asfaltata,Verticale ed orizzontale,Sereno,Scarso,Buona,Sufficiente,1,0,0,0,CARREGGIATA DIREZIONE CAPO SPARTIVENTO,NA
1,06/15/2014 00.40.00,Strada Urbana,in prossimità,del civico n.,Investimento di pedone,Una carreggiata a senso unico di marcia,Asciutto,Asfaltata,Verticale ed orizzontale,Nuvoloso,Normale,Buona,Insufficiente,1,0,0,1,NA,240
9,06/15/2014 03.40.00,Strada Urbana,in corrispondenza,del civico n.,Scontro laterale fra veicoli in marcia,Una carreggiata a senso unico di marcia,Asciutto,Asfaltata,Verticale ed orizzontale,Sereno,Scarso,Buona,Sufficiente,0,0,0,2,NA,634
4,06/15/2014 04.00.00,Strada Urbana,da specificare,NA,Veicolo in marcia contro ostacolo fisso,Due carreggiate,Bagnato (umidità in atto),Asfaltata,Verticale ed orizzontale,Nuvoloso,Scarso,Sufficiente,Sufficiente,0,0,0,0,in prossimità dell'uscita Via Pederzini,NA
13,06/15/2014 04.30.00,Strada Urbana,in corrispondenza,del civico n.,Veicolo in marcia contro veicoli in sosta,Una carreggiata a senso unico di marcia,Asciutto,Asfaltata,Assente,Sereno,Normale,Buona,Sufficiente,2,0,0,1,NA,8/A
15,06/15/2014 07.30.00,Strada Urbana,in prossimità,del civico n.,Veicolo in marcia contro veicolo arresto,Due carreggiate,Asciutto,Asfaltata,Verticale,Nuvoloso,Scarso,Buona,Ore Diurne,0,0,0,2,NA,220
12,06/15/2014 08.45.00,Strada Urbana,all'intersezione semaforizzata con,VIA DI ACQUA ACETOSA OSTIENSE,Tamponamento,Due carreggiate,Bagnato (pioggia),Asfaltata,Verticale ed orizzontale,Pioggia in atto,Normale,Sufficiente,Ore Diurne,0,0,0,3,NA,NA
20,06/15/2014 09.00.00,Strada Urbana,all'intersezione con,VIALE DI TOR DI QUINTO,Tamponamento,Una carreggiata a doppio senso,Bagnato (pioggia),Asfaltata,Verticale ed orizzontale,Nuvoloso,Scarso,Buona,Ore Diurne,0,0,0,3,NA,NA
17,06/15/2014 09.00.00,Strada Urbana,in corrispondenza,del civico n.,Investimento di pedone,Due carreggiate,Bagnato (pioggia),Asfaltata,Verticale ed orizzontale,Pioggia in atto,Scarso,Sufficiente,Ore Diurne,1,0,0,2,NA,25
16,06/15/2014 09.20.00,NA,da specificare,NA,Fuoriuscita dalla sede stradale,NA,NA,NA,NA,NA,NA,NA,NA,0,0,0,1,prox civ.500 (f.palo acea 118),NA
15,06/15/2014 10.00.00,Strada Urbana,in prossimità,del civico n.,Fuoriuscita dalla sede stradale,Una carreggiata a doppio senso,Bagnato (pioggia),Asfaltata,Orizzontale,Nuvoloso,Scarso,Buona,Ore Diurne,1,0,0,0,NA,1122
11,06/15/2014 10.05.00,Strada Urbana,in corrispondenza,del civico n.,Investimento di pedone,Più di due carreggiate,Bagnato (pioggia),Asfaltata,Verticale ed orizzontale,Nuvoloso,Normale,Buona,Ore Diurne,0,1,0,1,NA,31
20,06/15/2014 10.10.00,Statale entro l'abitato,in corrispondenza,del civico n.,Scontro frontale/laterale SX fra veicoli in marcia,Una carreggiata a doppio senso,Bagnato (umidità in atto),Asfaltata,Verticale,Nuvoloso,Scarso,Buona,Ore Diurne,0,0,0,3,NA,1716
13,06/15/2014 10.15.00,Strada Urbana,in corrispondenza,del civico n.,Scontro frontale/laterale DX fra veicoli in marcia,Una carreggiata a senso unico di marcia,Asciutto,Asfaltata,Verticale,Sereno,Normale,Buona,Ore Diurne,0,0,0,2,NA,50
8,06/15/2014 10.15.00,Strada Urbana,da specificare,NA,Veicolo in marcia contro ostacolo fisso,Due carreggiate,Bagnato (pioggia),Asfaltata,Verticale ed orizzontale,Nuvoloso,Scarso,Sufficiente,Ore Diurne,1,0,0,1,altezza cavalcavia inversione di marcia,NA
5,06/15/2014 10.30.00,Strada Urbana,in prossimità,del civico n.,Veicolo in marcia contro veicolo fermo,Due carreggiate,Bagnato (pioggia),Asfaltata,Verticale ed orizzontale,Nuvoloso,Scarso,Buona,Ore Diurne,0,0,0,4,NA,1700
8,06/15/2014 10.30.00,Strada Urbana,in prossimità,del palo luce n.,Veicolo in marcia contro ostacolo fisso,Due carreggiate,Bagnato (pioggia),Asfaltata,Verticale ed orizzontale,Nuvoloso,Normale,Buona,Ore Diurne,1,0,0,1,NA,8
8,06/15/2014 10.30.00,Strada Urbana,in prossimità,del palo luce n.,Veicolo in marcia contro ostacolo accidentale,Due carreggiate,Bagnato (pioggia),Asfaltata,Verticale ed orizzontale,Nuvoloso,Normale,Buona,Ore Diurne,1,0,0,0,NA,8
8,06/15/2014 10.31.00,Strada Urbana,in prossimità,del palo luce n.,Veicolo in marcia contro ostacolo accidentale,Due carreggiate,Bagnato (pioggia),Asfaltata,Verticale ed orizzontale,Nuvoloso,Normale,Buona,Ore Diurne,1,0,0,0,NA,8
8,06/15/2014 10.32.00,Strada Urbana,in prossimità,del palo luce n.,Veicolo in marcia contro ostacolo fisso,Due carreggiate,Bagnato (pioggia),Asfaltata,Verticale ed orizzontale,Nuvoloso,Normale,Buona,Ore Diurne,0,0,0,2,NA,8
16,06/15/2014 10.45.00,NA,in prossimità,del civico n.,Scontro frontale/laterale SX fra veicoli in marcia,NA,NA,NA,NA,NA,NA,NA,NA,0,0,0,5,NA,9
1,06/15/2014 13.35.00,Strada Urbana,all'intersezione semaforizzata con,VIA DEL CASTRO PRETORIO,Tamponamento,Una carreggiata a doppio senso,Asciutto,Asfaltata,Verticale ed orizzontale,Nuvoloso,Normale,Buona,Ore Diurne,1,0,0,2,NA,NA
1,06/15/2014 14.40.00,Strada Urbana,da specificare,NA,Veicolo in marcia contro ostacolo accidentale,Una carreggiata a senso unico di marcia,Bagnato (pioggia),Asfaltata,Temporanea di cantiere,Pioggia in atto,Normale,Buona,Ore Diurne,0,0,0,1,pross. impianto semaforico inters.  P.zza Portese,NA
1,06/15/2014 15.00.00,Strada Urbana,all'intersezione con,VIA VICENZA,Scontro frontale/laterale DX fra veicoli in marcia,Una carreggiata a senso unico di marcia,Bagnato (pioggia),Acciotolata,Verticale,Pioggia in atto,Normale,Buona,Ore Diurne,0,0,0,2,NA,NA
2,06/15/2014 15.10.00,Strada Urbana,in prossimità,del civico n.,Veicolo in marcia contro ostacolo fisso,Una carreggiata a doppio senso,Bagnato (pioggia),Asfaltata,Verticale ed orizzontale,Pioggia in atto,Scarso,Sufficiente,Ore Diurne,0,0,0,1,NA,237
2,06/15/2014 15.20.00,Strada Urbana,all'intersezione semaforizzata con,VIA ANAPO,Scontro frontale/laterale DX fra veicoli in marcia,Una carreggiata a doppio senso,Bagnato (pioggia),Asfaltata,Verticale ed orizzontale,Pioggia in atto,Scarso,Sufficiente,Ore Diurne,0,0,0,4,NA,NA
11,06/15/2014 15.30.00,Strada Urbana,all'intersezione con,VIA GIACINTO GIGANTE,Scontro laterale fra veicoli in marcia,Una carreggiata a doppio senso,Bagnato (pioggia),Asfaltata,Verticale ed orizzontale,Pioggia in atto,Scarso,Buona,Ore Diurne,1,0,0,1,NA,NA
13,06/15/2014 15.45.00,NA,da specificare,NA,Veicolo in marcia contro ostacolo accidentale,NA,NA,NA,NA,NA,NA,NA,NA,0,0,0,2,........,NA
12,06/15/2014 16.00.00,Strada Urbana,da specificare,NA,Veicolo in marcia contro ostacolo fisso,Una carreggiata a senso unico di marcia,Bagnato (pioggia),Asfaltata,Verticale ed orizzontale,Pioggia in atto,Normale,Sufficiente,Ore Diurne,1,0,0,0,direz.G.R.A. altezza VIALE AMERICA,NA
19,06/15/2014 16.00.00,Strada Urbana,in prossimità,della chilometrica,Veicolo in marcia contro ostacolo fisso,Una carreggiata a senso unico di marcia,Asciutto,Asfaltata,Verticale ed orizzontale,Sereno,Scarso,Buona,Ore Diurne,0,0,0,3,NA,1.5
20,06/15/2014 16.15.00,Strada Urbana,da specificare,NA,Veicolo in marcia contro ostacolo fisso,Una carreggiata a senso unico di marcia,Bagnato (pioggia),Asfaltata,Orizzontale,Nuvoloso,Normale,Sufficiente,Ore Diurne,1,0,0,0,ALTEZZA PALO ACEA 40 DIR. TERNI,NA
2,06/15/2014 16.20.00,Strada Urbana,da specificare,NA,Scontro frontale/laterale SX fra veicoli in marcia,Due carreggiate,Bagnato (pioggia),Asfaltata,Verticale ed orizzontale,Pioggia in atto,Intenso,Sufficiente,Ore Diurne,1,0,0,1,pross. p.le Flaminio,NA
20,06/15/2014 16.20.00,Altra strada,all'intersezione con,VIA CASSIA,Tamponamento,Una carreggiata a doppio senso,Bagnato (pioggia),Asfaltata,Verticale ed orizzontale,Nuvoloso,Normale,Buona,Ore Diurne,1,0,0,2,NA,NA
7,06/15/2014 16.30.00,Strada Urbana,all'intersezione con,VIALE DELLA BELLA VILLA,Scontro frontale/laterale DX fra veicoli in marcia,Più di due carreggiate,Bagnato (pioggia),Asfaltata,Verticale ed orizzontale,Nuvoloso,Normale,Buona,Ore Diurne,0,0,0,2,NA,NA
16,06/15/2014 16.45.00,Strada Urbana,in prossimità,del palo luce n.,Scontro frontale fra veicoli in marcia,Una carreggiata a doppio senso,Bagnato (pioggia),Asfaltata,Orizzontale,Pioggia in atto,Scarso,Sufficiente,Ore Diurne,1,0,0,1,NA,43-44
20,06/15/2014 17.10.00,Strada Urbana,da specificare,NA,Tamponamento,Due carreggiate,Bagnato (pioggia),Asfaltata,Verticale ed orizzontale,Pioggia in atto,Normale,Buona,Sufficiente,0,0,0,3,fronte camoeggio village flaminio dir gra,NA
1,06/15/2014 17.40.00,Strada Urbana,in prossimità,del civico n.,Veicolo in marcia contro ostacolo accidentale,Una carreggiata a doppio senso,Bagnato (pioggia),Asfaltata,Verticale ed orizzontale,Pioggia in atto,Normale,Buona,Ore Diurne,0,0,0,1,NA,39A
19,06/15/2014 17.50.00,Strada Urbana,all'intersezione con,VIA FERRANTE RUIZ,Scontro frontale/laterale DX fra veicoli in marcia,Una carreggiata a doppio senso,Bagnato (pioggia),Asfaltata,Verticale ed orizzontale,Pioggia in atto,Scarso,Sufficiente,Ore Diurne,0,0,0,2,NA,NA
18,06/15/2014 18.00.00,Strada Urbana,in prossimità,della chilometrica,Scontro laterale fra veicoli in marcia,Due carreggiate,Bagnato (pioggia),Asfaltata,Temporanea di cantiere,Nuvoloso,Intenso,Buona,Ore Diurne,2,0,0,0,NA,10.6
12,06/15/2014 18.15.00,Provinciale,da specificare,NA,Scontro laterale fra veicoli in marcia,Due carreggiate,Bagnato (pioggia),Asfaltata,Verticale ed orizzontale,Nuvoloso,Intenso,Buona,Ore Diurne,0,0,0,3,prossimità G.R.A.,NA
1,06/15/2014 18.30.00,Strada Urbana,in corrispondenza,del civico n.,Veicolo in marcia contro veicolo in sosta,Una carreggiata a senso unico di marcia,Bagnato (umidità in atto),Asfaltata,Verticale ed orizzontale,Nuvoloso,Normale,Buona,Ore Diurne,0,0,0,1,NA,62
18,06/15/2014 18.30.00,Strada Urbana,in prossimità,della chilometrica,Tamponamento,Due carreggiate,Bagnato (pioggia),Asfaltata,Verticale ed orizzontale,Nuvoloso,Intenso,Buona,Ore Diurne,0,0,0,5,NA,10.6
1,06/15/2014 18.30.00,Strada Urbana,in prossimità,del civico n.,Ribaltamento senza urto contro ostacolo fisso,Due carreggiate,Bagnato (pioggia),Acciotolata,Verticale ed orizzontale,Nuvoloso,Normale,Sufficiente,Ore Diurne,0,0,0,1,NA,22
7,06/15/2014 18.40.00,Strada Urbana,in prossimità,del civico n.,Tamponamento,Una carreggiata a doppio senso,Bagnato (umidità in atto),Asfaltata,Verticale,Nuvoloso,Scarso,Buona,Ore Diurne,0,0,0,3,NA,19
19,06/15/2014 19.00.00,Strada Urbana,in prossimità,del civico n.,Veicolo in marcia contro veicoli in sosta,Una carreggiata a senso unico di marcia,Bagnato (pioggia),Asfaltata,Verticale ed orizzontale,Pioggia in atto,Normale,Buona,Ore Diurne,0,0,0,0,NA,28