Gruppo,DataOraIncidente,Localizzazione1,Localizzazione2,Strada02,NaturaIncidente,TipoStrada,FondoStradale,Pavimentazione,Segnaletica,CondizioneAtmosferica,Traffico,Visibilita,Illuminazione,NUM_FERITI,NUM_RISERVATA,NUM_MORTI,NUM_ILLESI,DaSpecificare,Chilometrica
19,06/24/2014 11.50.00,Strada Urbana,all'intersezione con,VIA GIUSEPPE BARELLAI,Scontro laterale fra veicoli in marcia,Una carreggiata a doppio senso,Asciutto,Asfaltata,Verticale ed orizzontale,Sereno,Normale,Buona,Ore Diurne,1,0,0,1,NA,NA
2,06/24/2014 12.00.00,Strada Urbana,da specificare,NA,Tamponamento,Due carreggiate,Asciutto,Asfaltata,Verticale ed orizzontale,Sereno,Intenso,Buona,Ore Diurne,2,0,0,1,pross.tà fermata Atac 70/134,NA
2,06/24/2014 12.00.00,Strada Urbana,da specificare,NA,Scontro laterale fra veicoli in marcia,Una carreggiata a doppio senso,Asciutto,Asfaltata,Verticale ed orizzontale,Sereno,Intenso,Buona,Ore Diurne,0,0,0,2,viadotto in prox lgt. Acqua Acetosa,NA
13,06/24/2014 12.10.00,Strada Urbana,all'intersezione con,VIA DELLA VERBENA,Scontro frontale/laterale SX fra veicoli in marcia,Una carreggiata a senso unico di marcia,Asciutto,Asfaltata,Verticale ed orizzontale,Sereno,Scarso,Buona,Ore Diurne,0,0,0,3,NA,NA
2,06/24/2014 12.19.00,Strada Urbana,all'intersezione con,PORTA PIA,Scontro laterale fra veicoli in marcia,Due carreggiate,Asciutto,Asfaltata,Verticale ed orizzontale,Sereno,Normale,Buona,Ore Diurne,0,0,0,2,NA,NA
1,06/24/2014 13.00.00,Strada Urbana,in prossimità,del civico n.,Veicolo in marcia contro veicolo in sosta,Una carreggiata a senso unico di marcia,Asciutto,Asfaltata,Verticale ed orizzontale,Sereno,Scarso,Buona,Ore Diurne,0,0,0,0,NA,87
2,06/24/2014 13.05.00,Strada Urbana,all'intersezione con,VIA VOLSINIO,Scontro frontale/laterale DX fra veicoli in marcia,Una carreggiata a senso unico di marcia,Asciutto,Asfaltata,Verticale ed orizzontale,Sereno,Normale,Buona,Ore Diurne,1,0,0,1,NA,NA
18,06/24/2014 13.10.00,Strada Urbana,in corrispondenza,del civico n.,Scontro frontale fra veicoli in marcia,Una carreggiata a doppio senso,Asciutto,Asfaltata,Assente,Sereno,Scarso,Buona,Ore Diurne,0,0,0,2,NA,94
20,06/24/2014 13.20.00,Regionale,in prossimità,del civico n.,Veicolo in marcia contro ostacolo accidentale,Una carreggiata a doppio senso,Asciutto,Asfaltata,Orizzontale,Sereno,Normale,Buona,Ore Diurne,0,0,0,1,NA,1612
10,06/24/2014 13.30.00,Statale entro l'abitato,in prossimità,del civico n.,Tamponamento Multiplo,Più di due carreggiate,Asciutto,Asfaltata,Orizzontale,Sereno,Normale,Buona,Ore Diurne,4,0,0,2,NA,4733 a
16,06/24/2014 13.30.00,Strada Urbana,da specificare,NA,Tamponamento,Una carreggiata a senso unico di marcia,Asciutto,Asfaltata,Verticale ed orizzontale,Sereno,Normale,Buona,Ore Diurne,1,0,0,1,circa 50 mt prima inters.Via Forte Bravetta,NA
11,06/24/2014 13.30.00,Strada Urbana,in corrispondenza,del civico n.,Scontro laterale fra veicoli in marcia,Più di due carreggiate,Asciutto,Asfaltata,Orizzontale,Sereno,Normale,Buona,Ore Diurne,0,0,0,5,NA,79
9,06/24/2014 13.30.00,Strada Urbana,in prossimità,del civico n.,Investimento di pedone,Due carreggiate,Asciutto,Asfaltata,Verticale ed orizzontale,Sereno,Scarso,Buona,Ore Diurne,1,0,0,1,NA,34
13,06/24/2014 13.30.00,Strada Urbana,all'intersezione con,VIA CAPO PALINURO,Scontro frontale/laterale DX fra veicoli in marcia,Una carreggiata a doppio senso,Asciutto,Asfaltata,Verticale ed orizzontale,Sereno,Normale,Buona,Ore Diurne,2,0,0,0,NA,NA
1,06/24/2014 13.50.00,Strada Urbana,all'intersezione semaforizzata con,PONTE GARIBALDI,Tamponamento Multiplo,Una carreggiata a senso unico di marcia,Asciutto,Asfaltata,Verticale ed orizzontale,Sereno,Intenso,Buona,Ore Diurne,1,0,0,2,NA,NA
4,06/24/2014 14.00.00,Strada Urbana,all'intersezione con,RACCORDO SALARIO SETTEBAGNI,Scontro frontale/laterale SX fra veicoli in marcia,Una carreggiata a doppio senso,Asciutto,Asfaltata,Verticale ed orizzontale,Sereno,Normale,Buona,Ore Diurne,2,0,0,0,NA,NA
3,06/24/2014 14.05.00,Strada Urbana,in corrispondenza,del civico n.,Scontro frontale/laterale SX fra veicoli in marcia,Due carreggiate,Asciutto,Asfaltata,Verticale ed orizzontale,Sereno,Normale,Buona,Ore Diurne,2,0,0,1,NA,92/a
7,06/24/2014 14.15.00,Strada Urbana,in prossimità,del civico n.,Scontro laterale fra veicoli in marcia,Una carreggiata a doppio senso,Asciutto,Asfaltata,Verticale ed orizzontale,Sereno,Scarso,Buona,Ore Diurne,1,0,0,2,NA,109
1,06/24/2014 14.30.00,Strada Urbana,all'intersezione semaforizzata con,VIA DI PORTA S. SEBASTIANO,Tamponamento,Più di due carreggiate,Asciutto,Asfaltata,Verticale ed orizzontale,Sereno,Intenso,Buona,Ore Diurne,3,0,0,2,NA,NA
8,06/24/2014 14.35.00,Strada Urbana,in prossimità,del civico n.,Veicolo in marcia contro ostacolo accidentale,Una carreggiata a doppio senso,Asciutto,Asfaltata,Verticale ed orizzontale,Sereno,Normale,Buona,Ore Diurne,0,0,0,1,NA,20
1,06/24/2014 14.50.00,Strada Urbana,in prossimità,del civico n.,Scontro laterale fra veicoli in marcia,Una carreggiata a senso unico di marcia,Asciutto,Asfaltata,Verticale ed orizzontale,Sereno,Intenso,Buona,Ore Diurne,0,0,0,1,NA,5
23,06/24/2014 14.50.00,Strada Urbana,in prossimità,della chilometrica,Tamponamento,Due carreggiate,Asciutto,Asfaltata,Verticale ed orizzontale,Sereno,Normale,Buona,Ore Diurne,0,0,0,2,NA,17.95
11,06/24/2014 15.00.00,Strada Urbana,all'intersezione semaforizzata con,VIA ALESSANDRO SEVERO,Scontro frontale/laterale DX fra veicoli in marcia,Più di due carreggiate,Asciutto,Asfaltata,Verticale ed orizzontale,Sereno,Normale,Buona,Ore Diurne,4,0,0,0,NA,NA
16,06/24/2014 15.00.00,Strada Urbana,in prossimità,del civico n.,Tamponamento,Una carreggiata a doppio senso,Asciutto,Asfaltata,Orizzontale,Sereno,Normale,Buona,Ore Diurne,0,0,0,3,NA,278
15,06/24/2014 15.20.00,Strada Urbana,da specificare,NA,Scontro frontale/laterale DX fra veicoli in marcia,Due carreggiate,Asciutto,Asfaltata,Orizzontale,Sereno,Normale,Buona,Ore Diurne,1,0,0,2,pross.tà rampa accesso RM/FIU dir Via del Trullo,NA
11,06/24/2014 15.30.00,Strada Urbana,in corrispondenza,del civico n.,Infortunio per caduta del veicolo,Una carreggiata a doppio senso,Asciutto,Asfaltata,Orizzontale,Sereno,Normale,Buona,Ore Diurne,1,0,0,2,NA,365
17,06/24/2014 15.30.00,Strada Urbana,all'intersezione con,VIA DEI GRACCHI,Scontro frontale/laterale SX fra veicoli in marcia,Una carreggiata a doppio senso,Asciutto,Asfaltata,Verticale ed orizzontale,Sereno,Normale,Sufficiente,Ore Diurne,0,0,0,5,NA,NA
15,06/24/2014 15.55.00,Strada Urbana,in prossimità,del civico n.,Tamponamento Multiplo,Una carreggiata a doppio senso,Asciutto,Asfaltata,Verticale,Sereno,Normale,Buona,Ore Diurne,0,0,0,5,NA,1118
2,06/24/2014 16.00.00,Strada Urbana,in prossimità,del civico n.,Veicolo in marcia contro ostacolo accidentale,Una carreggiata a doppio senso,Asciutto,Asfaltata,Verticale ed orizzontale,Sereno,Normale,Buona,Ore Diurne,0,0,0,2,NA,33
6,06/24/2014 16.00.00,Strada Urbana,all'intersezione con,VIA MARCIANISE,Scontro frontale/laterale DX fra veicoli in marcia,Una carreggiata a senso unico di marcia,Asciutto,Asfaltata,Verticale ed orizzontale,Sereno,Normale,Buona,Ore Diurne,1,0,0,1,NA,NA
4,06/24/2014 16.15.00,Strada Urbana,in corrispondenza,del civico n.,Tamponamento Multiplo,Una carreggiata a doppio senso,Asciutto,Asfaltata,Orizzontale,Sereno,Normale,Sufficiente,Ore Diurne,0,0,0,3,NA,8
15,06/24/2014 16.15.00,Strada Urbana,in prossimità,del civico n.,Scontro frontale/laterale SX fra veicoli in marcia,Una carreggiata a doppio senso,Asciutto,Asfaltata,Orizzontale,Sereno,Normale,Buona,Ore Diurne,1,0,0,2,NA,297
18,06/24/2014 16.30.00,Strada Urbana,in prossimità,del civico n.,Scontro frontale fra veicoli in marcia,Una carreggiata a doppio senso,Asciutto,Asfaltata,Verticale ed orizzontale,Sereno,Normale,Buona,Ore Diurne,0,0,0,1,NA,678
12,06/24/2014 16.35.00,Provinciale,da specificare,NA,Tamponamento Multiplo,Una carreggiata a doppio senso,Asciutto,Asfaltata,Verticale ed orizzontale,Sereno,Normale,Buona,Ore Diurne,2,0,0,1,dir. RM alt. Via dei Casali di Porta Medaglia,NA
17,06/24/2014 17.05.00,Strada Urbana,in prossimità,del palo luce n.,Investimento di pedone,Una carreggiata a senso unico di marcia,Asciutto,Asfaltata,Verticale ed orizzontale,Sereno,Normale,Buona,Ore Diurne,1,0,0,1,NA,46
13,06/24/2014 17.10.00,Comunale extraurbana,da specificare,NA,Tamponamento Multiplo,Una carreggiata a doppio senso,Asciutto,Asfaltata,Verticale ed orizzontale,Sereno,Normale,Buona,Ore Diurne,2,0,0,4,all'altezza di via dei Romagnoli 935,NA
2,06/24/2014 17.10.00,NA,in prossimità,del civico n.,Veicolo in marcia contro veicolo in sosta,NA,NA,NA,NA,NA,NA,NA,NA,0,0,0,0,NA,5
19,06/24/2014 17.25.00,Strada Urbana,da specificare,NA,Scontro frontale/laterale SX fra veicoli in marcia,Una carreggiata a doppio senso,Asciutto,Asfaltata,Assente,Sereno,Intenso,Buona,Ore Diurne,1,0,0,3,100 m. prima dell'intersezione con V. V. Fontanili,NA
5,06/24/2014 17.30.00,Strada Urbana,da specificare,NA,Tamponamento Multiplo,Una carreggiata a doppio senso,Asciutto,Asfaltata,Verticale ed orizzontale,Sereno,Normale,Buona,Ore Diurne,1,0,0,3,prossimità via di Cervara,NA
16,06/24/2014 17.30.00,Strada Urbana,da specificare,NA,Veicolo in marcia contro veicoli in sosta,Una carreggiata a doppio senso,Asciutto,Asfaltata,Orizzontale,Sereno,Normale,Buona,Ore Diurne,0,0,0,0,fronte civico 27,NA
13,06/24/2014 17.45.00,NA,in prossimità,della chilometrica,Scontro frontale/laterale DX fra veicoli in marcia,NA,NA,NA,NA,NA,NA,NA,NA,0,0,0,1,NA,24.8
19,06/24/2014 17.45.00,Strada Urbana,in prossimità,del civico n.,Investimento di pedone,Una carreggiata a senso unico di marcia,Asciutto,Asfaltata,Verticale ed orizzontale,Sereno,Normale,Buona,Ore Diurne,2,0,0,0,NA,215
17,06/24/2014 17.45.00,Strada Urbana,da specificare,NA,Tamponamento,Due carreggiate,Asciutto,Asfaltata,Verticale ed orizzontale,Sereno,Normale,Buona,Ore Diurne,2,0,0,1,.,NA
12,06/24/2014 17.45.00,Strada Urbana,in prossimità,del civico n.,Scontro frontale/laterale SX fra veicoli in marcia,Una carreggiata a doppio senso,Asciutto,Asfaltata,Verticale ed orizzontale,Sereno,Scarso,Buona,Ore Diurne,0,0,0,3,NA,9
2,06/24/2014 17.45.00,Strada Urbana,in prossimità,del civico n.,Infortunio per sola frenata improvvisa,Due carreggiate,Asciutto,Asfaltata,Verticale ed orizzontale,Sereno,Normale,Buona,Ore Diurne,1,0,0,0,NA,450
19,06/24/2014 17.55.00,Strada Urbana,in prossimità,del civico n.,Scontro laterale fra veicoli in marcia,Una carreggiata a doppio senso,Asciutto,Asfaltata,Assente,Sereno,Normale,Buona,Ore Diurne,1,0,0,1,NA,20
7,06/24/2014 18.05.00,Strada Urbana,in prossimità,del civico n.,Scontro frontale fra veicoli in marcia,Una carreggiata a doppio senso,Asciutto,Asfaltata,Verticale,Sereno,Normale,Buona,Ore Diurne,2,0,0,0,NA,187
8,06/24/2014 18.50.00,Strada Urbana,da specificare,NA,Tamponamento,Due carreggiate,Asciutto,Asfaltata,Verticale ed orizzontale,Sereno,Normale,Buona,Ore Diurne,2,0,0,1,altezza Via Tor Bella Monaca direz. Grotte Celoni,NA
4,06/24/2014 19.45.00,Strada Urbana,in prossimità,del civico n.,Veicolo in marcia contro veicolo in sosta,Una carreggiata a doppio senso,Asciutto,Asfaltata,Assente,Sereno,Scarso,Buona,Ore Diurne,0,0,0,1,NA,5
1,06/24/2014 20.30.00,Strada Urbana,in prossimità,del civico n.,Veicolo in marcia contro ostacolo accidentale,Una carreggiata a doppio senso,Viscido da liquidi oleosi,In cubetti di porfido,Orizzontale,Sereno,Normale,Buona,Ore Diurne,0,0,0,1,NA,141/147
1,06/24/2014 20.30.00,Strada Urbana,in prossimità,del civico n.,Veicolo in marcia contro ostacolo accidentale,Una carreggiata a doppio senso,Viscido da liquidi oleosi,In cubetti di porfido,Orizzontale,Sereno,Normale,Buona,Ore Diurne,1,0,0,1,NA,151 /147
1,06/24/2014 20.30.00,Strada Urbana,in prossimità,del civico n.,Veicolo in marcia contro ostacolo accidentale,Una carreggiata a doppio senso,Viscido da liquidi oleosi,In cubetti di porfido,Orizzontale,Sereno,Normale,Buona,Ore Diurne,0,0,0,1,NA,151/147
1,06/24/2014 20.30.00,Strada Urbana,in prossimità,del civico n.,Veicolo in marcia contro ostacolo accidentale,Una carreggiata a doppio senso,Viscido da liquidi oleosi,In cubetti di porfido,Orizzontale,Sereno,Normale,Buona,Ore Diurne,1,0,0,0,NA,151/147
17,06/24/2014 21.20.00,Strada Urbana,da specificare,NA,Scontro frontale/laterale DX fra veicoli in marcia,Una carreggiata a senso unico di marcia,Asciutto,Asfaltata,Verticale ed orizzontale,Sereno,Scarso,Buona,Sufficiente,0,0,0,3,altezza ponte cavour,NA
19,06/24/2014 22.38.00,Strada Urbana,all'intersezione con,VIA GIUSEPPE GUICCIARDI,Scontro frontale/laterale DX fra veicoli in marcia,Una carreggiata a doppio senso,Asciutto,Asfaltata,Verticale ed orizzontale,Sereno,Normale,Buona,Sufficiente,1,0,0,2,NA,NA
3,06/24/2014 22.40.00,Strada Urbana,da specificare,NA,Tamponamento,Una carreggiata a doppio senso,Asciutto,Asfaltata,Verticale ed orizzontale,Sereno,Normale,Sufficiente,Sufficiente,0,0,0,2,prossimità fronte civico 1166,NA
12,06/24/2014 23.10.00,Strada Urbana,da specificare,NA,Scontro laterale fra veicoli in marcia,Due carreggiate,Asciutto,Asfaltata,Verticale ed orizzontale,Nuvoloso,Normale,Buona,Sufficiente,1,0,0,1,50 mt dopo V. le Europa direzione G.R.A,NA
23,06/25/2014 00.10.00,Provinciale,in prossimità,della chilometrica,Veicolo in marcia contro ostacolo accidentale,Una carreggiata a senso unico di marcia,Asciutto,Asfaltata,Verticale ed orizzontale,Sereno,Scarso,Insufficiente,Inesistente,0,0,0,2,NA,24.7
1,06/25/2014 01.20.00,Strada Urbana,in corrispondenza,del civico n.,Veicolo in marcia contro ostacolo fisso,Più di due carreggiate,Asciutto,Asfaltata,Verticale ed orizzontale,Nuvoloso,Scarso,Buona,Sufficiente,0,0,0,1,NA,39
4,06/25/2014 01.30.00,Strada Urbana,in corrispondenza,del civico n.,Veicolo in marcia contro ostacolo fisso,Una carreggiata a doppio senso,Asciutto,Asfaltata,Assente,Sereno,Scarso,Buona,Sufficiente,2,0,0,1,NA,620
2,06/25/2014 02.00.00,Strada Urbana,da specificare,NA,Veicolo in marcia contro veicolo fermo,Due carreggiate,Asciutto,Asfaltata,Verticale ed orizzontale,Sereno,Scarso,Buona,Sufficiente,1,0,0,2,alt. p.le Flaminio,NA
8,06/25/2014 04.10.00,Strada Urbana,in prossimità,del civico n.,Scontro frontale fra veicoli in marcia,Una carreggiata a doppio senso,Bagnato (pioggia),Asfaltata,Verticale ed orizzontale,Pioggia in atto,Scarso,Buona,Sufficiente,2,0,0,0,NA,1193
11,06/25/2014 05.30.00,Strada Urbana,all'intersezione semaforizzata con,VIA DEL SERAFICO,Tamponamento,Una carreggiata a senso unico di marcia,Bagnato (pioggia),Asfaltata,Verticale ed orizzontale,Pioggia in atto,Scarso,Buona,Sufficiente,0,0,0,2,NA,NA
17,06/25/2014 06.00.00,Strada Urbana,da specificare,NA,Veicolo in marcia contro ostacolo fisso,Una carreggiata a doppio senso,Bagnato (pioggia),Asfaltata,Verticale ed orizzontale,Pioggia in atto,Normale,Buona,Ore Diurne,0,0,0,1,alt. via Vittor Pisani,NA
12,06/25/2014 07.00.00,Strada Urbana,da specificare,NA,Investimento di pedone,Due carreggiate,Bagnato (pioggia),Asfaltata,Verticale ed orizzontale,Pioggia in atto,Scarso,Buona,Ore Diurne,1,0,0,1,direzione Via C. Colombo altezza palo Acea n. 12,NA
8,06/25/2014 07.00.00,Strada Urbana,in prossimità,del civico n.,Fuoriuscita dalla sede stradale,Una carreggiata a doppio senso,Bagnato (pioggia),Asfaltata,Verticale ed orizzontale,Nuvoloso,Normale,Buona,Ore Diurne,1,0,0,0,NA,141
12,06/25/2014 07.10.00,Strada Urbana,all'intersezione con,VIA ACHILLE CAMPANILE,Fuoriuscita dalla sede stradale,Una carreggiata a doppio senso,Bagnato (pioggia),Asfaltata,Verticale ed orizzontale,Pioggia in atto,Normale,Sufficiente,Ore Diurne,2,0,0,0,NA,NA
9,06/25/2014 07.20.00,Strada Urbana,in prossimità,del civico n.,Tamponamento,Una carreggiata a doppio senso,Bagnato (pioggia),Asfaltata,Orizzontale,Nuvoloso,Normale,Buona,Ore Diurne,1,0,0,2,NA,255
11,06/25/2014 07.50.00,Strada Urbana,da specificare,NA,Infortunio per caduta del veicolo,Una carreggiata a doppio senso,Bagnato (pioggia),Asfaltata,Verticale ed orizzontale,Nuvoloso,Normale,Buona,Ore Diurne,1,0,0,0,prox via Appia Nuova,NA
8,06/25/2014 08.05.00,Strada Urbana,all'intersezione con,PIAZZA ERASMO PIAGGIO,Scontro laterale fra veicoli in marcia,Una carreggiata a senso unico di marcia,Bagnato (umidità in atto),Asfaltata,Verticale ed orizzontale,Nuvoloso,Normale,Buona,Ore Diurne,0,0,0,4,NA,NA
1,06/25/2014 08.15.00,Strada Urbana,all'intersezione con,VIA DEL VIMINALE,Scontro laterale fra veicoli in marcia,Una carreggiata a senso unico di marcia,Asciutto,Asfaltata,Verticale ed orizzontale,Nuvoloso,Normale,Buona,Ore Diurne,0,0,0,2,NA,NA
4,06/25/2014 08.30.00,Strada Urbana,da specificare,NA,Scontro laterale fra veicoli in marcia,Due carreggiate,Bagnato (pioggia),Asfaltata,Verticale ed orizzontale,Nuvoloso,Intenso,Buona,Ore Diurne,0,0,0,2,prossimità via di Villa Spada,NA
16,06/25/2014 08.45.00,Strada Urbana,da specificare,NA,Tamponamento,Due carreggiate,Asciutto,Asfaltata,Verticale ed orizzontale,Nuvoloso,Normale,Buona,Ore Diurne,1,0,0,1,PER VIA DI FORTE BRAVETTA,NA
9,06/25/2014 08.50.00,Strada Urbana,in corrispondenza,del civico n.,Investimento di pedone,Una carreggiata a doppio senso,Bagnato (umidità in atto),Asfaltata,Assente,Nuvoloso,Intenso,Buona,Ore Diurne,1,0,0,1,NA,7
12,06/25/2014 09.00.00,Strada Urbana,da specificare,NA,Tamponamento,Più di due carreggiate,Bagnato (pioggia),Asfaltata,Verticale ed orizzontale,Nuvoloso,Intenso,Buona,Ore Diurne,0,0,0,3,laterale intersezione PIAZZALE DELLE NAZIONI UNITE,NA
17,06/25/2014 09.15.00,Strada Urbana,da specificare,NA,Scontro laterale fra veicoli in marcia,Una carreggiata a senso unico di marcia,Bagnato (pioggia),Asfaltata,Verticale ed orizzontale,Nuvoloso,Normale,Buona,Ore Diurne,1,0,0,1,50 mt. prima di P.le m.llo Giardino,NA
1,06/25/2014 09.20.00,Strada Urbana,all'intersezione con,VIA DOMENICO FONTANA,Scontro frontale/laterale DX fra veicoli in marcia,Una carreggiata a doppio senso,Asciutto,Asfaltata,Verticale ed orizzontale,Nuvoloso,Intenso,Buona,Ore Diurne,0,0,0,3,NA,NA
12,06/25/2014 09.25.00,Strada Urbana,da specificare,NA,Scontro laterale fra veicoli in marcia,Due carreggiate,Bagnato (pioggia),Asfaltata,Verticale ed orizzontale,Nuvoloso,Scarso,Buona,Ore Diurne,1,0,0,1,in prossimità V.LE EUROPA,NA
1,06/25/2014 09.30.00,Strada Urbana,all'intersezione con,PIAZZA CASTELLANI,Scontro laterale fra veicoli in marcia,Una carreggiata a senso unico di marcia,Asciutto,Asfaltata,Verticale ed orizzontale,Nuvoloso,Normale,Buona,Ore Diurne,0,0,0,2,NA,NA
15,06/25/2014 09.40.00,Strada Urbana,in prossimità,del civico n.,Scontro laterale fra veicoli in marcia,Due carreggiate,Asciutto,Asfaltata,Verticale ed orizzontale,Nuvoloso,Intenso,Buona,Ore Diurne,2,0,0,3,NA,23
11,06/25/2014 09.50.00,Strada Urbana,all'intersezione con,VIA EDGARDO FERRATI,Scontro frontale/laterale DX fra veicoli in marcia,Una carreggiata a doppio senso,Asciutto,Asfaltata,Verticale ed orizzontale,Sereno,Normale,Buona,Ore Diurne,1,0,0,1,NA,NA
16,06/25/2014 09.50.00,NA,in prossimità,del civico n.,Scontro laterale fra veicoli in marcia,NA,NA,NA,NA,NA,NA,NA,NA,0,0,0,4,NA,F.C.148
13,06/25/2014 09.55.00,Strada Urbana,da specificare,NA,Scontro frontale/laterale SX fra veicoli in marcia,Una carreggiata a doppio senso,Asciutto,Asfaltata,Verticale ed orizzontale,Nuvoloso,Normale,Buona,Ore Diurne,1,0,0,1,"altezza area di servizio ""ESSO""",NA
12,06/25/2014 10.00.00,Strada Urbana,da specificare,NA,Veicolo in marcia contro ostacolo fisso,Una carreggiata a senso unico di marcia,Bagnato (pioggia),Asfaltata,Verticale ed orizzontale,Nuvoloso,Normale,Buona,Ore Diurne,0,0,0,2,fronte civico 153,NA
19,06/25/2014 10.00.00,Strada Urbana,in prossimità,del civico n.,Tamponamento Multiplo,Una carreggiata a doppio senso,Bagnato (umidità in atto),Asfaltata,Verticale ed orizzontale,Pioggia in atto,Normale,Buona,Ore Diurne,1,0,0,2,NA,85
8,06/25/2014 10.30.00,Strada Urbana,all'intersezione semaforizzata con,VIA PIETRO ROMANO,Scontro frontale/laterale SX fra veicoli in marcia,Due carreggiate,Bagnato (pioggia),Asfaltata,Verticale ed orizzontale,Nuvoloso,Normale,Buona,Ore Diurne,0,0,0,5,NA,NA
3,06/25/2014 10.30.00,Strada Urbana,da specificare,NA,Scontro laterale fra veicoli in marcia,Due carreggiate,Bagnato (umidità in atto),Asfaltata,Orizzontale,Nuvoloso,Normale,Buona,Ore Diurne,1,0,0,1,fronte civ. 36,NA
8,06/25/2014 11.10.00,Strada Urbana,da specificare,NA,Scontro laterale fra veicoli in marcia,Una carreggiata a senso unico di marcia,Bagnato (umidità in atto),Asfaltata,Verticale ed orizzontale,Nuvoloso,Normale,Buona,Ore Diurne,0,0,0,3,rampa di uscita dir V. Anderloni,NA
10,06/25/2014 11.10.00,Strada Urbana,da specificare,NA,Veicolo in marcia contro ostacolo accidentale,Due carreggiate,Asciutto,Asfaltata,Verticale ed orizzontale,Nuvoloso,Normale,Buona,Ore Diurne,0,0,0,1,50 metri prima del civico 1157,NA
1,06/25/2014 11.10.00,Strada Urbana,all'intersezione con,VIA AGOSTINO DEPRETIS,Scontro frontale/laterale DX fra veicoli in marcia,Una carreggiata a doppio senso,Asciutto,In cubetti di porfido,Verticale ed orizzontale,Nuvoloso,Scarso,Buona,Ore Diurne,0,0,0,3,NA,NA
1,06/25/2014 11.30.00,Strada Urbana,all'intersezione con,VICOLO DI S. FRANCESCO A RIPA,Veicolo in marcia contro veicolo in sosta,Una carreggiata a senso unico di marcia,Asciutto,In cubetti di porfido,Verticale ed orizzontale,Sereno,Scarso,Buona,Ore Diurne,0,0,0,1,NA,NA
13,06/25/2014 11.40.00,Strada Urbana,all'intersezione con,VIA LUCIO LEPIDIO,Scontro frontale/laterale DX fra veicoli in marcia,Due carreggiate,Asciutto,Asfaltata,Verticale,Nuvoloso,Normale,Buona,Ore Diurne,0,0,0,2,NA,NA
1,06/25/2014 11.40.00,Strada Urbana,in prossimità,del civico n.,Tamponamento,Una carreggiata a senso unico di marcia,Asciutto,Asfaltata,Verticale ed orizzontale,Nuvoloso,Normale,Buona,Ore Diurne,0,0,0,3,NA,1/A
1,06/25/2014 11.45.00,Strada Urbana,all'intersezione con,VIA ALESSANDRO VOLTA,Scontro frontale/laterale SX fra veicoli in marcia,Due carreggiate,Asciutto,Asfaltata,Assente,Nuvoloso,Scarso,Buona,Ore Diurne,0,0,0,2,NA,NA
9,06/25/2014 11.45.00,Strada Urbana,in prossimità,del civico n.,Tamponamento,Una carreggiata a senso unico di marcia,Bagnato (pioggia),Asfaltata,Assente,Pioggia in atto,Normale,Buona,Ore Diurne,0,0,0,2,NA,11
10,06/25/2014 11.50.00,Strada Urbana,all'intersezione con,VIALE S. GIOVANNI BOSCO,Scontro laterale fra veicoli in marcia,Due carreggiate,Bagnato (pioggia),Asfaltata,Verticale ed orizzontale,Pioggia in atto,Intenso,Buona,Ore Diurne,1,0,0,1,NA,NA
9,06/25/2014 11.55.00,Strada Urbana,in prossimità,del civico n.,Veicolo in marcia contro veicolo fermo,Una carreggiata a senso unico di marcia,Asciutto,Asfaltata,Orizzontale,Nuvoloso,Normale,Buona,Ore Diurne,0,0,0,2,NA,42
17,06/25/2014 12.00.00,Strada Urbana,in corrispondenza,del civico n.,Scontro laterale fra veicoli in marcia,Una carreggiata a senso unico di marcia,Asciutto,Asfaltata,Verticale ed orizzontale,Nuvoloso,Normale,Buona,Ore Diurne,0,0,0,1,NA,1e
20,06/25/2014 12.00.00,Strada Urbana,all'intersezione semaforizzata con,VIA LUIGI BODIO,Veicolo in marcia contro veicolo fermo,Due carreggiate,Asciutto,Asfaltata,Verticale ed orizzontale,Nuvoloso,Intenso,Buona,Ore Diurne,0,0,0,5,NA,NA
10,06/25/2014 12.15.00,Strada Urbana,all'intersezione con,VIA MORANO CALABRO,Scontro frontale fra veicoli in marcia,Una carreggiata a doppio senso,Bagnato (pioggia),Asfaltata,Verticale ed orizzontale,Nuvoloso,Scarso,Buona,Ore Diurne,0,0,0,3,NA,NA
20,06/25/2014 12.35.00,Strada Urbana,all'intersezione con,VIA MONTICHIARI,Scontro laterale fra veicoli in marcia,Una carreggiata a doppio senso,Asciutto,Asfaltata,Verticale ed orizzontale,Nuvoloso,Scarso,Buona,Ore Diurne,1,0,0,1,NA,NA
2,06/25/2014 12.40.00,Strada Urbana,in prossimità,del civico n.,Investimento di pedone,Una carreggiata a doppio senso,Asciutto,Asfaltata,Verticale ed orizzontale,Sereno,Normale,Buona,Ore Diurne,0,0,0,2,NA,191
23,06/25/2014 12.40.00,Strada Urbana,in prossimità,del civico n.,Tamponamento Multiplo,Più di due carreggiate,Bagnato (pioggia),Asfaltata,Orizzontale,Nuvoloso,Normale,Sufficiente,Ore Diurne,0,0,0,3,NA,494
19,06/25/2014 12.45.00,Strada Urbana,all'intersezione con,VIA ANGELO MAI,Scontro frontale/laterale DX fra veicoli in marcia,Una carreggiata a doppio senso,Asciutto,Asfaltata,Verticale ed orizzontale,Sereno,Normale,Buona,Ore Diurne,0,0,0,2,NA,NA