Gruppo,DataOraIncidente,Localizzazione1,Localizzazione2,Strada02,NaturaIncidente,TipoStrada,FondoStradale,Pavimentazione,Segnaletica,CondizioneAtmosferica,Traffico,Visibilita,Illuminazione,NUM_FERITI,NUM_RISERVATA,NUM_MORTI,NUM_ILLESI,DaSpecificare,Chilometrica
12,06/26/2014 20.30.00,Strada Urbana,da specificare,NA,Veicolo in marcia contro ostacolo accidentale,Più di due carreggiate,Asciutto,Asfaltata,Verticale ed orizzontale,Sereno,Scarso,Buona,Ore Diurne,0,0,0,2,laterale in prossimità del civico 432,NA
1,06/26/2014 20.40.00,Strada Urbana,in prossimità,del civico n.,Veicolo in marcia contro veicoli in arresto,Una carreggiata a doppio senso,Asciutto,Asfaltata,Verticale ed orizzontale,Sereno,Normale,Sufficiente,Sufficiente,1,0,0,2,NA,30
2,06/26/2014 20.45.00,Strada Urbana,all'intersezione con,VIA NORVEGIA,Scontro frontale/laterale DX fra veicoli in marcia,Una carreggiata a doppio senso,Asciutto,Asfaltata,Verticale ed orizzontale,Sereno,Scarso,Sufficiente,Sufficiente,2,0,0,2,NA,NA
13,06/26/2014 21.15.00,Strada Urbana,in corrispondenza,del civico n.,Veicolo in marcia contro ostacolo accidentale,Una carreggiata a doppio senso,Asciutto,Asfaltata,Orizzontale,Sereno,Scarso,Buona,Sufficiente,0,0,0,1,NA,41-43
11,06/26/2014 21.40.00,Strada Urbana,in corrispondenza,del civico n.,Scontro frontale/laterale DX fra veicoli in marcia,Una carreggiata a doppio senso,Asciutto,Asfaltata,Verticale ed orizzontale,Sereno,Scarso,Sufficiente,Sufficiente,0,0,0,6,NA,11
20,06/26/2014 22.50.00,Strada Urbana,da specificare,NA,Veicolo in marcia contro veicolo in sosta,Due carreggiate,Asciutto,Asfaltata,Verticale ed orizzontale,Sereno,Intenso,Buona,Sufficiente,2,0,0,0,prossimità Ponte Milvio,NA
5,06/26/2014 23.10.00,Strada Urbana,in corrispondenza,del civico n.,Veicolo in marcia contro veicolo fermo,Due carreggiate,Asciutto,Asfaltata,Orizzontale,Sereno,Normale,Sufficiente,Sufficiente,1,0,0,1,NA,667
1,06/26/2014 23.10.00,Strada Urbana,all'intersezione semaforizzata con,VIA GOITO,Veicolo in marcia contro ostacolo accidentale,Una carreggiata a senso unico di marcia,Viscido da liquidi oleosi,Asfaltata,Verticale ed orizzontale,Sereno,Scarso,Sufficiente,Sufficiente,1,0,0,0,NA,NA
10,06/26/2014 23.30.00,Strada Urbana,all'intersezione con,VIA ASCONIO PEDIANO,Scontro frontale/laterale DX fra veicoli in marcia,Una carreggiata a senso unico di marcia,Asciutto,Asfaltata,Assente,Sereno,Scarso,Sufficiente,Sufficiente,0,0,0,4,NA,NA
23,06/27/2014 00.25.00,Strada Urbana,da specificare,NA,Scontro frontale/laterale SX fra veicoli in marcia,Una carreggiata a senso unico di marcia,Asciutto,Asfaltata,Verticale ed orizzontale,Sereno,Intenso,Sufficiente,Sufficiente,0,0,0,4,sulla piazza,NA
23,06/27/2014 00.30.00,Strada Urbana,all'intersezione semaforizzata con,PIAZZALE MARESCIALLO GIARDINO,Tamponamento,Una carreggiata a doppio senso,Asciutto,Asfaltata,Verticale ed orizzontale,Sereno,Intenso,Sufficiente,Sufficiente,0,0,0,2,NA,NA
17,06/27/2014 00.55.00,Strada Urbana,in corrispondenza,del civico n.,Scontro laterale fra veicoli in marcia,Più di due carreggiate,Asciutto,Asfaltata,Verticale ed orizzontale,Nuvoloso,Normale,Buona,Sufficiente,0,0,0,4,NA,48
20,06/27/2014 01.35.00,NA,da specificare,NA,Veicolo in marcia contro ostacolo fisso,NA,NA,NA,NA,NA,NA,NA,NA,1,0,0,0,prossimità via Brugine,NA
13,06/27/2014 02.00.00,Strada Urbana,in corrispondenza,del civico n.,Veicolo in marcia contro veicoli in sosta,Una carreggiata a senso unico di marcia,Asciutto,Asfaltata,Assente,Sereno,Scarso,Buona,Sufficiente,0,0,0,1,NA,42
2,06/27/2014 02.05.00,Strada Urbana,in prossimità,del civico n.,Scontro laterale fra veicoli in marcia,Una carreggiata a doppio senso,Asciutto,Asfaltata,Verticale ed orizzontale,Sereno,Scarso,Sufficiente,Sufficiente,0,0,0,4,NA,fr 92
1,06/27/2014 02.10.00,Strada Urbana,all'intersezione semaforizzata con,VIA GIOBERTI,Scontro frontale/laterale DX fra veicoli in marcia,Due carreggiate,Asciutto,Asfaltata,Verticale ed orizzontale,Nuvoloso,Scarso,Buona,Sufficiente,1,0,0,2,NA,NA
18,06/27/2014 02.30.00,Strada Urbana,all'intersezione con,VIA PIER DELLE VIGNE,Scontro frontale/laterale SX fra veicoli in marcia,Una carreggiata a doppio senso,Bagnato (pioggia),Asfaltata,Verticale ed orizzontale,Nuvoloso,Scarso,Sufficiente,Sufficiente,0,0,0,4,NA,NA
4,06/27/2014 02.30.00,Statale entro l'abitato,in prossimità,del civico n.,Fuoriuscita dalla sede stradale,Due carreggiate,Asciutto,Asfaltata,Orizzontale,Sereno,Scarso,Buona,Sufficiente,1,0,0,0,NA,713
11,06/27/2014 02.40.00,Strada Urbana,all'intersezione semaforizzata con,LARGO ANGELO FOCHETTI,Scontro frontale/laterale DX fra veicoli in marcia,Più di due carreggiate,Bagnato (umidità in atto),Asfaltata,Verticale ed orizzontale,Nuvoloso,Scarso,Buona,Sufficiente,1,0,0,8,NA,NA
5,06/27/2014 03.10.00,Strada Urbana,all'intersezione con,VIA DI PORTONACCIO,Scontro frontale/laterale SX fra veicoli in marcia,Una carreggiata a doppio senso,Bagnato (pioggia),Asfaltata,Verticale ed orizzontale,Sereno,Scarso,Sufficiente,Sufficiente,8,0,0,0,NA,NA
8,06/27/2014 04.40.00,Strada Urbana,in prossimità,del palo luce n.,Veicolo in marcia contro ostacolo fisso,Una carreggiata a doppio senso,Bagnato (umidità in atto),Asfaltata,Verticale ed orizzontale,Sereno,Scarso,Buona,Sufficiente,0,0,0,2,NA,4
10,06/27/2014 07.30.00,Statale entro l'abitato,in corrispondenza,del palo luce n.,Tamponamento,Una carreggiata a senso unico di marcia,Asciutto,Asfaltata,Verticale ed orizzontale,Sereno,Intenso,Buona,Ore Diurne,1,0,0,1,NA,990
7,06/27/2014 07.45.00,Strada Urbana,in corrispondenza,del civico n.,Veicolo in marcia contro ostacolo fisso,Una carreggiata a senso unico di marcia,Asciutto,Asfaltata,Assente,Sereno,Scarso,Buona,Ore Diurne,0,0,0,1,NA,104
4,06/27/2014 08.00.00,Strada Urbana,all'intersezione semaforizzata con,VIA CAPRAIA,Scontro laterale fra veicoli in marcia,Due carreggiate,Asciutto,Asfaltata,Orizzontale,Sereno,Intenso,Buona,Ore Diurne,1,0,0,2,NA,NA
13,06/27/2014 08.10.00,Strada Urbana,all'intersezione con,VIA DEL MARE,Scontro laterale fra veicoli in marcia,Una carreggiata a senso unico di marcia,Asciutto,Asfaltata,Verticale ed orizzontale,Sereno,Intenso,Buona,Ore Diurne,1,0,0,1,NA,NA
16,06/27/2014 08.10.00,NA,in prossimità,del civico n.,Tamponamento,NA,NA,NA,NA,NA,NA,NA,NA,0,0,0,1,NA,101
12,06/27/2014 08.15.00,Strada Urbana,all'intersezione con,VIA ALVARO DEL PORTILLO,Scontro laterale fra veicoli in marcia,Una carreggiata a senso unico di marcia,Asciutto,Asfaltata,Verticale ed orizzontale,Sereno,Normale,Buona,Ore Diurne,0,0,0,2,NA,NA
15,06/27/2014 08.15.00,Comunale extraurbana,in prossimità,del palo luce n.,Scontro laterale fra veicoli in marcia,Una carreggiata a senso unico di marcia,Asciutto,Asfaltata,Orizzontale,Sereno,Intenso,Buona,Ore Diurne,0,0,0,2,NA,61
10,06/27/2014 08.20.00,Strada Urbana,all'intersezione con,VIALE BRUNO RIZZIERI,Scontro laterale fra veicoli in marcia,Una carreggiata a senso unico di marcia,Asciutto,Asfaltata,Orizzontale,Sereno,Normale,Buona,Ore Diurne,0,0,0,2,NA,NA
11,06/27/2014 08.30.00,Strada Urbana,all'intersezione semaforizzata con,VIA SIMONE MARTINI,Veicolo in marcia contro veicoli in sosta,Più di due carreggiate,Asciutto,Asfaltata,Verticale ed orizzontale,Sereno,Normale,Buona,Ore Diurne,0,0,0,1,NA,NA
16,06/27/2014 08.30.00,NA,in prossimità,del civico n.,Veicolo in marcia contro ostacolo accidentale,NA,NA,NA,NA,NA,NA,NA,NA,0,0,0,4,NA,116
15,06/27/2014 08.30.00,Strada Urbana,da specificare,NA,Veicolo in marcia contro veicoli in sosta,Una carreggiata a senso unico di marcia,Asciutto,Asfaltata,Assente,Sereno,Scarso,Buona,Ore Diurne,0,0,0,1,fronte civico 25,NA
12,06/27/2014 08.40.00,Strada Urbana,da specificare,NA,Tamponamento Multiplo,Due carreggiate,Asciutto,Asfaltata,Verticale ed orizzontale,Sereno,Normale,Buona,Ore Diurne,0,0,0,4,prossimità via della Cecchignola,NA
9,06/27/2014 09.00.00,Strada Urbana,da specificare,NA,Scontro laterale fra veicoli in marcia,Una carreggiata a doppio senso,Asciutto,Asfaltata,Verticale ed orizzontale,Sereno,Normale,Buona,Ore Diurne,0,0,0,2,fronte via pirgo,NA
4,06/27/2014 09.10.00,Provinciale entro l'abitato,all'intersezione con,VIA JACOPO SANNAZZARO,Tamponamento,Una carreggiata a doppio senso,Asciutto,Asfaltata,Orizzontale,Sereno,Normale,Buona,Ore Diurne,0,0,0,2,NA,NA
1,06/27/2014 09.15.00,Strada Urbana,all'intersezione semaforizzata con,VIA DELL'ARA MASSIMA DI ERCOLE,Scontro laterale fra veicoli in marcia,Una carreggiata a senso unico di marcia,Asciutto,Asfaltata,Verticale,Sereno,Normale,Buona,Ore Diurne,1,0,0,1,NA,NA
8,06/27/2014 09.20.00,Strada Urbana,da specificare,NA,Tamponamento,Due carreggiate,Asciutto,Asfaltata,Verticale ed orizzontale,Sereno,Normale,Buona,Ore Diurne,0,0,0,2,altezza via GIGGI PIZZIRANI dir. TOGLIATTI,NA
1,06/27/2014 09.35.00,Strada Urbana,in prossimità,del civico n.,Scontro laterale fra veicoli in marcia,Una carreggiata a senso unico di marcia,Asciutto,Acciotolata,Verticale ed orizzontale,Sereno,Normale,Buona,Ore Diurne,0,0,0,3,NA,72
11,06/27/2014 09.40.00,Strada Urbana,da specificare,NA,Tamponamento,Più di due carreggiate,Asciutto,Asfaltata,Verticale ed orizzontale,Sereno,Normale,Sufficiente,Ore Diurne,0,0,0,3,fronte Largo Fochetti direzione Centro,NA
19,06/27/2014 10.15.00,Strada Urbana,in prossimità,del civico n.,Veicolo in marcia contro veicolo in sosta,Una carreggiata a doppio senso,Asciutto,Asfaltata,Assente,Sereno,Normale,Buona,Ore Diurne,0,0,0,0,NA,32
2,06/27/2014 10.15.00,Strada Urbana,da specificare,NA,Veicolo in marcia contro ostacolo fisso,Una carreggiata a doppio senso,Asciutto,Asfaltata,Orizzontale,Sereno,Normale,Buona,Ore Diurne,1,0,0,0,in prossimità di PIAZZALE DI VILLA GIULIA,NA
12,06/27/2014 10.25.00,Strada Urbana,all'intersezione con,PIAZZALE PIER LUIGI NERVI,Scontro frontale/laterale SX fra veicoli in marcia,Una carreggiata a doppio senso,Asciutto,Asfaltata,Verticale ed orizzontale,Sereno,Normale,Buona,Ore Diurne,0,0,0,2,NA,NA
16,06/27/2014 10.30.00,Strada Urbana,in corrispondenza,del civico n.,Veicolo in marcia contro veicolo in sosta,Più di due carreggiate,Asciutto,Asfaltata,Assente,Sereno,Normale,Buona,Ore Diurne,0,0,0,1,NA,92
16,06/27/2014 10.45.00,NA,all'intersezione semaforizzata con,VIALE AURELIO SAFFI,Scontro frontale/laterale DX fra veicoli in marcia,NA,NA,NA,NA,NA,NA,NA,NA,0,0,0,2,NA,NA
17,06/27/2014 10.45.00,Strada Urbana,da specificare,NA,Tamponamento Multiplo,Una carreggiata a senso unico di marcia,Asciutto,Asfaltata,Verticale ed orizzontale,Sereno,Normale,Buona,Ore Diurne,0,0,0,3,fronte civico 1,NA
19,06/27/2014 11.00.00,Strada Urbana,all'intersezione con,VIA AUGUSTO TEBALDI,Scontro laterale fra veicoli in marcia,Una carreggiata a senso unico di marcia,Asciutto,Asfaltata,Verticale ed orizzontale,Sereno,Normale,Buona,Ore Diurne,1,0,0,3,NA,NA
2,06/27/2014 11.00.00,Strada Urbana,all'intersezione semaforizzata con,VIALE REGINA MARGHERITA,Scontro laterale fra veicoli in marcia,Una carreggiata a doppio senso,Asciutto,Asfaltata,Verticale ed orizzontale,Sereno,Intenso,Buona,Ore Diurne,1,0,0,2,NA,NA
20,06/27/2014 11.00.00,Strada Urbana,da specificare,NA,Veicolo in marcia contro veicolo in sosta,Una carreggiata a senso unico di marcia,Asciutto,Asfaltata,Verticale ed orizzontale,Sereno,Normale,Buona,Ore Diurne,0,0,0,1,pross. via del Nuoto,NA
5,06/27/2014 11.00.00,Strada Urbana,all'intersezione semaforizzata con,VIA DEI DURANTINI,Scontro frontale/laterale SX fra veicoli in marcia,Due carreggiate,Asciutto,Asfaltata,Verticale ed orizzontale,Sereno,Normale,Buona,Ore Diurne,0,0,0,2,NA,NA
8,06/27/2014 11.00.00,Strada Urbana,in prossimità,del civico n.,Scontro laterale fra veicoli in marcia,Una carreggiata a doppio senso,Asciutto,Asfaltata,Verticale ed orizzontale,Sereno,Scarso,Buona,Ore Diurne,0,0,0,3,NA,4
2,06/27/2014 11.40.00,Strada Urbana,all'intersezione con,VIA ATANASIO KIRCHER,Scontro frontale/laterale DX fra veicoli in marcia,Una carreggiata a doppio senso,Asciutto,Asfaltata,Verticale ed orizzontale,Sereno,Normale,Buona,Ore Diurne,1,0,0,1,NA,NA
13,06/27/2014 11.45.00,NA,in corrispondenza,del civico n.,Veicolo in marcia contro ostacolo accidentale,NA,NA,NA,NA,NA,NA,NA,NA,0,0,0,1,NA,30
19,06/27/2014 12.10.00,Strada Urbana,all'intersezione con,VIA DELLA STORTA,Scontro laterale fra veicoli in marcia,Una carreggiata a doppio senso,Asciutto,Asfaltata,Verticale ed orizzontale,Sereno,Normale,Buona,Ore Diurne,0,0,0,2,NA,NA
10,06/27/2014 12.20.00,Strada Urbana,in corrispondenza,del civico n.,Veicolo in marcia contro veicolo fermo,Una carreggiata a doppio senso,Asciutto,Asfaltata,Orizzontale,Sereno,Scarso,Buona,Ore Diurne,0,0,0,2,NA,163
19,06/27/2014 12.20.00,Strada Urbana,in prossimità,della chilometrica,Tamponamento Multiplo,Una carreggiata a senso unico di marcia,Asciutto,Asfaltata,Verticale ed orizzontale,Sereno,Intenso,Buona,Ore Diurne,0,0,0,5,NA,1.3
18,06/27/2014 12.30.00,Strada Urbana,all'intersezione con,PIAZZA PIO XI,Tamponamento,Più di due carreggiate,Bagnato (pioggia),Asfaltata,Verticale ed orizzontale,Sereno,Normale,Buona,Ore Diurne,1,0,0,4,NA,NA
18,06/27/2014 12.30.00,Altra strada,in corrispondenza,del civico n.,Scontro laterale fra veicoli in marcia,Una carreggiata a doppio senso,Asciutto,Asfaltata,Assente,Sereno,Scarso,Buona,Ore Diurne,0,0,0,2,NA,51
16,06/27/2014 12.30.00,Strada Urbana,da specificare,NA,Scontro frontale fra veicoli in marcia,Una carreggiata a doppio senso,Asciutto,Asfaltata,Orizzontale,Sereno,Normale,Buona,Ore Diurne,1,0,0,1,altezza Via Ugo Betti,NA
2,06/27/2014 12.40.00,Strada Urbana,in prossimità,del civico n.,Scontro frontale/laterale SX fra veicoli in marcia,Una carreggiata a doppio senso,Asciutto,Asfaltata,Verticale ed orizzontale,Sereno,Normale,Buona,Ore Diurne,3,0,0,3,NA,fr.7
4,06/27/2014 12.50.00,Strada Urbana,all'intersezione con,VIA VAL DI SANGRO,Scontro frontale/laterale DX fra veicoli in marcia,Una carreggiata a doppio senso,Asciutto,Asfaltata,Verticale ed orizzontale,Sereno,Normale,Buona,Ore Diurne,1,0,0,1,NA,NA
7,06/27/2014 13.05.00,Strada Urbana,all'intersezione con,PIAZZA TEOFRASTO,Scontro frontale/laterale DX fra veicoli in marcia,Una carreggiata a doppio senso,Asciutto,Asfaltata,Verticale ed orizzontale,Sereno,Normale,Buona,Ore Diurne,0,0,0,2,NA,NA
18,06/27/2014 13.15.00,Strada Urbana,da specificare,NA,Scontro laterale fra veicoli in marcia,Due carreggiate,Asciutto,Asfaltata,Verticale ed orizzontale,Sereno,Normale,Buona,Ore Diurne,0,0,0,2,in prossimita' di Piazza Pio XI,NA
6,06/27/2014 13.30.00,Strada Urbana,in corrispondenza,del civico n.,Scontro frontale/laterale SX fra veicoli in marcia,Una carreggiata a doppio senso,Asciutto,Asfaltata,Orizzontale,Sereno,Scarso,Buona,Ore Diurne,1,0,0,1,NA,40
19,06/27/2014 13.45.00,Strada Urbana,da specificare,NA,Tamponamento Multiplo,Una carreggiata a doppio senso,Asciutto,Asfaltata,Orizzontale,Sereno,Intenso,Buona,Ore Diurne,1,0,0,2,"poco prima distrib. ""TE"" direz. fuori Roma",NA
1,06/27/2014 13.50.00,Strada Urbana,all'intersezione con,PIAZZA VENEZIA,Scontro laterale fra veicoli in marcia,Una carreggiata a doppio senso,Asciutto,In cubetti di porfido,Verticale ed orizzontale,Sereno,Normale,Buona,Ore Diurne,0,0,0,3,NA,NA
9,06/27/2014 13.50.00,Strada Urbana,in corrispondenza,del civico n.,Veicolo in marcia contro veicolo in sosta,Una carreggiata a senso unico di marcia,Asciutto,Asfaltata,Orizzontale,Sereno,Scarso,Buona,Ore Diurne,0,0,0,0,NA,1
3,06/27/2014 14.00.00,Strada Urbana,in prossimità,del civico n.,Tamponamento Multiplo,Una carreggiata a senso unico di marcia,Asciutto,Asfaltata,Verticale ed orizzontale,Sereno,Scarso,Buona,Ore Diurne,2,0,0,2,NA,20a
16,06/27/2014 14.00.00,Strada Urbana,in corrispondenza,del civico n.,Scontro frontale/laterale DX fra veicoli in marcia,Due carreggiate,Asciutto,Asfaltata,Orizzontale,Sereno,Normale,Buona,Ore Diurne,0,0,0,2,NA,155
13,06/27/2014 14.10.00,NA,in corrispondenza,del civico n.,Veicolo in marcia contro ostacolo accidentale,NA,NA,NA,NA,NA,NA,NA,NA,0,0,0,1,NA,57
7,06/27/2014 14.30.00,Strada Urbana,all'intersezione con,VIA LORENZO DELLEANI,Scontro frontale/laterale DX fra veicoli in marcia,Una carreggiata a senso unico di marcia,Asciutto,Asfaltata,Verticale ed orizzontale,Sereno,Scarso,Buona,Ore Diurne,2,0,0,1,NA,NA
23,06/27/2014 14.45.00,Comunale extraurbana,all'intersezione semaforizzata con,VIA DEL LIDO DI CASTELPORZIANO,Scontro frontale/laterale DX fra veicoli in marcia,Più di due carreggiate,Asciutto,Asfaltata,Verticale ed orizzontale,Sereno,Normale,Buona,Ore Diurne,3,0,0,1,NA,NA
7,06/27/2014 14.50.00,Strada Urbana,all'intersezione con,VIA LUIGI ALAMANNI,Scontro frontale/laterale SX fra veicoli in marcia,Una carreggiata a doppio senso,Asciutto,Asfaltata,Orizzontale,Sereno,Scarso,Buona,Ore Diurne,1,0,0,1,NA,NA
18,06/27/2014 15.10.00,Strada Urbana,in corrispondenza,del civico n.,Scontro frontale/laterale DX fra veicoli in marcia,Una carreggiata a doppio senso,Asciutto,Asfaltata,Verticale,Sereno,Scarso,Buona,Ore Diurne,1,0,0,1,NA,96
17,06/27/2014 15.15.00,Strada Urbana,da specificare,NA,Veicolo in marcia contro veicolo fermo,Una carreggiata a doppio senso,Asciutto,Asfaltata,Verticale ed orizzontale,Sereno,Scarso,Buona,Ore Diurne,1,0,0,1,fronte civ. 104,NA
8,06/27/2014 15.15.00,Strada Urbana,all'intersezione con,VIA GIOVANNA GAZZONI,Scontro laterale fra veicoli in marcia,Una carreggiata a senso unico di marcia,Asciutto,Asfaltata,Verticale,Sereno,Normale,Buona,Ore Diurne,0,0,0,5,NA,NA
20,06/27/2014 15.25.00,Strada Urbana,in corrispondenza,del civico n.,Veicolo in marcia contro ostacolo fisso,Due carreggiate,Asciutto,Asfaltata,Verticale ed orizzontale,Sereno,Normale,Buona,Ore Diurne,0,0,0,1,NA,119
7,06/27/2014 15.30.00,Strada Urbana,all'intersezione con,VIA NAIDE,Scontro frontale/laterale DX fra veicoli in marcia,Una carreggiata a doppio senso,Asciutto,Asfaltata,Verticale ed orizzontale,Sereno,Normale,Buona,Ore Diurne,3,0,0,1,NA,NA
20,06/27/2014 15.45.00,Statale entro l'abitato,all'intersezione con,VIA RICCARDO MORBELLI,Scontro laterale fra veicoli in marcia,Una carreggiata a senso unico di marcia,Asciutto,Asfaltata,Verticale,Sereno,Normale,Buona,Ore Diurne,2,0,0,2,NA,NA
10,06/27/2014 16.05.00,Strada Urbana,in prossimità,del civico n.,Scontro laterale fra veicoli in marcia,Una carreggiata a doppio senso,Asciutto,Asfaltata,Verticale ed orizzontale,Sereno,Normale,Buona,Ore Diurne,0,0,0,2,NA,140
17,06/27/2014 16.35.00,Strada Urbana,all'intersezione semaforizzata con,VIA SABOTINO,Scontro frontale/laterale DX fra veicoli in marcia,Più di due carreggiate,Asciutto,Asfaltata,Verticale ed orizzontale,Sereno,Normale,Buona,Ore Diurne,0,0,0,2,NA,NA
1,06/27/2014 16.45.00,Strada Urbana,in prossimità,del civico n.,Scontro laterale fra veicoli in marcia,Una carreggiata a doppio senso,Asciutto,In cubetti di porfido,Verticale ed orizzontale,Sereno,Intenso,Buona,Ore Diurne,1,0,0,1,NA,92
1,06/27/2014 16.45.00,Strada Urbana,all'intersezione con,VIA DOMENICO FONTANA,Tamponamento,Una carreggiata a doppio senso,Asciutto,Asfaltata,Verticale ed orizzontale,Sereno,Normale,Buona,Ore Diurne,1,0,0,2,NA,NA
2,06/27/2014 17.00.00,Strada Urbana,all'intersezione con,VIA LARIANA,Scontro frontale/laterale SX fra veicoli in marcia,Due carreggiate,Asciutto,Asfaltata,Verticale ed orizzontale,Sereno,Normale,Buona,Ore Diurne,2,0,0,0,NA,NA
17,06/27/2014 17.00.00,Strada Urbana,in prossimità,del civico n.,Veicolo in marcia contro ostacolo accidentale,Due carreggiate,Asciutto,Asfaltata,Verticale ed orizzontale,Sereno,Normale,Buona,Ore Diurne,0,0,0,1,NA,1
8,06/27/2014 17.00.00,Strada Urbana,da specificare,NA,Veicolo in marcia contro veicolo in sosta,Una carreggiata a doppio senso,Asciutto,Asfaltata,Verticale ed orizzontale,Sereno,Scarso,Buona,Ore Diurne,0,0,0,2,alt. Torre 6 entrata reparto ematologia PTV ex P.S,NA
11,06/27/2014 17.00.00,Strada Urbana,all'intersezione con,VIALE DEL CAMPO BOARIO,Scontro frontale/laterale DX fra veicoli in marcia,Una carreggiata a doppio senso,Asciutto,Asfaltata,Verticale ed orizzontale,Sereno,Normale,Buona,Ore Diurne,0,0,0,2,NA,NA
5,06/27/2014 17.10.00,Strada Urbana,all'intersezione semaforizzata con,VIA GIUSEPPE SEGUENZA,Scontro laterale fra veicoli in marcia,Due carreggiate,Asciutto,Asfaltata,Verticale ed orizzontale,Sereno,Normale,Buona,Ore Diurne,2,0,0,2,NA,NA
6,06/27/2014 17.15.00,Strada Urbana,all'intersezione con,VIA DI CENTOCELLE,Scontro frontale/laterale DX fra veicoli in marcia,Più di due carreggiate,Asciutto,Asfaltata,Verticale ed orizzontale,Sereno,Normale,Buona,Ore Diurne,1,0,0,3,NA,NA
9,06/27/2014 17.15.00,Strada Urbana,in corrispondenza,del civico n.,Scontro frontale/laterale SX fra veicoli in marcia,Una carreggiata a senso unico di marcia,Asciutto,Asfaltata,Verticale ed orizzontale,Sereno,Scarso,Buona,Ore Diurne,0,0,0,2,NA,1
12,06/27/2014 17.30.00,Strada Urbana,in prossimità,del civico n.,Scontro frontale/laterale SX fra veicoli in marcia,Due carreggiate,Asciutto,Asfaltata,Verticale ed orizzontale,Sereno,Normale,Buona,Ore Diurne,0,0,0,2,NA,"13,300"
7,06/27/2014 17.35.00,Strada Urbana,da specificare,NA,Scontro laterale fra veicoli in marcia,Una carreggiata a senso unico di marcia,Asciutto,Asfaltata,Verticale ed orizzontale,Sereno,Normale,Buona,Ore Diurne,0,0,0,2,in prossimità di VIA PRENESTINA,NA
2,06/27/2014 18.00.00,Strada Urbana,in corrispondenza,del civico n.,Veicolo in marcia contro veicolo in sosta,Una carreggiata a senso unico di marcia,Asciutto,Asfaltata,Verticale ed orizzontale,Sereno,Scarso,Buona,Ore Diurne,1,0,0,0,NA,15
2,06/27/2014 18.00.00,Strada Urbana,in prossimità,del civico n.,Scontro laterale fra veicoli in marcia,Una carreggiata a doppio senso,Asciutto,Asfaltata,Verticale ed orizzontale,Sereno,Intenso,Buona,Ore Diurne,1,0,0,2,NA,34
11,06/27/2014 18.15.00,Strada Urbana,all'intersezione con,VIA GALBA,Scontro laterale fra veicoli in marcia,Due carreggiate,Asciutto,Asfaltata,Verticale ed orizzontale,Sereno,Normale,Buona,Ore Diurne,0,0,0,3,NA,NA
10,06/27/2014 18.15.00,Strada Urbana,all'intersezione con,VIA LUCIO SESTIO,Scontro frontale/laterale SX fra veicoli in marcia,Una carreggiata a senso unico di marcia,Asciutto,Asfaltata,Verticale,Sereno,Normale,Buona,Ore Diurne,1,0,0,2,NA,NA
13,06/27/2014 18.20.00,Strada Urbana,in prossimità,del civico n.,Scontro frontale/laterale SX fra veicoli in marcia,Una carreggiata a doppio senso,Asciutto,Asfaltata,Assente,Sereno,Normale,Buona,Ore Diurne,1,0,0,1,NA,120
19,06/27/2014 18.40.00,Strada Urbana,in prossimità,del civico n.,Scontro laterale fra veicoli in marcia,Una carreggiata a doppio senso,Asciutto,Sterrata,Assente,Sereno,Scarso,Buona,Ore Diurne,1,0,0,2,NA,f.c. 460
2,06/27/2014 19.00.00,Strada Urbana,in prossimità,del civico n.,Scontro frontale/laterale SX fra veicoli in marcia,Una carreggiata a senso unico di marcia,Asciutto,Asfaltata,Verticale ed orizzontale,Sereno,Normale,Buona,Ore Diurne,0,0,0,3,NA,181
20,06/27/2014 19.00.00,NA,da specificare,NA,Fuoriuscita dalla sede stradale,NA,NA,NA,NA,NA,NA,NA,NA,1,0,0,0,pross. fronte civico 2190,NA
13,06/27/2014 19.10.00,Strada Urbana,all'intersezione semaforizzata con,VIA SENOFANE,Scontro laterale fra veicoli in marcia,Una carreggiata a doppio senso,Asciutto,Asfaltata,Verticale ed orizzontale,Sereno,Normale,Buona,Ore Diurne,1,0,0,1,NA,NA
1,06/27/2014 19.10.00,Strada Urbana,in prossimità,del civico n.,Tamponamento,Una carreggiata a senso unico di marcia,Asciutto,Asfaltata,Verticale ed orizzontale,Sereno,Intenso,Buona,Ore Diurne,0,0,0,3,NA,83
8,06/27/2014 19.15.00,Strada Urbana,in prossimità,del civico n.,Tamponamento,Una carreggiata a doppio senso,Asciutto,Asfaltata,Verticale ed orizzontale,Sereno,Normale,Buona,Ore Diurne,1,0,0,1,NA,190
4,06/27/2014 19.20.00,Strada Urbana,in prossimità,del civico n.,Veicolo in marcia contro veicoli in sosta,Una carreggiata a doppio senso,Asciutto,Asfaltata,Assente,Sereno,Normale,Buona,Ore Diurne,1,0,0,1,NA,40
15,06/27/2014 19.35.00,Strada Urbana,in corrispondenza,del palo luce n.,Tamponamento Multiplo,Una carreggiata a doppio senso,Asciutto,Asfaltata,Verticale ed orizzontale,Sereno,Intenso,Buona,Ore Diurne,1,0,0,5,NA,292
5,06/27/2014 19.40.00,Strada Urbana,da specificare,NA,Scontro laterale fra veicoli in marcia,Due carreggiate,Asciutto,Asfaltata,Orizzontale,Sereno,Normale,Buona,Ore Diurne,0,0,0,2,uscita centrale del latte dir. Nomentana,NA
13,06/27/2014 20.05.00,Strada Urbana,in corrispondenza,del civico n.,Investimento di pedone,Due carreggiate,Asciutto,Asfaltata,Verticale ed orizzontale,Sereno,Normale,Buona,Ore Diurne,1,0,0,3,NA,110